Name,Price,URL,Image,Condition,Car Make,Model,Trim,Year,Kilometers,Body Type,Number of Seats,Fuel,Transmission,Engine Size (cc),Exterior Color,Interior Color,Regional Specs,Car License,Insurance,Body Condition,Paint,Payment Method,City,Neighborhood,Category,Subcategory,Interior Options,Exterior Options,Technology Options,VIN Number
نيسان باثفندر platenum 2023,"10,800 OMR",https://om.opensooq.com/en/search/285112106,https://opensooq-images.os-cdn.com/previews/2048x0/ab/8c/ab8cebd2bc0d5ee239913764fec278fa89e366620a7bcdfe6eaa7841186f3d57.jpg,Used,Nissan,Pathfinder,XE,2023,59000,SUV,,Gasoline,,,,,American Specs,,,,,,Muscat,Al-Hail,Autos,Cars For Sale,,,,
Infiniti Sport Q60 3.0tt انفينتي سبورت,"4,100 OMR",https://om.opensooq.com/en/search/285108862,https://opensooq-images.os-cdn.com/previews/2048x0/65/1c/651c778ba0be6d35d0afef78f5b5db17433f2b9ab6592816697bafad8b7836c8.jpg,Used,Infiniti,Q60,Luxe,2017,160000,Coupe,,Gasoline,,,,,American Specs,,,,,,Muscat,Seeb,Autos,Cars For Sale,,,,
ياريس 2010 للبيع,"1,000 OMR",https://om.opensooq.com/en/search/285105862,https://opensooq-images.os-cdn.com/previews/2048x0/82/bf/82bfb68ff620013808eb14cb7783997708d8e94239c4a8e7e9be5d2e84ff0ea5.jpg,Used,Toyota,Yaris,E,2010,400000,Sedan,,Gasoline,,,,,GCC Specs,,,,,,Al Sharqiya,Sinaw,Autos,Cars For Sale,,,,
Mitsubishi Outlander GCC Specs AWD 2015 Model. Expat driven car in excellent running condition.,"3,300 OMR",https://om.opensooq.com/en/search/285048600,https://opensooq-images.os-cdn.com/previews/2048x0/df/be/dfbe1b8e0a999e7efe535970ddd37e6d0aa491103302a18c4a3203206564c07f.jpg,Used,Mitsubishi,Outlander,Standard,2015,164000,SUV,,Gasoline,,,,,GCC Specs,,,,,,Al Batinah,Sohar,Autos,Cars For Sale,,,,
لكزس GS 400 وارد موديل 2000,950 OMR,https://om.opensooq.com/en/search/285122292,https://opensooq-images.os-cdn.com/previews/2048x0/82/e1/82e1096bdf1881c134152b1ce33dc6f7f12cf0dcea8c9423abb322236cf6e990.jpg,Used,Lexus,GS,GS 400,2000,300000,Sedan,,Gasoline,,,,,American Specs,,,,,,Al Batinah,Sohar,Autos,Cars For Sale,,,,
ميستوبيشي لانسر نظيفه,700 OMR,https://om.opensooq.com/en/search/285121918,https://opensooq-images.os-cdn.com/previews/2048x0/f1/8c/f18c1b5d9b2d7409e69ec1c16bd54a93272d8aae87bb739278bd6883d27895c5.jpg,Used,Mitsubishi,Lancer,GLX,2008,360144,Sedan,,Gasoline,,,,,GCC Specs,,,,,,Al Batinah,Suwaiq,Autos,Cars For Sale,,,,
تيدا 2011 قوه المحرك 1800,"1,150 OMR",https://om.opensooq.com/en/search/285121210,https://opensooq-images.os-cdn.com/previews/2048x0/1e/26/1e2647eed913301ed513b1559d683517202a9b3c3fc79693524082e5f261c1a0.jpg,Used,Nissan,Tiida,,2011,35000,SUV,,Gasoline,,,,,American Specs,,,,,,Al Batinah,Sohar,Autos,Cars For Sale,,,,
تيدا  قوه المحرك 1800 اموره طيبه تم استبدال الإطارات و بعض القطع الاستهلاكية,"1,150 OMR",https://om.opensooq.com/en/search/285119910,https://opensooq-images.os-cdn.com/previews/2048x0/1e/26/1e2647eed913301ed513b1559d683517202a9b3c3fc79693524082e5f261c1a0.jpg,Used,Nissan,Tiida,,2011,30000,HatchBack,,Gasoline,,,,,American Specs,,,,,,Al Batinah,Sohar,Autos,Cars For Sale,,,,
مرسيدس CL500 كوبي جميل ونادر,"2,500 OMR",https://om.opensooq.com/en/search/285119926,https://opensooq-images.os-cdn.com/previews/2048x0/a9/47/a947b8b65c1abefd9fd15ea7603c4260f7acf4270f5da6efbe7f596e00a62afc.jpg,Used,Mercedes Benz,CL-Class,CL 500,2004,300000,Coupe,,Gasoline,,,,,Japanese Specs,,,,,,Muscat,Amerat,Autos,Cars For Sale,,,,
للبيع كيا كرنفال شوف الوصف,"5,000 OMR",https://om.opensooq.com/en/search/285119746,https://opensooq-images.os-cdn.com/previews/2048x0/86/44/86442744f04a03d0b56ea1191b345261d7e31ced0d804d2964df6d558f45d449.jpg,Used,Kia,Carnival,EX,2019,141000,,,Gasoline,,,,,GCC Specs,,,,,,Muscat,Ansab,Autos,Cars For Sale,,,,
Audi A7 2015 (GCC),"4,200 OMR",https://om.opensooq.com/en/search/285119760,https://opensooq-images.os-cdn.com/previews/2048x0/8c/0c/8c0c8cfa1986f9b657a40749d0091dd2081258506758fb4649ce383f56b0c21c.jpg,Used,Audi,A7,A7 Sportback,2015,177000,Sedan,,Gasoline,,,,,GCC Specs,,,,,,Muscat,Al Mawaleh,Autos,Cars For Sale,,,,
جمس سييرا 2016 sle,"6,300 OMR",https://om.opensooq.com/en/search/285118118,https://opensooq-images.os-cdn.com/previews/2048x0/c5/0e/c50e62fcc61680ca897fc740135c59a213d844c6de0e56fea3059c042ab2dc86.jpg,Used,GMC,Sierra,"1,500 SLE",2016,280000,PickUp,,Gasoline,,,,,GCC Specs,,,,,,Al Batinah,Al Masnaah,Autos,Cars For Sale,,,,
نيسان فتك سوبر سفاري موديل 2007,"4,800 OMR",https://om.opensooq.com/en/search/285117244,https://opensooq-images.os-cdn.com/previews/2048x0/5d/f9/5df9d93a6e70474948f302a0f94487f2876dc8bd727ef3e351926bcac24849d2.jpg,Used,Nissan,Patrol,Safari,2007,290000,SUV,,Gasoline,,,,,GCC Specs,,,,,,Muscat,Al Maabilah,Autos,Cars For Sale,,,,
النترا مديل 2012,"1,290 OMR",https://om.opensooq.com/en/search/285117086,https://opensooq-images.os-cdn.com/previews/2048x0/70/d1/70d16186f60ac202f3402ea87d5e4205ca85bd989ce6dbb0f07df391d81deb87.jpg,Used,Hyundai,Accent,GLS,2012,2000,Sedan,,Gasoline,,,,,American Specs,,,,,,Muscat,Ruwi,Autos,Cars For Sale,,,,
Vip car buy and drive,850 OMR,https://om.opensooq.com/en/search/285117088,https://opensooq-images.os-cdn.com/previews/2048x0/ba/f0/baf0efb3ca2c3757cffaeb3d83accf813f1c797f96aee5d5f03221b5504f28ec.jpg,Used,Kia,Oprius,Standard,2006,300000,Sedan,,Gasoline,,,,,GCC Specs,,,,,,Muscat,Muttrah,Autos,Cars For Sale,,,,
بيمة عام كامل الي شهر 7/ 2027,"1,200 OMR",https://om.opensooq.com/en/search/285116726,https://opensooq-images.os-cdn.com/previews/2048x0/45/2d/452d6d32b484072c2bb781a6e4a4d4b50a83ac32349bf8d9427cdbe37ad49cb3.jpg,Used,Hyundai,Elantra,GL,2010,400000,Sedan,,Gasoline,,,,,GCC Specs,,,,,,Al Dakhiliya,Nizwa,Autos,Cars For Sale,,,,
لكزس اي س 200............,"5,000 OMR",https://om.opensooq.com/en/search/285116750,https://opensooq-images.os-cdn.com/previews/2048x0/4e/b2/4eb266c36b6f2ad0abf5306ac01d0fb5704ea1c14c7086ea5d4c4e6ea17e7122.jpg,Used,Lexus,IS,IS 200,2016,100000,Sedan,,Gasoline,,,,,American Specs,,,,,,Muscat,Al Khoud,Autos,Cars For Sale,,,,
تسلا للبيع,"9,300 OMR",https://om.opensooq.com/en/search/285116854,https://opensooq-images.os-cdn.com/previews/2048x0/5b/b1/5bb1b86c25b8f87ece41c4a9a32565085aadebeb6e62a46e200157d1b6a472d4.jpg,Used,Tesla,Model Y,Long Range,2023,100000,SUV,,Electric,,,,,American Specs,,,,,,Muscat,Ansab,Autos,Cars For Sale,,,,
بيع سياراة اللنترا,"1,290 OMR",https://om.opensooq.com/en/search/285056244,https://opensooq-images.os-cdn.com/previews/2048x0/26/a3/26a3339ce9ff14d7cb4848029e1ded6dbc99602ae7d86072cf1a8f3908c7b8e0.jpg,Used,Hyundai,Elantra,GLS,2012,2000,Sedan,,Gasoline,,,,,American Specs,,,,,,Muscat,Ruwi,Autos,Cars For Sale,,,,
لاند كروزر 2007,"7,500 OMR",https://om.opensooq.com/en/search/285116630,https://opensooq-images.os-cdn.com/previews/2048x0/d3/b4/d3b49a7f9dbd9783a53587e0f776871199ed55289e1eb0910d1004156d5c341c.jpg,Used,Toyota,Land Cruiser,GX,2007,120000,SUV,,Gasoline,,,,,GCC Specs,,,,,,Muscat,Al-Wuttayah,Autos,Cars For Sale,,,,
كامري موديل 2012,"2,400 OMR",https://om.opensooq.com/en/search/284822160,https://opensooq-images.os-cdn.com/previews/2048x0/99/e4/99e45a11742d64f340324dac7e4b9579627762e2597393f33370fb772e8f4b42.jpg,Used,Toyota,Camry,XLE,2012,400000,Sedan,,Gasoline,,,,,GCC Specs,,,,,,Muscat,Amerat,Autos,Cars For Sale,,,,
للبيع دودج درانجو موديل 2014 خليجي لميتد,"3,700 OMR",https://om.opensooq.com/en/search/285116038,https://opensooq-images.os-cdn.com/previews/2048x0/9b/5c/9b5c4c972f5711c0eed5a34b0750906b8997fad93e3673bd16382c5ad6293f1a.jpg,Used,Dodge,Durango,Limited,2014,253000,SUV,,Gasoline,,,,,GCC Specs,,,,,,Dhofar,Salala,Autos,Cars For Sale,,,,
Montero sport Black edition 2019,"7,900 OMR",https://om.opensooq.com/en/search/285115904,https://opensooq-images.os-cdn.com/previews/2048x0/b2/09/b2099e4c2fe76eb4ba30c8838f18558b1b0cd08c747c81c5e180e5c0b812361a.jpg,Used,Mitsubishi,Montero Sport,GLS,2019,140000,SUV,,Gasoline,,,,,GCC Specs,,,,,,Muscat,Ruwi,Autos,Cars For Sale,,,,
لكزس الدفع الرباعي ال اكس 470,"4,100 OMR",https://om.opensooq.com/en/search/285115810,https://opensooq-images.os-cdn.com/previews/2048x0/56/ba/56bab2c84dcd6c0da3f854754dc48004a89e1f02dbfc79394864ee28fd17a044.jpg,Used,Lexus,LX,LX 470,2006,250000,Sedan,,Gasoline,,,,,GCC Specs,,,,,,Muscat,Amerat,Autos,Cars For Sale,,,,
البيع تيدا 2011,"1,000 OMR",https://om.opensooq.com/en/search/285115520,https://opensooq-images.os-cdn.com/previews/2048x0/9d/8e/9d8ea91e942163bfdb57e5514bdf2d4bc5e84e81d3becf63bc45dd74c6fead90.jpg,Used,Nissan,Tiida,,2011,2000,Sedan,,Gasoline,,,,,European Specs,,,,,,Al Batinah,Sohar,Autos,Cars For Sale,,,,
رينولت سافران 2012 للبيع,850 OMR,https://om.opensooq.com/en/search/285115430,https://opensooq-images.os-cdn.com/previews/2048x0/cd/a2/cda2c310e02b9bb4b039781593350011a67c0f7a1f7c7fc3c577a3c5cc07b412.jpg,Used,Renault,Safrane,SE,2012,320000,Sedan,,Gasoline,,,,,GCC Specs,,,,,,Al Dakhiliya,Nizwa,Autos,Cars For Sale,,,,
نيسان باثفايندر فئة ( روك كريك ) 2023 اوفرود,"9,800 OMR",https://om.opensooq.com/en/search/285114526,https://opensooq-images.os-cdn.com/previews/2048x0/f0/db/f0db2d94caa3f956629495864e19a111b4ddbc8621a3c50c56c4a4b8a4e4c819.jpg,Used,Nissan,Pathfinder,Standard,2023,40000,SUV,,Gasoline,,,,,American Specs,,,,,,Muscat,Al Maabilah,Autos,Cars For Sale,,,,
كامري 2015,"2,900 OMR",https://om.opensooq.com/en/search/285114916,https://opensooq-images.os-cdn.com/previews/2048x0/65/64/65645ef057453300a8c197f4025a077005bb04de714a9cc451370d8e362f3ee0.jpg,Used,Toyota,Camry,XLE,2015,219000,SUV,,Gasoline,,,,,American Specs,,,,,,Muscat,Amerat,Autos,Cars For Sale,,,,
لكزس is 300 f sport,"6,300 OMR",https://om.opensooq.com/en/search/284951414,https://opensooq-images.os-cdn.com/previews/2048x0/b2/d0/b2d066f140e15edcfca13c04a6aa790e2f4a469e796cc80f710284c183101fba.jpg,Used,Lexus,IS,IS 300 Sport,2020,120000,Sedan,,Gasoline,,,,,American Specs,,,,,,Al Batinah,Suwaiq,Autos,Cars For Sale,,,,
هوندا سيفيك 2016 – وكالة عُمان,"3,000 OMR",https://om.opensooq.com/en/search/285113660,https://opensooq-images.os-cdn.com/previews/2048x0/c4/bb/c4bb6d04d7e37aeb3d43260e568f70516a4f1bf495e86f69e1fd2e138354c665.jpg,Used,Honda,Civic,EX,2016,300000,Sedan,,Gasoline,,,,,GCC Specs,,,,,,Muscat,Al Khoud,Autos,Cars For Sale,,,,
للبيع مرسدس ازرق AMG فول مواصفات مفتاحين,"13,800 OMR",https://om.opensooq.com/en/search/285114190,https://opensooq-images.os-cdn.com/previews/2048x0/40/0b/400b1b4b21aed0dfac95e3fdac621a941ee56ff6cc964e0ce3b8cc35990edf95.jpg,Used,Mercedes Benz,E-Class,E 350,2023,80000,Sedan,,Gasoline,,,,,European Specs,,,,,,Al Dakhiliya,Nizwa,Autos,Cars For Sale,,,,
عاجل للبيع مرسيدس E200 اقتصادي جدا واستخدام سفارة سابقا,"2,300 OMR",https://om.opensooq.com/en/search/285114118,https://opensooq-images.os-cdn.com/previews/2048x0/8a/44/8a44e2a510a3007eba39c430e69affa48eef4223698c359cfc0661bd8060fb50.jpg,Used,Mercedes Benz,E-Class,E 200,2012,260000,Sedan,,Gasoline,,,,,GCC Specs,,,,,,Muscat,Other,Autos,Cars For Sale,,,,
"mazda2 2017 model for sale, car is in excellent condtiotion total genuine and without any accident.","1,800 OMR",https://om.opensooq.com/en/search/285113820,https://opensooq-images.os-cdn.com/previews/2048x0/91/8d/918d025d885c605f0699671a4ab6862bc0fc313dab3603737b13ef02da87639c.jpg,Used,Mazda,2,Sport,2017,120000,Sedan,,Gasoline,,,,,GCC Specs,,,,,,Muscat,Al Khuwair,Autos,Cars For Sale,,,,
عاجل اقل من سعر السوق مرسيدس E200  اقتصادي جدا استخدام سفارة سابقا,"2,300 OMR",https://om.opensooq.com/en/search/285113930,https://opensooq-images.os-cdn.com/previews/2048x0/8a/44/8a44e2a510a3007eba39c430e69affa48eef4223698c359cfc0661bd8060fb50.jpg,Used,Mercedes Benz,E-Class,E 200,2012,240000,Sedan,,Gasoline,,,,,GCC Specs,,,,,,Muscat,Other,Autos,Cars For Sale,,,,
سوناتا 2011,950 OMR,https://om.opensooq.com/en/search/285084834,https://opensooq-images.os-cdn.com/previews/2048x0/7a/8c/7a8c9cd1efcaa509cd2da5f2c1bbdd8ee5340f16e293f99f9af1b96be972815e.jpg,Used,Hyundai,Sonata,GL,2011,298000,Sedan,,Gasoline,,,,,GCC Specs,,,,,,Muscat,Al Maabilah,Autos,Cars For Sale,,,,
نيسان التيما 2020 للبيع,"4,000 OMR",https://om.opensooq.com/en/search/284797230,https://opensooq-images.os-cdn.com/previews/2048x0/93/7b/937bf0c4e1a772f5dac71f916ad3fbea25ff6e9e506a61601b587d1e68386f32.jpg,Used,Nissan,Altima,S,2020,148000,Sedan,,Gasoline,,,,,American Specs,,,,,,Al Dakhiliya,Nizwa,Autos,Cars For Sale,,,,
فرصة جيمني 2025 قمة في التجهيزات,"10,000 OMR",https://om.opensooq.com/en/search/285113574,https://opensooq-images.os-cdn.com/previews/2048x0/8a/6e/8a6e13551bb1232a4def11a2f872690f431a7e68bdad2f6741d4dbfdb94a39bb.jpg,Used,Suzuki,Jimny,GLX AT,2025,32000,SUV,,Gasoline,,,,,GCC Specs,,,,,,Muscat,Al Mawaleh,Autos,Cars For Sale,,,,
تويوتا كورولا  موديل 2021,"4,200 OMR",https://om.opensooq.com/en/search/285113308,https://opensooq-images.os-cdn.com/previews/2048x0/29/11/2911bb9cbb9812bd0a4e89565b44f11c4821abb8f6510e62c56e8a64b1a308a8.jpg,Used,Toyota,Corolla,LE,2021,69000,Sedan,,Gasoline,,,,,American Specs,,,,,,Muscat,Seeb,Autos,Cars For Sale,,,,
BMW 2024x5 للبيع,"20,000 OMR",https://om.opensooq.com/en/search/285113166,https://opensooq-images.os-cdn.com/previews/2048x0/d1/f5/d1f57b2bf3d34c10997b90d0d9399934ef83cfb1210d23593b8f95467ab7700d.jpg,Used,BMW,X5 Series,X5 xDrive40i,2024,7000,SUV,,Gasoline,,,,,American Specs,,,,,,Muscat,Seeb,Autos,Cars For Sale,,,,
Urgent Sale Expat Leaving Chevrolet Aveo 2019,"1,100 OMR",https://om.opensooq.com/en/search/285113138,https://opensooq-images.os-cdn.com/previews/2048x0/36/82/3682e5aec2a0f7cf45d110be6b26805c294ba248c49bd41072f870e5c280afe5.jpg,Used,Chevrolet,Aveo,Base,2019,128000,Sedan,,Gasoline,,,,,GCC Specs,,,,,,Muscat,Al Khuwair,Autos,Cars For Sale,,,,
تويوتا افلون خليجي SE+ عنابي وداخل جلد بيج فل مواصفات بحالة الوكالة,"8,900 OMR",https://om.opensooq.com/en/search/285112986,https://opensooq-images.os-cdn.com/previews/2048x0/86/8b/868ba6747d4ad626661c984f8d06305aa9603836c15aa85fccf9cfd0a071a8fa.jpg,Used,Toyota,Avalon,SE Plus,2019,125000,Sedan,,Gasoline,,,,,GCC Specs,,,,,,Muscat,Azaiba,Autos,Cars For Sale,,,,
سنتافي وكالة عمان بحالة الوكالة,"2,100 OMR",https://om.opensooq.com/en/search/285112288,https://opensooq-images.os-cdn.com/previews/2048x0/05/3e/053ed613554d5f5a3ed0c99f01c4aa2b9c9f2c2c3db11f66432afd7a68c2ab7e.jpg,Used,Hyundai,Santa Fe,Limited,2012,197000,SUV,,Gasoline,,,,,GCC Specs,,,,,,Al Dakhiliya,Bidbid,Autos,Cars For Sale,,,,
برادو بحاله الوكاله  الموقع مسقط,"5,700 OMR",https://om.opensooq.com/en/search/284726144,https://opensooq-images.os-cdn.com/previews/2048x0/26/5b/265b527f687a56c76bfd68ed64b4cb9ccb39629287a460fa74c81b047f38a184.jpg,Used,Toyota,Prado,VXR,2010,20080,SUV,,Gasoline,,,,,GCC Specs,,,,,,Muscat,Seeb,Autos,Cars For Sale,,,,
دودج تشارجر R/T وايد بودي 2018,"4,300 OMR",https://om.opensooq.com/en/search/285112160,https://opensooq-images.os-cdn.com/previews/2048x0/a5/cc/a5ccde0e90117eedb446ef207f107acf681e2f51e62630c5dfc93e9ef8f8fe66.jpg,Used,Dodge,Charger,R/T,2018,214000,Sedan,,Gasoline,,,,,American Specs,,,,,,Muscat,Al Mawaleh,Autos,Cars For Sale,,,,
السياره نضيفه بشكل عام ممتازه جدآ بدون اعطال,"1,100 OMR",https://om.opensooq.com/en/search/285111984,https://opensooq-images.os-cdn.com/previews/2048x0/3d/29/3d297f942f6894c64e2f867c76df568ca9c9963dd9c66b78fc3d8df95f4156dd.jpg,Used,Mitsubishi,Pajero,GLS,2007,300000,SUV,,Gasoline,,,,,GCC Specs,,,,,,Muscat,Seeb,Autos,Cars For Sale,,,,
لكسزس isFsprt,"4,800 OMR",https://om.opensooq.com/en/search/285111976,https://opensooq-images.os-cdn.com/previews/2048x0/46/7e/467eb6d2dee552c6aecee9f306ca53bc3f8eec519abd4d982d3078dd49c8ebfc.jpg,Used,Lexus,IS,IS 250,2014,240000,Sedan,,Gasoline,,,,,Japanese Specs,,,,,,Muscat,Seeb,Autos,Cars For Sale,,,,
Toyota Prado 2014  - 4 Cylinder - Low mileage 67000,"7,700 OMR",https://om.opensooq.com/en/search/285111704,https://opensooq-images.os-cdn.com/previews/2048x0/00/43/004385fcf59b05bfae17b9cf0bbeb9094b5b6cce6ce0193dc3d71016f45c1cae.jpg,Used,Toyota,Prado,GXR,2014,67000,SUV,,Gasoline,,,,,GCC Specs,,,,,,Muscat,Al Khuwair,Autos,Cars For Sale,,,,
افلون للبيع,"1,500 OMR",https://om.opensooq.com/en/search/285111728,https://opensooq-images.os-cdn.com/previews/2048x0/6c/15/6c15915fdabd476401ab1575381a9170a46e2633df6d59b355498b993bf750b0.jpg,Used,Other,Other,,2004,1000000,Sedan,,Gasoline,,,,,Dealership,,,,,,Al Sharqiya,Ja'alan Bani Bu Ali,Autos,Cars For Sale,,,,
للبيع قابل,600 OMR,https://om.opensooq.com/en/search/285111248,https://opensooq-images.os-cdn.com/previews/2048x0/32/92/3292e206b8da3e3e0931922ad3c122780dd157e3b3544c85e6d3c2afddbabcd7.jpg,Used,Toyota,Corolla,GLI,1996,90000,Sedan,,Gasoline,,,,,GCC Specs,,,,,,Muscat,Seeb,Autos,Cars For Sale,,,,
مرسيدس بنز الفئة-S 2016 S 550 فل مواصفات 6 فصوص داخليه بيج قابل للبدل مع مايناسب,"8,000 OMR",https://om.opensooq.com/en/search/285111462,https://opensooq-images.os-cdn.com/previews/2048x0/c6/d2/c6d29eb32dd58171bb251341972617e111425a689f71c1f85af36b3d9140f183.jpg,Used,Mercedes Benz,S-Class,S 550,2016,248000,Sedan,,Gasoline,,,,,American Specs,,,,,,Muscat,Bosher,Autos,Cars For Sale,,,,
Honda Accord 2005 is in a good condition,720 OMR,https://om.opensooq.com/en/search/285111324,https://opensooq-images.os-cdn.com/previews/2048x0/e4/36/e4368f8e55948000482a3f1729e19e585bc6a274940e202679d1cd6944476a18.jpg,Used,Honda,Accord,DX,2005,270000,Coupe,,Gasoline,,,,,American Specs,,,,,,Muscat,Azaiba,Autos,Cars For Sale,,,,
نيسان ماجنيت جديدة مديل 2025,"5,500 OMR",https://om.opensooq.com/en/search/285111302,https://opensooq-images.os-cdn.com/previews/2048x0/8f/c1/8fc1f1752d9c9707ac0db739a08d55d79bd4f3db0f925aac36ad2ce3bd1d5394.jpg,New,Nissan,Magnite,Acenta,2025,660,SUV,,Gasoline,,,,,GCC Specs,,,,,,Al Dakhiliya,Nizwa,Autos,Cars For Sale,,,,
خليجي BMW 5 Series 2023 بي ام,"16,900 OMR",https://om.opensooq.com/en/search/285111374,https://opensooq-images.os-cdn.com/previews/2048x0/a9/b0/a9b0ecbb58614a1a5aa1ebc63d260476f315c419e34f37c2e2bd3227312ceaf7.jpg,Used,BMW,5 Series,520,2023,55000,Sedan,,Gasoline,,,,,GCC Specs,,,,,,Muscat,Ansab,Autos,Cars For Sale,,,,
شيفروليه ماليبو 2013 LTZ بنية مستعملة مع مواصفات خليجية ورخصة مرخصة,"1,250 OMR",https://om.opensooq.com/en/search/285111284,https://opensooq-images.os-cdn.com/previews/2048x0/c7/59/c759d02c4cda0d595ba6486b38100374f96dc672fb258e287939b12e700f6840.jpg,Used,Chevrolet,Malibu,LTZ,2013,323000,Sedan,,Gasoline,,,,,GCC Specs,,,,,,Dhofar,Salala,Autos,Cars For Sale,,,,
ددسن غمارتين للبيع ديزل,"2,600 OMR",https://om.opensooq.com/en/search/285110816,https://opensooq-images.os-cdn.com/previews/2048x0/0e/49/0e49e2856ab7b979efbe0c989a8f0bdf1d68adc86cc198c49d760396d856f929.png,Used,Nissan,Datsun,,2007,36444,PickUp,,Diesel,,,,,GCC Specs,,,,,,Al Dakhiliya,Adam,Autos,Cars For Sale,,,,
شفرليه ماليبو,"1,250 OMR",https://om.opensooq.com/en/search/285111052,https://opensooq-images.os-cdn.com/previews/2048x0/28/64/2864076473cfa0cd639c85910e32e9b586dfc0f5cd84384dc656a658c4b73b33.jpg,Used,Chevrolet,Malibu,LTZ,2013,323000,Sedan,,Gasoline,,,,,GCC Specs,,,,,,Dhofar,Salala,Autos,Cars For Sale,,,,
لكزز 2018 ES نظيف جدا تم عمل جميع صيانة الموتر من تغير أيل المكينة وايل الجير بلكات الموتر,"7,700 OMR",https://om.opensooq.com/en/search/285106614,https://opensooq-images.os-cdn.com/previews/2048x0/9a/85/9a8563a0838f00073a40f8bec802ae1961fcda56c42d1b3fc7c68153076a728b.png,Used,Lexus,ES,ES 350,2018,120000,Sedan,,Gasoline,,,,,GCC Specs,,,,,,Al Batinah,Suwaiq,Autos,Cars For Sale,,,,
خليجي Audi A5 2022 أودي,"14,400 OMR",https://om.opensooq.com/en/search/285111050,https://opensooq-images.os-cdn.com/previews/2048x0/0f/61/0f611e1597067e35ccdfcf551cb57719e268f52ad56152ba4b84eb94c050be81.jpg,Used,Audi,A5,Standard,2022,45000,Sedan,,Gasoline,,,,,GCC Specs,,,,,,Muscat,Ansab,Autos,Cars For Sale,,,,
geely GC7 for sale little used,"1,000 OMR",https://om.opensooq.com/en/search/285110008,https://opensooq-images.os-cdn.com/previews/2048x0/d7/02/d702e0f8e67109d91642cd373271c386ea23fb53c55229bd48a33eb650bd8929.jpg,Used,Geely,GC7,,2015,51000,Sedan,,Gasoline,,,,,GCC Specs,,,,,,Al Batinah,Sohar,Autos,Cars For Sale,,,,
GEELY GC7 FOR SALE VERY LITTLE USED 51000 KM ONLY,"1,000 OMR",https://om.opensooq.com/en/search/285107686,https://opensooq-images.os-cdn.com/previews/2048x0/df/7c/df7ca587172a0c2646dc3d4570009fd300f778cb5b51a8c2f24e1a29fdd04ae3.jpg,Used,Geely,GC7,,2015,51000,Sedan,,Gasoline,,,,,Other Specs,,,,,,Al Batinah,Sohar,Autos,Cars For Sale,,,,
Lexus gs300,"1,600 OMR",https://om.opensooq.com/en/search/285109282,https://opensooq-images.os-cdn.com/previews/2048x0/8b/4b/8b4b4419630df8d44b618bb018704c78b538e4ca3340f54e23b0ddd6509f0a0c.jpg,Used,Lexus,GS,GS 300,2007,400000,Sedan,,Gasoline,,,,,Japanese Specs,,,,,,Muscat,Amerat,Autos,Cars For Sale,,,,
صفقه رنج روفر 2019 سبورت,"8,800 OMR",https://om.opensooq.com/en/search/285109276,https://opensooq-images.os-cdn.com/previews/2048x0/6b/2e/6b2e413e791a36b15d60bb2ee6e50d23d457f091cfc90a9aab388011a4b1a0e0.jpg,Used,Land Rover,Range Rover Sport,HSE Dynamic,2019,100000,SUV,,Gasoline,,,,,GCC Specs,,,,,,Dhofar,Salala,Autos,Cars For Sale,,,,
سيارة هيونداي سوناتا 2013 موديل SEL لون أحمر بحالة جيدة مع تفاصيل كاملة,"130,000 OMR",https://om.opensooq.com/en/search/285109104,https://opensooq-images.os-cdn.com/previews/2048x0/bc/f8/bcf8fc6db827dd030123dee4a18674039d2c0bb6a8a0fb400f336b74c8360caa.jpg,Used,Hyundai,Sonata,SEL,2013,5757,Sedan,,Gasoline,,,,,American Specs,,,,,,Muscat,Al Maabilah,Autos,Cars For Sale,,,,
سيارة دودج تشارجر GT 2021 رقم واحد,"5,600 OMR",https://om.opensooq.com/en/search/285108606,https://opensooq-images.os-cdn.com/previews/2048x0/6f/81/6f8100cb8a5f2ced80f8db6c7e24b20d1fe4a11c665e1b117d60999f4cd39fee.jpg,Used,Dodge,Charger,GT,2021,200000,Sedan,,Gasoline,,,,,American Specs,,,,,,Muscat,Quriyat,Autos,Cars For Sale,,,,
بيعه مستعجله,"7,900 OMR",https://om.opensooq.com/en/search/285108842,https://opensooq-images.os-cdn.com/previews/2048x0/fd/cd/fdcdd936b4770a1427a20222ad964f990e4e12480f7941ee8c8e2bfc2b0386c9.jpg,Used,Isuzu,Other,,2018,145000,,,Diesel,,,,,GCC Specs,,,,,,Muscat,Al Maabilah,Autos,Cars For Sale,,,,
لكزس LX 570  2021.   خليجي,"28,500 OMR",https://om.opensooq.com/en/search/285108890,https://opensooq-images.os-cdn.com/previews/2048x0/b2/8c/b28c1670ebaaa95787229953ceef18f5a57a63f639c2c56611809102e7ddc456.jpg,Used,Lexus,LX,LX 570,2021,140000,SUV,,Gasoline,,,,,GCC Specs,,,,,,Al Batinah,Liwa,Autos,Cars For Sale,,,,
اكستيرا بدون حوادث,"1,950 OMR",https://om.opensooq.com/en/search/285108496,https://opensooq-images.os-cdn.com/previews/2048x0/91/49/91494bba02da472bf3c13919f7b869f5b0dc34b52b01ffc6137e76949054c3e0.jpg,Used,Nissan,X-Terra,SE,2007,300000,SUV,,Gasoline,,,,,American Specs,,,,,,Al Batinah,Rustaq,Autos,Cars For Sale,,,,
اكورد 2017 نظيفة,"4,500 OMR",https://om.opensooq.com/en/search/285100004,https://opensooq-images.os-cdn.com/previews/2048x0/a9/f6/a9f69dc92035726f6d8716f6c7bd0b869b55f0082f9904608168f8ec526d220d.jpg,Used,Honda,Accord,EX-L,2017,170000,Coupe,,Gasoline,,,,,American Specs,,,,,,Muscat,Al Mawaleh,Autos,Cars For Sale,,,,
فورتشنرVXR خليجي مالك اول فل ابشن صيانة وكالة ضمان الوكالة,"13,900 OMR",https://om.opensooq.com/en/search/285108424,https://opensooq-images.os-cdn.com/previews/2048x0/c5/c9/c5c91a9bfb99bc1c8fbc45f15fe098975ac56b02a46224969029e12aacae628e.jpg,Used,Toyota,Fortuner,VXR,2024,39000,SUV,,Gasoline,,,,,GCC Specs,,,,,,Muscat,Al Khuwair,Autos,Cars For Sale,,,,
مرسيدس بنز CLS 350 موديل 2020 لون أبيض فئة خليجية منظم وكامل المواصفات,"17,000 OMR",https://om.opensooq.com/en/search/285108334,https://opensooq-images.os-cdn.com/previews/2048x0/55/16/5516e78e889a0316cf80a166c0dc603675249e045326e0bd1f52e4f5dee3f618.jpg,Used,Mercedes Benz,CLS-Class,CLS 350,2020,140000,Sedan,,Gasoline,,,,,GCC Specs,,,,,,Muscat,Al Khoud,Autos,Cars For Sale,,,,
"URGENT SALE – Kia Sportage 2017 – OMR 3,100","3,100 OMR",https://om.opensooq.com/en/search/285108240,https://opensooq-images.os-cdn.com/previews/2048x0/e8/8a/e88ab5fcd002490c7e7f484a06b1c02ff91beefa5d4528a30d01a7a88e8133c9.jpg,Used,Kia,Sportage,X-Line AWD,2017,109000,HatchBack,,Gasoline,,,,,American Specs,,,,,,Muscat,Wadi Al Kabir,Autos,Cars For Sale,,,,
كورولا هاتشباك se نضيف جدا,"5,450 OMR",https://om.opensooq.com/en/search/285103976,https://opensooq-images.os-cdn.com/previews/2048x0/1a/34/1a344bede83206986ff302dc39d65893a8af4a40cf63e20c27a92f2354781b78.jpg,Used,Toyota,Corolla,SE,2024,59000,HatchBack,,Gasoline,,,,,American Specs,,,,,,Al Batinah,Sohar,Autos,Cars For Sale,,,,
Nissan tidda,870 OMR,https://om.opensooq.com/en/search/285107962,https://opensooq-images.os-cdn.com/previews/2048x0/02/1d/021d73fe3153225b2ac2bee1a92321686d57c4210d5e9a80b258965ab1f45894.jpg,Used,Nissan,Tiida,,2008,1200,Sedan,,Hybrid,,,,,Other Specs,,,,,,Muscat,Amerat,Autos,Cars For Sale,,,,
Toyota yaris 2007 for sale,"1,050 OMR",https://om.opensooq.com/en/search/285107928,https://opensooq-images.os-cdn.com/previews/2048x0/53/b0/53b03b3923db762897c7b5985959e732bff5cfe572949500b67f4390a7508aef.jpg,Used,Toyota,Yaris,Basic,2007,400000,HatchBack,,Diesel,,,,,Other Specs,,,,,,Al Batinah,Barka,Autos,Cars For Sale,,,,
نيسان بترول خليجي للبيع,"11,500 OMR",https://om.opensooq.com/en/search/285107960,https://opensooq-images.os-cdn.com/previews/2048x0/82/a5/82a563b62a4050c93762903564a6b7d4c4a2f13eed86c752d7ea6f512ca6f340.jpg,Used,Nissan,Patrol,LE Platinum,2019,182000,SUV,,Gasoline,,,,,GCC Specs,,,,,,Al Dakhiliya,Nizwa,Autos,Cars For Sale,,,,
دوج درانجو 2013 خليجي رقم1,"2,400 OMR",https://om.opensooq.com/en/search/285107762,https://opensooq-images.os-cdn.com/previews/2048x0/4a/8b/4a8bb8e0f52c09d0f2ba192b03d2662bbff4755a07f4bbe72a9e508f77ce6c1d.jpg,Used,Dodge,Durango,Citadel,2013,290000,SUV,,Gasoline,,,,,GCC Specs,,,,,,Muscat,Madinat As Sultan Qaboos,Autos,Cars For Sale,,,,
شفروليه إكسبريس V8 (سقف مرتفع) جاهز للتحويل إلى كرفان أحلامك!,"3,000 OMR",https://om.opensooq.com/en/search/285106106,https://opensooq-images.os-cdn.com/previews/2048x0/38/a1/38a1021d13ab912f4603bc12f73b1439ba563e479e6977a6ccad72bcad3becd3.jpg,Used,Chevrolet,Express,"3,500",2006,260000,,,Gasoline,,,,,GCC Specs,,,,,,Muscat,Al-Hail,Autos,Cars For Sale,,,,
Range Rover V8 P525 HSE,"18,000 OMR",https://om.opensooq.com/en/search/285107176,https://opensooq-images.os-cdn.com/previews/2048x0/54/c7/54c74f63b2861b7e5b8cbf8c8a5e8948132303f39f7244c9ae01f8f14bd8c214.jpg,Used,Land Rover,HSE V8,,2020,100000,SUV,,Gasoline,,,,,GCC Specs,,,,,,Muscat,Bosher,Autos,Cars For Sale,,,,
رينو داستر 2014 مستعملة بمواصفات خليجية مع تأمين شامل,750 OMR,https://om.opensooq.com/en/search/285107272,https://opensooq-images.os-cdn.com/previews/2048x0/45/0c/450c68d677ddcb1b21466ac648cc618f64c6e7ab08a26ee2850202675729dfa6.jpg,Used,Renault,Duster,Standard,2014,260000,SUV,,Gasoline,,,,,GCC Specs,,,,,,Muscat,Al Khuwair,Autos,Cars For Sale,,,,
ياريس 2012 هاتشباك ب1600,"1,600 OMR",https://om.opensooq.com/en/search/285107258,https://opensooq-images.os-cdn.com/previews/2048x0/5f/03/5f03facaa4fd57e38eb59c304b9e0a9dc2c72afcc2137717271136e1f277a45c.jpg,Used,Toyota,Yaris,E,2012,2055,HatchBack,,Gasoline,,,,,American Specs,,,,,,Al Batinah,Suwaiq,Autos,Cars For Sale,,,,
لكزس 2020 ES350,"10,000 OMR",https://om.opensooq.com/en/search/285106998,https://opensooq-images.os-cdn.com/previews/2048x0/c6/c0/c6c06ab13ade67028c8b32b89059c389b1b31eace414580a1150ed573207e9e5.jpg,Used,Lexus,ES,ES 350,2020,57000,Sedan,,Gasoline,,,,,American Specs,,,,,,Muscat,Azaiba,Autos,Cars For Sale,,,,
2019 Toyota Yaris SE  GCC Specs  Excellent Condition  Price Negotiable,"3,500 OMR",https://om.opensooq.com/en/search/285106826,https://opensooq-images.os-cdn.com/previews/2048x0/ce/2b/ce2b6c9410fb8c73b49601f047aafd90982cfdb61067d93fd99055ee1855c42f.jpg,Used,Toyota,Yaris,SE,2019,154000,Sedan,,Gasoline,,,,,GCC Specs,,,,,,Muscat,Ansab,Autos,Cars For Sale,,,,
نيسان صني 2019 Nissa sunny 2019,"1,800 OMR",https://om.opensooq.com/en/search/285106702,https://opensooq-images.os-cdn.com/previews/2048x0/c9/a9/c9a94769095f83ebdedc357014bbd0044d7ad4a2e4ee6a3048325d72c87ba14d.jpg,Used,Nissan,Sunny,Standard,2019,350000,Sedan,,Gasoline,,,,,GCC Specs,,,,,,Muscat,Amerat,Autos,Cars For Sale,,,,
دودج تشارجرGT موديل 2021,"5,600 OMR",https://om.opensooq.com/en/search/285106604,https://opensooq-images.os-cdn.com/previews/2048x0/e0/9b/e09be0c7a1fe30f788101dfa118b867f5235bed5b51434affe026eab9f22d335.jpg,Used,Dodge,Charger,GT,2021,200000,Sedan,,Gasoline,,,,,American Specs,,,,,,Muscat,Quriyat,Autos,Cars For Sale,,,,
هوندا اكورد 2024 EX للبيع,"7,050 OMR",https://om.opensooq.com/en/search/285097034,https://opensooq-images.os-cdn.com/previews/2048x0/3c/e7/3ce768dc25d75019462207ca99b65e823bdc817eaf379573950bc67acc8d1380.jpg,New,Honda,Accord,EX,2024,0,Sedan,,Gasoline,,,,,American Specs,,,,,,Al Dakhiliya,Nizwa,Autos,Cars For Sale,,,,
جيب رانجلر للبيع ..السياره ممتازه جدا ...الحمدلله,"4,600 OMR",https://om.opensooq.com/en/search/285106070,https://opensooq-images.os-cdn.com/previews/2048x0/ee/20/ee20d9a7e961906ecf79e0d65746077aa9aeb273efc89566b48552848f2e12a3.jpg,Used,Jeep,Wrangler,Sport,2016,137336,SUV,,Gasoline,,,,,American Specs,,,,,,Muscat,Quriyat,Autos,Cars For Sale,,,,
كورولا 2022 SE,"4,800 OMR",https://om.opensooq.com/en/search/285106122,https://opensooq-images.os-cdn.com/previews/2048x0/17/79/1779619399b31636c98ee3e0dcba40c986e587af0315af8f2d34be597dfe30b9.jpg,Used,Toyota,Corolla,SE,2022,99000,Sedan,,Gasoline,,,,,American Specs,,,,,,Muscat,Other,Autos,Cars For Sale,,,,
Santafe 2013,"1,490 OMR",https://om.opensooq.com/en/search/285105988,https://opensooq-images.os-cdn.com/previews/2048x0/98/3c/983c185654ab1544e753ad0fba8cf163c9286ebe9208bda570f8961ea4e1fbfa.jpg,Used,Hyundai,Santa Fe,Standard,2013,184400,SUV,,Gasoline,,,,,GCC Specs,,,,,,Muscat,Ghubrah,Autos,Cars For Sale,,,,
التواصل على الواتس فقط,"6,300 OMR",https://om.opensooq.com/en/search/285105590,https://opensooq-images.os-cdn.com/previews/2048x0/cb/51/cb51fec360f9d8c089c8afb8ef3354c96aab54a378aa6dd04171dba40e165631.jpg,Used,Toyota,Land Cruiser,GXR,2008,600000,SUV,,Gasoline,,,,,GCC Specs,,,,,,Al Batinah,Al Masnaah,Autos,Cars For Sale,,,,
Ford Territory Excellent Condition. Under Company Warranty Till 2028,"8,500 OMR",https://om.opensooq.com/en/search/285105654,https://opensooq-images.os-cdn.com/previews/2048x0/c2/5a/c25ae0339faa32d26c273d1ef454ddca2527a93108b1aae1e3efa8fea7d1f5db.jpg,Used,Ford,Territory,,2024,53000,SUV,,Gasoline,,,,,GCC Specs,,,,,,Muscat,Ghala,Autos,Cars For Sale,,,,
دودج رام بيك اب 2021 Big Horn أبيض مع مواصفات أمريكية للبيع قابل,"8,900 OMR",https://om.opensooq.com/en/search/285105440,https://opensooq-images.os-cdn.com/previews/2048x0/16/12/1612a9c706f970c33b3fe2a3e9568b5c1cc70e32c280227e55c414d7630e2271.jpg,Used,Dodge,Ram,Big Horn,2021,160000,PickUp,,Gasoline,,,,,American Specs,,,,,,Al Batinah,Barka,Autos,Cars For Sale,,,,
تنكر ميتسوبيشي,"3,400 OMR",https://om.opensooq.com/en/search/284999720,https://opensooq-images.os-cdn.com/previews/2048x0/62/b4/62b4e258fe029139473b289f6def1901c1c3f539606a7eeeeb6be01e29641255.jpg,Used,Mitsubishi,Other,,1999,9999,,,Diesel,,,,,GCC Specs,,,,,,Buraimi,Al Sinainah,Autos,Cars For Sale,,,,
تسلا موديل 3 2019 للبيع نظيف,"5,500 OMR",https://om.opensooq.com/en/search/285105522,https://opensooq-images.os-cdn.com/previews/2048x0/94/16/94167c129995773fe696a1e2555641b8eff2a6c8ce8a051b9a2954333cba2133.jpg,Used,Tesla,Model 3,Mid Range,2019,180000,SUV,,Electric,,,,,American Specs,,,,,,Al Batinah,Saham,Autos,Cars For Sale,,,,
ميتسوبيشي باجيرو موديل 2016 خليجي بدون حوادث او صبغ المكينه العود 3.8cc ومسرفس بالكامل,"4,500 OMR",https://om.opensooq.com/en/search/285105408,https://opensooq-images.os-cdn.com/previews/2048x0/d5/fa/d5fa21061781627b96e15f655c13a70631a328c732f9238facceccb41212b350.jpg,Used,Mitsubishi,Pajero,GLS,2016,156169,SUV,,Gasoline,,,,,GCC Specs,,,,,,Muscat,Al-Hail,Autos,Cars For Sale,,,,
التواصل على الواتس فقط,"6,300 OMR",https://om.opensooq.com/en/search/285105346,https://opensooq-images.os-cdn.com/previews/2048x0/a6/62/a662d57dd34545cc9ffebb850834be9d515e23c8118cf9c29f293b196d6ffaf0.jpg,Used,Toyota,Land Cruiser,GXR,2008,600000,SUV,,Gasoline,,,,,GCC Specs,,,,,,Al Batinah,Al Masnaah,Autos,Cars For Sale,,,,
Toyota Camary 2017 for sale,"2,150 OMR",https://om.opensooq.com/en/search/285105144,https://opensooq-images.os-cdn.com/previews/2048x0/fd/f3/fdf36c043b0b3388f4124285e73a98d11ba40c4be22a1f0dd5aa239e9ea93f85.jpg,Used,Toyota,Camry,LE,2017,195000,Sedan,,Diesel,,,,,American Specs,,,,,,Muscat,Ghala,Autos,Cars For Sale,,,,
Benz Glc300 Coupe 2023,"18,500 OMR",https://om.opensooq.com/en/search/285105154,https://opensooq-images.os-cdn.com/previews/2048x0/b7/a5/b7a5e2c09a8005947de5e41b86ce78bb7db346e3369bdb31b1f4c201496a409b.jpg,Used,Mercedes Benz,GLC-Class,GLC 300,2023,24000,SUV,,Gasoline,,,,,American Specs,,,,,,Muscat,Ansab,Autos,Cars For Sale,,,,
"Used 2021 Toyota Fortuner SR5 SUV with GCC Specs, 7 Seats, Fully Loaded, Excellent Condition","11,900 OMR",https://om.opensooq.com/en/search/285104786,https://opensooq-images.os-cdn.com/previews/2048x0/c7/b7/c7b7f0ca58fa071a3854a5c7c64738a1816f41ed4218d7726db93cde7be7a56d.jpg,Used,Toyota,Fortuner,SR5,2021,171000,SUV,,Gasoline,,,,,GCC Specs,,,,,,Muscat,Ruwi,Autos,Cars For Sale,,,,
Jeep Wrangler jl Willys 2023,"11,500 OMR",https://om.opensooq.com/en/search/285104934,https://opensooq-images.os-cdn.com/previews/2048x0/41/e0/41e0520653d572665adfb6c088b592933d7dec96de9d5f29ac05acee5778a12b.jpg,Used,Jeep,Wrangler,Willys,2023,75000,SUV,,Gasoline,,,,,American Specs,,,,,,Muscat,Ansab,Autos,Cars For Sale,,,,
ياريس تويوتا 2015,"2,100 OMR",https://om.opensooq.com/en/search/284986612,https://opensooq-images.os-cdn.com/previews/2048x0/b3/d0/b3d08faa36565393c77aa9b33e455da8fdff1ced9badbaa3ac8246c3cd3b8a37.jpg,Used,Toyota,Yaris,SE,2015,347429,Sedan,,Gasoline,,,,,GCC Specs,,,,,,Al Batinah,Al Khaboura,Autos,Cars For Sale,,,,
BMW X4 30i m kit,"18,500 OMR",https://om.opensooq.com/en/search/285104396,https://opensooq-images.os-cdn.com/previews/2048x0/e4/55/e45517ebab80d14e04a91c30ed930f26335349909dbafd4b8a29f788acb26824.jpg,Used,BMW,X4 Series,X4 xDrive30i,2023,23000,SUV,,Gasoline,,,,,American Specs,,,,,,Muscat,Ansab,Autos,Cars For Sale,,,,
BMW X6 Coupe 2022,"20,500 OMR",https://om.opensooq.com/en/search/285104368,https://opensooq-images.os-cdn.com/previews/2048x0/b2/58/b258d24527b97d54da85aabcaa45ea109d74fea81f8de12327de7c8bbc722496.jpg,Used,BMW,X6 Series,X6 xDrive40i,2022,82000,SUV,,Gasoline,,,,,American Specs,,,,,,Muscat,Ansab,Autos,Cars For Sale,,,,
Range Rover Velar R-Dynamic S 2021,"16,500 OMR",https://om.opensooq.com/en/search/285104340,https://opensooq-images.os-cdn.com/previews/2048x0/3f/11/3f11facb775a1803e41eb816d1f78a4bbd3e917401f82f4a9913800c41b87ff5.jpg,Used,Land Rover,Range Rover Velar,R-Dynamic,2021,66000,SUV,,Gasoline,,,,,American Specs,,,,,,Muscat,Ansab,Autos,Cars For Sale,,,,
Range Rover Sport,"17,500 OMR",https://om.opensooq.com/en/search/285104322,https://opensooq-images.os-cdn.com/previews/2048x0/a0/b9/a0b963886c78fb6697dfaf13c8573a713cf21d05f6d0c4a72d5d9afcea5243e3.jpg,Used,Land Rover,Range Rover Sport,HSE,2020,70000,SUV,,Gasoline,,,,,American Specs,,,,,,Muscat,Ansab,Autos,Cars For Sale,,,,
Infiniti Qx60 2022,"12,700 OMR",https://om.opensooq.com/en/search/285104260,https://opensooq-images.os-cdn.com/previews/2048x0/c7/bd/c7bd8edc3cce1b18a64a4c4b13e35cb1bc3321184e343cf85c5aaf3f99a43471.jpg,Used,Infiniti,QX60,Pure,2022,47000,SUV,,Gasoline,,,,,American Specs,,,,,,Muscat,Ansab,Autos,Cars For Sale,,,,
BMW X1 2023 الجديده كليا,"14,500 OMR",https://om.opensooq.com/en/search/285104240,https://opensooq-images.os-cdn.com/previews/2048x0/62/8f/628f29728a8bd37c8ff77019b17227cfa2bad5dcd3158bdb57a1e22cff57a744.jpg,Used,BMW,X1 Series,X1 xDrive28i,2023,50000,SUV,,Gasoline,,,,,American Specs,,,,,,Muscat,Ansab,Autos,Cars For Sale,,,,
Infiniti Qx55 Coupe 2023,"11,900 OMR",https://om.opensooq.com/en/search/285104208,https://opensooq-images.os-cdn.com/previews/2048x0/ca/7e/ca7e0d7b76aaa07f74ac4dbf0cb914090420ce66185c2e477f47290ad79e83b4.jpg,Used,Infiniti,QX55,Essential,2023,10000,SUV,,Gasoline,,,,,American Specs,,,,,,Muscat,Ansab,Autos,Cars For Sale,,,,
Sonata 2012,"1,300 OMR",https://om.opensooq.com/en/search/285103576,https://opensooq-images.os-cdn.com/previews/2048x0/77/96/77963e448d62f45bbe54144f1ca15da5d406d44d1df7fbfc28da75d25751a64d.jpg,Used,Hyundai,Sonata,Standard,2011,225000,Sedan,,Gasoline,,,,,American Specs,,,,,,Dhofar,Salala,Autos,Cars For Sale,,,,
Benz Glc300 2023,"16,300 OMR",https://om.opensooq.com/en/search/285104152,https://opensooq-images.os-cdn.com/previews/2048x0/ea/31/ea31b451481b4f1377d38246e31f50f45daf897e46faaa3f51f88fb538b40d20.jpg,Used,Mercedes Benz,GLC-Class,GLC 300,2023,25000,SUV,,Gasoline,,,,,American Specs,,,,,,Muscat,Ansab,Autos,Cars For Sale,,,,
للبيع: هوندا أكورد 2024 بحالة الوكالة – استخدام خفيف جداً – جاهزة للمشت,"7,450 OMR",https://om.opensooq.com/en/search/285103356,https://opensooq-images.os-cdn.com/previews/2048x0/80/08/800870389b8f417fb1fc93195dbf83293ed2e3f21b5c19d5e13477358a92d0b1.jpg,Used,Honda,Accord,EX,2024,17700,SUV,,Gasoline,,,,,American Specs,,,,,,Muscat,Azaiba,Autos,Cars For Sale,,,,
نيسان التيما 2020,"3,900 OMR",https://om.opensooq.com/en/search/285103754,https://opensooq-images.os-cdn.com/previews/2048x0/d1/4b/d14b78cbf3f48f76d9ade28e1ef43cb9bf2af0193d005799b6f444882145244e.jpg,Used,Nissan,Altima,S,2020,160000,Sedan,,Gasoline,,,,,American Specs,,,,,,Muscat,Al Maabilah,Autos,Cars For Sale,,,,
للبيع نيسان صني نظيف,800 OMR,https://om.opensooq.com/en/search/285100208,https://opensooq-images.os-cdn.com/previews/2048x0/7b/c2/7bc2301361c99f3e016d0b30f8ba71ecac1cbfd1fa40bdf809ef3aec0dee4a64.jpg,Used,Nissan,Sunny,SV,2008,500000,SUV,,Gasoline,,,,,GCC Specs,,,,,,Al Dhahirah,Ibri,Autos,Cars For Sale,,,,
Porsche Cayenne,"15,000 OMR",https://om.opensooq.com/en/search/284470134,https://opensooq-images.os-cdn.com/previews/2048x0/db/e9/dbe95e99fed3a0544d1ddf47f790d1125e0622db49cdf042130880af64c836ee.jpg,Used,Porsche,Cayenne,Cayenne,2020,80000,SUV,,Gasoline,,,,,GCC Specs,,,,,,Muscat,Bosher,Autos,Cars For Sale,,,,
لكزس es360 موديل 2011  خليجي بنوراما تم تغير بطاريه  تنظيف ثروتر وتغير بلاكات وكاله وتغير ايل جير,"2,900 OMR",https://om.opensooq.com/en/search/285032950,https://opensooq-images.os-cdn.com/previews/2048x0/fa/6b/fa6b1fd97736e95ccfc785997998fcc325273b7249606e65da3b82c373c6c483.jpg,Used,Lexus,ES,ES 350,2011,350000,Sedan,,Gasoline,,,,,GCC Specs,,,,,,Al Batinah,Rustaq,Autos,Cars For Sale,,,,
كرايسلر 300 - موديل 2016 ابيض,"2,500 OMR",https://om.opensooq.com/en/search/285103386,https://opensooq-images.os-cdn.com/previews/2048x0/32/aa/32aa14f7d9cc6fd1ed2cbfab0fea84b903fe3fa684231a9a8887f8278134598a.jpg,Used,Chrysler,300,300S V6,2016,250000,Sedan,,Gasoline,,,,,American Specs,,,,,,Al Dakhiliya,Nizwa,Autos,Cars For Sale,,,,
بسعر جداً مناسب BMW 330i 2020,"7,500 OMR",https://om.opensooq.com/en/search/285098782,https://opensooq-images.os-cdn.com/previews/2048x0/60/ca/60ca0590d4ef789b5d77bb71d3db499794aa8559f0f15c69500f640f9e28cb97.jpg,Used,BMW,3 Series,330i,2020,110000,Sedan,,Gasoline,,,,,American Specs,,,,,,Muscat,Al Khoud,Autos,Cars For Sale,,,,
سيارة راف فور للبيع  موديل 2018,"5,200 OMR",https://om.opensooq.com/en/search/285103328,https://opensooq-images.os-cdn.com/previews/2048x0/61/a7/61a732e66d1d8031655f06143cfee5a57eb08e604b2e151700e77ace4691a16c.jpg,Used,Toyota,RAV 4,XLE,2018,243721,HatchBack,,Gasoline,,,,,American Specs,,,,,,Al Batinah,Saham,Autos,Cars For Sale,,,,
رينج روفر ايفوك,"2,000 OMR",https://om.opensooq.com/en/search/285102984,https://opensooq-images.os-cdn.com/previews/2048x0/ae/6d/ae6dd77ad92b062edbdb17b1cdc081e3cef12d615f03ad51791700786b4290e4.jpg,Used,Ford,Other,,2016,80000,SUV,,Gasoline,,,,,American Specs,,,,,,Al Batinah,Barka,Autos,Cars For Sale,,,,
تيوتا ياريس  اوتماتيك موديل2017  مطلعنها من وكالة عمان,"2,600 OMR",https://om.opensooq.com/en/search/285102848,https://opensooq-images.os-cdn.com/previews/2048x0/d9/0d/d90d323be36732c111e78910dcaa5da24596575c86249a4708e2f16fe2ce4e5c.jpg,Used,Toyota,Auris,,2017,319685,Sedan,,Gasoline,,,,,GCC Specs,,,,,,Muscat,Al Maabilah,Autos,Cars For Sale,,,,
نيسان إكس تريل خليجي وكالة عمان,"7,500 OMR",https://om.opensooq.com/en/search/285102890,https://opensooq-images.os-cdn.com/previews/2048x0/84/b2/84b2ff366b9cac64749e64295427f5b84370d2fd151e4e60671110d52f38f4c2.jpg,Used,Nissan,X-Trail,S,2023,60000,SUV,,Gasoline,,,,,GCC Specs,,,,,,Muscat,Al-Hail,Autos,Cars For Sale,,,,
التيما 2017,"1,900 OMR",https://om.opensooq.com/en/search/285102692,https://opensooq-images.os-cdn.com/previews/2048x0/12/6f/126faa4412595217eec72baeb183cd7036a5fb3dbc64ab5b0773cca1ff293cc5.jpg,Used,Nissan,Altima,SV,2017,26000,Sedan,,Gasoline,,,,,American Specs,,,,,,Al Batinah,Liwa,Autos,Cars For Sale,,,,
للبيع هيونداي إلنترا 2017,"2,500 OMR",https://om.opensooq.com/en/search/285101656,https://opensooq-images.os-cdn.com/previews/2048x0/cb/6d/cb6d3ab13e21360dcffc3c1122a9a00c75bca2aadf08afa92172cc17e5c1ff78.jpg,Used,Hyundai,Elantra,SE,2016,248582,Sedan,,Gasoline,,,,,GCC Specs,,,,,,Muscat,Amerat,Autos,Cars For Sale,,,,
التيما 2013 خليجي فل نظافة,"1,400 OMR",https://om.opensooq.com/en/search/285102268,https://opensooq-images.os-cdn.com/previews/2048x0/e0/6e/e06e48c9839b37b564d65571b5268c171b37ee1d47d295fb4eb8a21039bd77f0.jpg,Used,Nissan,Altima,SL,2013,348000,Sedan,,Gasoline,,,,,GCC Specs,,,,,,Al Sharqiya,Ibra,Autos,Cars For Sale,,,,
نيسان التيما 2023 للبيع,"5,400 OMR",https://om.opensooq.com/en/search/285102222,https://opensooq-images.os-cdn.com/previews/2048x0/d5/53/d553c1edee7ab5b3ef4fe41ef6783285504c21f14461e8176211c65e99eb8267.jpg,Used,Nissan,Altima,SV,2023,118000,Sedan,,Gasoline,,,,,American Specs,,,,,,Al Dakhiliya,Nizwa,Autos,Cars For Sale,,,,
مرسيدس C300 وارد امريكي 2024,"14,900 OMR",https://om.opensooq.com/en/search/285102136,https://opensooq-images.os-cdn.com/previews/2048x0/90/42/90428389a8f74aff2487da23008465595ba9fd727c09dac0876f88c8d1c7de16.jpg,Used,Mercedes Benz,C-Class,C 300,2024,43000,Sedan,,Gasoline,,,,,American Specs,,,,,,Muscat,Ghubrah,Autos,Cars For Sale,,,,
jeep grand cherokee,"3,000 OMR",https://om.opensooq.com/en/search/285101968,https://opensooq-images.os-cdn.com/previews/2048x0/21/f1/21f13d0ae038c94cf39911f2b9ca344d9a255bdf1e6fcbb480457ca4c679b330.jpg,Used,Jeep,Grand Cherokee,Limited,2013,246000,SUV,,Gasoline,,,,,GCC Specs,,,,,,Muscat,Al Khoud,Autos,Cars For Sale,,,,
راف فور XLE موديل 2022 Toyota Rav4 Model 2022 تسجيل تامين سنة كاملة من وقت الشراء,"8,300 OMR",https://om.opensooq.com/en/search/285102060,https://opensooq-images.os-cdn.com/previews/2048x0/f0/e3/f0e3dd5688b28b4eb320b380ed4f25435ad5d28a214e47502c03c9aca026cde5.jpg,Used,Toyota,RAV 4,XLE,2023,24000,SUV,,Gasoline,,,,,American Specs,,,,,,Muscat,Al Maabilah,Autos,Cars For Sale,,,,
لكزس Rx موديل 2020,"10,800 OMR",https://om.opensooq.com/en/search/285102046,https://opensooq-images.os-cdn.com/previews/2048x0/92/83/92837d1592fc6d030402f401d85b1ecfe456251d97d0d200e4131385c798e74e.jpg,Used,Lexus,RX,RX 350,2020,62000,SUV,,Gasoline,,,,,American Specs,,,,,,Muscat,Al Maabilah,Autos,Cars For Sale,,,,
يوكن 2011 وكاله عمان,"3,400 OMR",https://om.opensooq.com/en/search/285101554,https://opensooq-images.os-cdn.com/previews/2048x0/7c/60/7c604847c115703b58989d14fc474f5eaa8898d258df2620eff9e1b90d5a05aa.jpg,Used,GMC,Yukon,SLT,2011,2290,SUV,,Gasoline,,,,,GCC Specs,,,,,,Muscat,Al Khoud,Autos,Cars For Sale,,,,
هوندا اكورد 2018,"4,500 OMR",https://om.opensooq.com/en/search/285101276,https://opensooq-images.os-cdn.com/previews/2048x0/98/76/98766d78bd3e95ddb3dbfe1a036215ce27da2d4f07fea599a7507e6c92560aa6.jpg,Used,Honda,Accord,LX,2018,1000,Sedan,,Gasoline,,,,,American Specs,,,,,,Al Batinah,Al Rumais,Autos,Cars For Sale,,,,
Volkswagen Jetta 2007 1.6,850 OMR,https://om.opensooq.com/en/search/285101040,https://opensooq-images.os-cdn.com/previews/2048x0/bd/12/bd124a0c5e5055fe3939f4dd2d1583a6fd99d44b990a4bfd74b39def6545a7be.jpg,Used,Volkswagen,Jetta,Standard,2007,200000,Sedan,,Gasoline,,,,,GCC Specs,,,,,,Al Batinah,Al Khaboura,Autos,Cars For Sale,,,,
للبيع هيونداي إلنترا 2018,"3,900 OMR",https://om.opensooq.com/en/search/285100822,https://opensooq-images.os-cdn.com/previews/2048x0/df/a0/dfa0fd3bfe2e58ac1966c036944941f9eb746760c235fd398bb17c7334679880.jpg,Used,Hyundai,Elantra,Sport,2018,115104,Sedan,,Gasoline,,,,,GCC Specs,,,,,,Muscat,Amerat,Autos,Cars For Sale,,,,
للبيع فورد فيوجن,"2,300 OMR",https://om.opensooq.com/en/search/284864946,https://opensooq-images.os-cdn.com/previews/2048x0/41/15/41159d30af4bc55a78a6b492de37e3fe454b70a864ea74c46830fd35bc9fe187.jpg,Used,Ford,Fusion,SE,2016,243949,Sedan,,Gasoline,,,,,GCC Specs,,,,,,Muscat,Al Maabilah,Autos,Cars For Sale,,,,
لكزس ES 350 2015  قمه النظافه الجاد يتفضل,"5,500 OMR",https://om.opensooq.com/en/search/285065542,https://opensooq-images.os-cdn.com/previews/2048x0/2c/8d/2c8d441dd41b89372e513f85418c5e9e1b598223fbe445c44a1b8faed2b0a0a8.jpg,Used,Lexus,ES,ES 350,2015,1800,Sedan,,Gasoline,,,,,European Specs,,,,,,Al Batinah,Al Rumais,Autos,Cars For Sale,,,,
التيما 2019,"3,500 OMR",https://om.opensooq.com/en/search/285100798,https://opensooq-images.os-cdn.com/previews/2048x0/70/44/70442d11286a2e15814697a82add9b6754e2807209d66bbdcb917758134c4a53.jpg,Used,Nissan,Altima,S,2019,160000,Sedan,,Gasoline,,,,,American Specs,,,,,,Al Batinah,Al Khaboura,Autos,Cars For Sale,,,,
لكزس ES 350 موديل 2016 أسود بتسجيل مرخصة وداخلية بني بحالة ممتازة,"4,500 OMR",https://om.opensooq.com/en/search/285100562,https://opensooq-images.os-cdn.com/previews/2048x0/4c/a7/4ca7a8285b3cd47649e6ba15c3db1c1787d7dc50b556f932833ebc9e92b7e8ab.jpg,Used,Lexus,ES,ES 350,2016,300000,Sedan,,Gasoline,,,,,American Specs,,,,,,Dhofar,Salala,Autos,Cars For Sale,,,,
للبيع بيكب مازدا 2014  BT 50,"1,600 OMR",https://om.opensooq.com/en/search/285100522,https://opensooq-images.os-cdn.com/previews/2048x0/6f/87/6f875449c686391b7307bed891e6257a29c6eeb4419f4906793d989a41c12043.jpg,Used,Mazda,BT-50,Standard,2014,176000,PickUp,,Gasoline,,,,,GCC Specs,,,,,,Al Sharqiya,Al Mudaibi,Autos,Cars For Sale,,,,
لكزس ES 350 لورى مقصورة فاخرة موديل 2016 مع حساسات ومواصفات أمريكية,"4,500 OMR",https://om.opensooq.com/en/search/285100388,https://opensooq-images.os-cdn.com/previews/2048x0/4c/a7/4ca7a8285b3cd47649e6ba15c3db1c1787d7dc50b556f932833ebc9e92b7e8ab.jpg,Used,Lexus,ES,ES 350 Luxury,2016,300000,Sedan,,Gasoline,,,,,American Specs,,,,,,Dhofar,Salala,Autos,Cars For Sale,,,,
"2009 Subaru Forester Sport SUV with GCC Specs, Excellent Condition, Loaded Features","1,100 OMR",https://om.opensooq.com/en/search/284699718,https://opensooq-images.os-cdn.com/previews/2048x0/b1/d2/b1d2c442f1683e96e24e2b86089e62186b7c8f935360c618a67a1a119d029914.jpg,Used,Subaru,Forester,Sport,2009,300000,SUV,,Gasoline,,,,,GCC Specs,,,,,,Muscat,Seeb,Autos,Cars For Sale,,,,
انفنيتي QX60,"3,450 OMR",https://om.opensooq.com/en/search/285099900,https://opensooq-images.os-cdn.com/previews/2048x0/6f/9f/6f9f310446ca34ad224461e352cd1e94d9ec68de17181963db2a7056137809ea.jpg,Used,Infiniti,QX60,Luxe,2018,200000,SUV,,Gasoline,,,,,American Specs,,,,,,Muscat,Al Maabilah,Autos,Cars For Sale,,,,
تويوتا يارس موديل 2009 للبيع,"1,300 OMR",https://om.opensooq.com/en/search/285099722,https://opensooq-images.os-cdn.com/previews/2048x0/7a/5b/7a5bd4637bf2967873508dae896d10e294bf313fc6033a806c9ed1cd426fac26.jpg,Used,Toyota,Yaris,Basic,2009,300000,HatchBack,,Gasoline,,,,,GCC Specs,,,,,,Al Batinah,Barka,Autos,Cars For Sale,,,,
للبيع لكزس ES 2010,"1,600 OMR",https://om.opensooq.com/en/search/285099208,https://opensooq-images.os-cdn.com/previews/2048x0/06/1a/061a16fd69223af80b1a06471de5687a93669432dbb3b19553998625e2ff4073.jpg,Used,Lexus,ES,ES 350,2010,2000,Sedan,,Gasoline,,,,,GCC Specs,,,,,,Al Sharqiya,Other,Autos,Cars For Sale,,,,
مازد 2 بحالة الوكاله سيرفس وكاله,"3,200 OMR",https://om.opensooq.com/en/search/285099264,https://opensooq-images.os-cdn.com/previews/2048x0/29/03/2903a8cf35dda71c5bb5a1e714b700c63d4d332df180c1c119bf626ab2fd1182.jpg,Used,Mazda,2,Standard,2019,150000,HatchBack,,Gasoline,,,,,GCC Specs,,,,,,Muscat,Al-Hail,Autos,Cars For Sale,,,,
لــكــزس مــوديــل is 250 F SPORT 2015 فـــي قــمــة الــنــظــافــة,"4,400 OMR",https://om.opensooq.com/en/search/285099188,https://opensooq-images.os-cdn.com/previews/2048x0/f4/04/f404b2a743c2e91238018704ae4b707af152ddbc4d502a21a1012a8d20d95859.jpg,Used,Lexus,IS,IS 250,2015,300000,Sedan,,Gasoline,,,,,American Specs,,,,,,Muscat,Seeb,Autos,Cars For Sale,,,,
veloster for sell,"2,700 OMR",https://om.opensooq.com/en/search/285098386,https://opensooq-images.os-cdn.com/previews/2048x0/12/bf/12bf3b0bf958a2bdcaa90e4d8ef10d57a24597334845b356b012a607ae51208d.jpg,Used,Hyundai,Veloster,Standard,2017,104000,SUV,,Gasoline,,,,,GCC Specs,,,,,,Muscat,Al Khuwair,Autos,Cars For Sale,,,,
شيفروليه كابرس بوليسي 2017,"5,200 OMR",https://om.opensooq.com/en/search/285098594,https://opensooq-images.os-cdn.com/previews/2048x0/5e/00/5e00f756863cfa999f7304b58f6059fcd517df940d0184b1b66c3d170a1cdcd2.jpg,Used,Chevrolet,Caprice,Standard,2017,1300,Sedan,,Gasoline,,,,,American Specs,,,,,,Al Dakhiliya,Nizwa,Autos,Cars For Sale,,,,
تويوتا كامري موديل 2014 وارد,"2,600 OMR",https://om.opensooq.com/en/search/285098442,https://opensooq-images.os-cdn.com/previews/2048x0/14/12/141276dd1213220646a85750a23298dbe60bffd47b7e2a23afb8763a29c14eee.jpg,Used,Toyota,Camry,SE,2014,272000,Sedan,,Gasoline,,,,,American Specs,,,,,,Al Sharqiya,Dima and Al Taaiyin,Autos,Cars For Sale,,,,
لكزس شتيشن,"10,000 OMR",https://om.opensooq.com/en/search/285098108,https://opensooq-images.os-cdn.com/previews/2048x0/b3/43/b3435fd106e52b3d827e497a3677f04ca5b9f7f08f003fc54ae71bf11a5da317.jpg,Used,Lexus,LX,LX 570,2011,290000,SUV,,Gasoline,,,,,GCC Specs,,,,,,Al Dhahirah,Ibri,Autos,Cars For Sale,,,,
تويوتا كرولا 2020,"4,000 OMR",https://om.opensooq.com/en/search/285078754,https://opensooq-images.os-cdn.com/previews/2048x0/eb/ff/ebff99a647939842aeeeeb294f98f683925ce2de15014b3f7929d44912dc7014.jpg,Used,Toyota,Corolla,SE,2020,200000,Sedan,,Gasoline,,,,,American Specs,,,,,,Al Batinah,Al Masnaah,Autos,Cars For Sale,,,,
لكزس ستيشن 2010,"10,000 OMR",https://om.opensooq.com/en/search/285096392,https://opensooq-images.os-cdn.com/previews/2048x0/b3/43/b3435fd106e52b3d827e497a3677f04ca5b9f7f08f003fc54ae71bf11a5da317.jpg,Used,Lexus,LX,LX 570,2011,290000,SUV,,Gasoline,,,,,GCC Specs,,,,,,Al Dhahirah,Ibri,Autos,Cars For Sale,,,,
تويوتا كامري 1998,"1,250 OMR",https://om.opensooq.com/en/search/284996124,https://opensooq-images.os-cdn.com/previews/2048x0/e9/b4/e9b486716842af86eda079a536f9cd77531198d5be0b04be9f52962569e05584.jpg,Used,Toyota,Camry,XLE,1998,368466,Sedan,,Gasoline,,,,,American Specs,,,,,,Al Dhahirah,Ibri,Autos,Cars For Sale,,,,
التيما وارد امريكا 2019 نظيف للبيع,"3,150 OMR",https://om.opensooq.com/en/search/285095906,https://opensooq-images.os-cdn.com/previews/2048x0/22/ea/22ea556017672ae445ca981b0079865055e693f31c629f680439a1180347520f.jpg,Used,Nissan,Altima,S,2019,200000,Sedan,,Gasoline,,,,,American Specs,,,,,,Al Batinah,Sohar,Autos,Cars For Sale,,,,
BYD Song Plus 2025 لون رمادي للبيع,"10,800 OMR",https://om.opensooq.com/en/search/285128236,https://opensooq-images.os-cdn.com/previews/2048x0/62/97/62973960b8778f293c6775a7f3e89a05bcbb8eba87152d5c309a2bd6465ea9ee.jpg,New,BYD,Song Plus,,2025,0,SUV,,Plug-in - Hybrid,,,,,Chinese Specs,,,,,,Al Batinah,Al Masnaah,Autos,Cars For Sale,,,,
مرسيدس C300 موديل 2015 للبيع,"3,900 OMR",https://om.opensooq.com/en/search/285124874,https://opensooq-images.os-cdn.com/previews/2048x0/70/c6/70c60ba5bff99a3ffd555714bdf45b8fb1b48658830d1912dc7d2b92b2e0f37c.jpg,Used,Mercedes Benz,C-Class,C 300,2015,335554,Sedan,,Gasoline,,,,,Dealership,,,,,,Muscat,Al Maabilah,Autos,Cars For Sale,,,,
نيسان باترول خليجي وكالة عمان 2015 SE الفئة الاولى .,"7,000 OMR",https://om.opensooq.com/en/search/285146958,https://opensooq-images.os-cdn.com/previews/2048x0/fd/1b/fd1bcd4e3a313b5170a196f4d53d5f9c6743e4d77085bf4ece58b3223640f756.jpg,Used,Nissan,Patrol,SE,2015,173331,SUV,,Gasoline,,,,,GCC Specs,,,,,,Dhofar,Salala,Autos,Cars For Sale,,,,
انفنتي للبيع,"7,000 OMR",https://om.opensooq.com/en/search/285146990,https://opensooq-images.os-cdn.com/previews/2048x0/8b/77/8b77acacf621b9d7a286e5844cd78641bd63132ba2aea571db57fe6172be2cb9.jpg,Used,Infiniti,Q50,Standard,2019,200000,Sedan,,Gasoline,,,,,Other Specs,,,,,,Al Batinah,Barka,Autos,Cars For Sale,,,,
تويوتا راف فور 2020 خليجي وكالة عمان(سعود بهوان),"6,800 OMR",https://om.opensooq.com/en/search/285146938,https://opensooq-images.os-cdn.com/previews/2048x0/f1/97/f197cca185d6d6375ddda18fa30a1327e3d8e4ff3c78bef60d2e149c88938c52.jpg,Used,Toyota,RAV 4,LE,2020,91000,SUV,,Gasoline,,,,,GCC Specs,,,,,,Muscat,Al Khoud,Autos,Cars For Sale,,,,
هيونداي النترا 2018خليجي المالك الاول,"3,500 OMR",https://om.opensooq.com/en/search/285059194,https://opensooq-images.os-cdn.com/previews/2048x0/53/1d/531df7bbcbdc7ab1b35cc0f9986536b1d33bb857ed30eb4e18c546edfc36c761.jpg,Used,Hyundai,Elantra,SE,2018,192000,Sedan,,Gasoline,,,,,GCC Specs,,,,,,Muscat,Al Maabilah,Autos,Cars For Sale,,,,
للبيع ميتسوبيشي 2014,"3,550 OMR",https://om.opensooq.com/en/search/285145882,https://opensooq-images.os-cdn.com/previews/2048x0/17/26/17260a208f3af768123312553f7e3aca054206bd14d4b22564c2fd1db46fbd80.jpg,Used,Mitsubishi,Fuso,Canter,2014,12000,PickUp,,Diesel,,,,,GCC Specs,,,,,,Muscat,Other,Autos,Cars For Sale,,,,
لكزس es300,"1,000 OMR",https://om.opensooq.com/en/search/284977472,https://opensooq-images.os-cdn.com/previews/2048x0/69/3c/693c29699d414a82bb6642cde770e0b54ad66c10228e330b19f1cee6cc65ad1d.jpg,Used,Lexus,ES,ES 300,2001,300000,Sedan,,Gasoline,,,,,Other Specs,,,,,,Al Dakhiliya,Nizwa,Autos,Cars For Sale,,,,
مرسيدس بانوراما S550 موديل 2016 رقم واحد فول اوبشن للبيع اوللبدل بفورويل,"7,950 OMR",https://om.opensooq.com/en/search/285145528,https://opensooq-images.os-cdn.com/previews/2048x0/42/94/42947a06837189c5db6a509843cf56c21903d77e8f546fe46f59be068e2c28bc.jpg,Used,Mercedes Benz,S-Class,S 550,2016,245000,Sedan,,Gasoline,,,,,American Specs,,,,,,Muscat,Halban,Autos,Cars For Sale,,,,
لكزس ES350 موديل 2008,"1,900 OMR",https://om.opensooq.com/en/search/285144924,https://opensooq-images.os-cdn.com/previews/2048x0/66/40/6640d8a531a820560ecee308319218af81087a8f80a4864e892a8d18af540e61.jpg,Used,Lexus,ES,ES 350,2008,500000,Sedan,,Gasoline,,,,,Japanese Specs,,,,,,Al Dhahirah,Ibri,Autos,Cars For Sale,,,,
بي إم دبليو 528i 2015 خليجي الفل اوبشن  قمه فالنظافه,"4,700 OMR",https://om.opensooq.com/en/search/285145306,https://opensooq-images.os-cdn.com/previews/2048x0/5c/8f/5c8f308221df8b5b7c1f669ccc12326b2d488d5743b8bd4b49ed1bc5630d078b.jpg,Used,BMW,5 Series,528,2015,250000,Sedan,,Gasoline,,,,,GCC Specs,,,,,,Muscat,sultan haitham city,Autos,Cars For Sale,,,,
Grunteed clean car Nissan Rogue 4x4AWD 2021  نيسان روج 2021,"4,850 OMR",https://om.opensooq.com/en/search/285145332,https://opensooq-images.os-cdn.com/previews/2048x0/28/a8/28a8732037631004036f8f2cd205fde5bc6f7938b194fdee31c42c81f936312b.jpg,Used,Nissan,Rogue,S,2021,57000,SUV,,Gasoline,,,,,American Specs,,,,,,Al Dakhiliya,Izki,Autos,Cars For Sale,,,,
برادو تويوتا للبيع نظيف جدا دخول بصمة بدون حوادث,"7,900 OMR",https://om.opensooq.com/en/search/285145246,https://opensooq-images.os-cdn.com/previews/2048x0/3b/04/3b0402dbfab8904faaa3a1c5a237a6a2d6ab1e9ba946d63bca169084d7e4cb44.jpg,Used,Toyota,Prado,TXL,2015,300000,SUV,,Gasoline,,,,,GCC Specs,,,,,,Dhofar,Salala,Autos,Cars For Sale,,,,
2018 Chevrolet Equinox Turbo 2.0L Full Option Premier AWD,"4,500 OMR",https://om.opensooq.com/en/search/285139810,https://opensooq-images.os-cdn.com/previews/2048x0/cb/08/cb0805daf16fc9057f83b22e8b9e20e3bec4d226a981470204a5fbd3cdddc4f4.jpg,Used,Chevrolet,Equinox,Premier,2018,101000,HatchBack,,Gasoline,,,,,GCC Specs,,,,,,Muscat,Al Mawaleh,Autos,Cars For Sale,,,,
NISSAN SENTRA 2015,"1,600 OMR",https://om.opensooq.com/en/search/285145202,https://opensooq-images.os-cdn.com/previews/2048x0/f4/29/f42959660655a427b04402fca51d8819b47cc99f2ad2c474df7b8be037033af3.jpg,Used,Nissan,Sentra,SV,2015,400000,Sedan,,Gasoline,,,,,GCC Specs,,,,,,Al Batinah,Sohar,Autos,Cars For Sale,,,,
لاندكروزر GXR 2022 توين تيربو نظيف بحاله جيده,"22,900 OMR",https://om.opensooq.com/en/search/285145150,https://opensooq-images.os-cdn.com/previews/2048x0/3f/a6/3fa6dc86226a002caf116784e3a1820c0fd9f751520513d24d35568b2ebd9ab4.jpg,Used,Toyota,Land Cruiser,GXR,2022,98000,SUV,,Gasoline,,,,,GCC Specs,,,,,,Muscat,Al-Hail,Autos,Cars For Sale,,,,
دودج تشارجر 2018 وارد حادث خفيف بونيت فقط الممشى بسيط الموتر نظيف جداً R/T اصل,"4,800 OMR",https://om.opensooq.com/en/search/285144612,https://opensooq-images.os-cdn.com/previews/2048x0/aa/b4/aab4dd7a351af2673a223e72a16e98b17e8eded663c3f5f7949009a08b48d41a.jpg,Used,Dodge,Charger,R/T,2018,170000,Sedan,,Gasoline,,,,,American Specs,,,,,,Muscat,Al-Hail,Autos,Cars For Sale,,,,
تيوتا كورولا 2008 خليجي 4 سلندر 1.8,"1,200 OMR",https://om.opensooq.com/en/search/285144332,https://opensooq-images.os-cdn.com/previews/2048x0/00/21/002115988dd2ca9b1293c08aeb7ddd42d3a5ae9604f084446dc4dc7bc8953165.jpg,Used,Toyota,Corolla,Sport,2008,480000,Sedan,,Gasoline,,,,,GCC Specs,,,,,,Buraimi,Al Buraimi,Autos,Cars For Sale,,,,
تويوتا لاند كروزر في اكس ار 2014 Toyota Land Cruiser VXR,"12,950 OMR",https://om.opensooq.com/en/search/285144252,https://opensooq-images.os-cdn.com/previews/2048x0/5d/73/5d737aa3b6cb0cd050bcf27dc55cb9a0c2fa9fb8c6480b0b61866bf34c93559b.jpg,Used,Toyota,Land Cruiser,VXR,2014,300000,SUV,,Gasoline,,,,,GCC Specs,,,,,,Muscat,Al Maabilah,Autos,Cars For Sale,,,,
حاب تبيع سيارتك؟؟,"1,000 OMR",https://om.opensooq.com/en/search/285143966,https://opensooq-images.os-cdn.com/previews/2048x0/58/78/587830973d5b8a0ed553fb3e2324fcbdf55a7ac08778e3ce44d739f0d1132f84.jpg,Used,Toyota,Camry,GL,2017,200000,Sedan,,Gasoline,,,,,American Specs,,,,,,Al Sharqiya,Jalan Bani buhassan,Autos,Cars For Sale,,,,
H1 فان 2017 خليجى أوتوماتيك,"4,850 OMR",https://om.opensooq.com/en/search/285143922,https://opensooq-images.os-cdn.com/previews/2048x0/d6/17/d61763fdb677785974478c51884aa2464df1e88fe59bb1af0f920ee9c6aa7d50.jpg,Used,Hyundai,H1,GL,2017,280000,,,Gasoline,,,,,GCC Specs,,,,,,Muscat,Azaiba,Autos,Cars For Sale,,,,
سوزوكي سياز 2023 بحاله ممتازه,"3,200 OMR",https://om.opensooq.com/en/search/285143934,https://opensooq-images.os-cdn.com/previews/2048x0/75/35/7535caba6cd810d38c0f18bc7e64d8168628838489652a8542d249a276dd6df1.jpg,Used,Suzuki,Ciaz,Standard,2023,145000,Sedan,,Gasoline,,,,,GCC Specs,,,,,,Muscat,Ghubrah,Autos,Cars For Sale,,,,
بيكاب باب واحد جير عادي مكيف,"2,700 OMR",https://om.opensooq.com/en/search/285143680,https://opensooq-images.os-cdn.com/previews/2048x0/cd/76/cd769d70f1152f59b12978932a86fe0ceb8374a79f6d3efcbd8e7c75ea7eed99.jpg,Used,Nissan,Datsun,,2007,30000,PickUp,,Gasoline,,,,,GCC Specs,,,,,,Muscat,Seeb,Autos,Cars For Sale,,,,
تويوتا أفالون ليميتد 2021 Toyota Avalon Limited,"10,500 OMR",https://om.opensooq.com/en/search/285143726,https://opensooq-images.os-cdn.com/previews/2048x0/56/49/5649b71b546607fe8361cee41f79427cfc2f06f9c6e33b63251184990e7983b1.jpg,Used,Toyota,Avalon,Limited,2021,41000,Sedan,,Gasoline,,,,,American Specs,,,,,,Muscat,Al Maabilah,Autos,Cars For Sale,,,,
هوندا اكورد موديل 2024 مع ضمان سنه,"7,400 OMR",https://om.opensooq.com/en/search/285143712,https://opensooq-images.os-cdn.com/previews/2048x0/28/d9/28d9993f73d4d43d1c53594bedebcba2638f651a2aadacbc8d5a517299908b72.jpg,Used,Honda,Accord,EX-L,2024,42000,Sedan,,Gasoline,,,,,American Specs,,,,,,Muscat,Al Maabilah,Autos,Cars For Sale,,,,
للبيع فقط وليس للبدل جاهز للاستخدام كريل طويل دون دبل  تفاصيله كلها مذكوره,"4,200 OMR",https://om.opensooq.com/en/search/285143620,https://opensooq-images.os-cdn.com/previews/2048x0/f1/07/f107dc47b9905926f9bb87dce5d0a9e0136f3923d82d73b06b2762dac1951abd.jpg,Used,GMC,Sierra,Standard,2016,311000,PickUp,,Gasoline,,,,,American Specs,,,,,,Al Batinah,Saham,Autos,Cars For Sale,,,,
للبيع دودج تشارجر 2021 R/T وارد,"6,100 OMR",https://om.opensooq.com/en/search/285143684,https://opensooq-images.os-cdn.com/previews/2048x0/d5/98/d598373d091308cc2134b589af6fd9f7a59011f11e30911d3c4ec2392043dc24.jpg,Used,Dodge,Charger,R/T,2021,115000,Sedan,,Gasoline,,,,,American Specs,,,,,,Muscat,Bosher,Autos,Cars For Sale,,,,
مرسدس بنز 2014,"6,000 OMR",https://om.opensooq.com/en/search/285143566,https://opensooq-images.os-cdn.com/previews/2048x0/33/e8/33e8f7009620979a4ff17d63ae78a89bb66a96f5c71f7c0cc58280877afc7688.jpg,Used,Mercedes Benz,GL-Class,GL 500,2014,204703,SUV,,Gasoline,,,,,GCC Specs,,,,,,Muscat,Ansab,Autos,Cars For Sale,,,,
تويوتا كامري XSE موديل 2020 مع ضمان سنه,"7,300 OMR",https://om.opensooq.com/en/search/285143652,https://opensooq-images.os-cdn.com/previews/2048x0/ee/c3/eec3d79b8a5085fd58ee7b68a896459dda9c9eeaa2ec74bcbe587b23accb2981.jpg,Used,Toyota,Camry,XSE,2020,7300,Sedan,,Gasoline,,,,,American Specs,,,,,,Muscat,Halban,Autos,Cars For Sale,,,,
Honda Accord for sale,500 OMR,https://om.opensooq.com/en/search/285124958,https://opensooq-images.os-cdn.com/previews/2048x0/09/e9/09e9a608e6d7c6540fbd599596c99d82ad1e09923352cf077c83cd944e0b5233.jpg,Used,Honda,Accord,EX,1998,900000,Sedan,,Gasoline,,,,,GCC Specs,,,,,,Al Batinah,Sohar,Autos,Cars For Sale,,,,
جي ام سي يوكن وكاله عمان,"11,500 OMR",https://om.opensooq.com/en/search/285074512,https://opensooq-images.os-cdn.com/previews/2048x0/ba/5a/ba5add067a6cfa8d5bd9449eca50d4d1e4d33749db004329bfcc6047b3559ce3.jpg,Used,GMC,Yukon,SLT,2018,100000,SUV,,Gasoline,,,,,GCC Specs,,,,,,Muscat,Ghubrah,Autos,Cars For Sale,,,,
مرسيدس GLE400 وكالة عمان بحالة ممتازه,"8,500 OMR",https://om.opensooq.com/en/search/285074480,https://opensooq-images.os-cdn.com/previews/2048x0/2c/7b/2c7be795da7f311f9f38ed1e01bd49ec33fbc80adbe510479d24f454e6eeded1.jpg,Used,Mercedes Benz,GLE-Class,GLE 400,2016,95000,SUV,,Gasoline,,,,,GCC Specs,,,,,,Muscat,Ghubrah,Autos,Cars For Sale,,,,
يوكن SLT وكاله عمان وصيانه الوكالة بحاله ممتازه,"18,500 OMR",https://om.opensooq.com/en/search/285114712,https://opensooq-images.os-cdn.com/previews/2048x0/2e/89/2e894192b6e465dd42ed619fbcd881169729cbf15cb90595f4bec62c98adbe10.jpg,Used,GMC,Yukon,SLT,2023,69000,SUV,,Gasoline,,,,,GCC Specs,,,,,,Muscat,Ghubrah,Autos,Cars For Sale,,,,
هيونداي سوناتا 2012 بدون حوادث للبيع,"1,500 OMR",https://om.opensooq.com/en/search/285143290,https://opensooq-images.os-cdn.com/previews/2048x0/3e/9f/3e9f60109ce5f5b6eeea25f754edb95661b732930712b0b5dfd4879512c2a9b1.jpg,Used,Hyundai,Sonata,Limited,2012,235000,Sedan,,Gasoline,,,,,GCC Specs,,,,,,Muscat,Al Mawaleh,Autos,Cars For Sale,,,,
سيارة بايك هاتشباك 2019 مستعملة بكافة المواصفات الخليجية مع تأمين وإشراف مرخصة,"1,800 OMR",https://om.opensooq.com/en/search/285143358,https://opensooq-images.os-cdn.com/previews/2048x0/c0/de/c0defa00768df6222f2b6f2a7d5fccc99655a12901323f8371debf23f38b877f.jpg,Used,BAIC,Other,,2019,87000,HatchBack,,Gasoline,,,,,GCC Specs,,,,,,Al Batinah,Barka,Autos,Cars For Sale,,,,
Camry 2017 XSE,"4,300 OMR",https://om.opensooq.com/en/search/285142594,https://opensooq-images.os-cdn.com/previews/2048x0/9d/e9/9de94990fbdf14e01940a534b637678257aa78f5b63e92089a83c5517ac95f34.jpg,Used,Toyota,Camry,XSE,2017,183975,Sedan,,Gasoline,,,,,American Specs,,,,,,Muscat,Qurm,Autos,Cars For Sale,,,,
شيفروليه بليزر 2018 3LT أسود مستعملة بحالة ممتازة مع مواصفات خليجية,"3,500 OMR",https://om.opensooq.com/en/search/285143070,https://opensooq-images.os-cdn.com/previews/2048x0/5f/e7/5fe74b365875eda171007e13a8a3a3c734875aa495337e5f56b320f257782683.jpg,Used,Chevrolet,Blazer,3LT,2018,68000,SUV,,Gasoline,,,,,GCC Specs,,,,,,Muscat,Al Khoud,Autos,Cars For Sale,,,,
كورولا موديل 2012,"1,750 OMR",https://om.opensooq.com/en/search/285143092,https://opensooq-images.os-cdn.com/previews/2048x0/94/9c/949ca93e5e4818a6a90ad90a463a1e2e992df01a0d6b7000302482c2ecb8de63.jpg,Used,Toyota,Corolla,XLI,2012,400000,SUV,,Gasoline,,,,,Dealership,,,,,,Al Batinah,Shinas,Autos,Cars For Sale,,,,
سيارة دودج تشارجر 2016 R/T مستعملة بحالة ممتازة مع كماليات خليجية,"4,800 OMR",https://om.opensooq.com/en/search/285142882,https://opensooq-images.os-cdn.com/previews/2048x0/9f/51/9f510e6940c6160cb3b02291c6e9f4945852598f025acdee17485308604508e6.jpg,Used,Dodge,Charger,R/T,2016,75000,Sedan,,Gasoline,,,,,GCC Specs,,,,,,Muscat,Al Khoud,Autos,Cars For Sale,,,,
نيسان فيرسا 2009,"1,250 OMR",https://om.opensooq.com/en/search/285117524,https://opensooq-images.os-cdn.com/previews/2048x0/aa/17/aa17d0996371e613fceaad9fadcdabd2a5b6b2c707b3116458f787b0f1fda6c1.jpg,Used,Nissan,Tiida,,2009,2700,Sedan,,Gasoline,,,,,GCC Specs,,,,,,Muscat,Bosher,Autos,Cars For Sale,,,,
للبيع: بيجو بارتنر (Peugeot Partner) فان – بحالة جيدة 2020 Peugeot Partner Panel Van,"3,000 OMR",https://om.opensooq.com/en/search/285142804,https://opensooq-images.os-cdn.com/previews/2048x0/1c/09/1c096f6a66677dd6dc5a453d3a16903e60cfd3a42971d2166bf3502d84ce1bfd.jpg,Used,Peugeot,Partner,Standard,2020,192983,,,Gasoline,,,,,GCC Specs,,,,,,Muscat,Al Maabilah,Autos,Cars For Sale,,,,
بي ام دبليو ام 3 كومبتيشن في قمة النظافة 2023 BMW M3 Competition X-Drive,"27,900 OMR",https://om.opensooq.com/en/search/285142786,https://opensooq-images.os-cdn.com/previews/2048x0/ec/95/ec95fe0babd778cbc858ba167411cac5e3646ff869406012a27a7f1786cec087.jpg,Used,BMW,3 Series,M3,2023,80000,Sedan,,Gasoline,,,,,American Specs,,,,,,Muscat,Al Maabilah,Autos,Cars For Sale,,,,
نيسان اكستيرا وكالة عمان,"5,300 OMR",https://om.opensooq.com/en/search/285142620,https://opensooq-images.os-cdn.com/previews/2048x0/bd/1c/bd1cc172ed33d767b0b918445dfee24afc860d4e3cbcb4e9d30d1173d7a4463c.jpg,Used,Nissan,X-Terra,SE,2021,319000,SUV,,Gasoline,,,,,GCC Specs,,,,,,Muscat,Al Maabilah,Autos,Cars For Sale,,,,
كيا اوبتيما 2018 للبيع,"3,800 OMR",https://om.opensooq.com/en/search/285142678,https://opensooq-images.os-cdn.com/previews/2048x0/8e/f4/8ef4948cc7b7557f13ff1b078c5cf5f69ecce90c9137ce554f58a098df141d5b.jpg,Used,Kia,Optima,GT-Line,2018,183000,Sedan,,Gasoline,,,,,GCC Specs,,,,,,Al Sharqiya,Ibra,Autos,Cars For Sale,,,,
تويوتا كورولا اس اي 2020 Toyota Corolla SE,"5,200 OMR",https://om.opensooq.com/en/search/285142610,https://opensooq-images.os-cdn.com/previews/2048x0/f2/59/f25953da1f557b9ee5cdf2ea64628826ea89fcbfedf1d2dcf499ba642fc63791.jpg,Used,Toyota,Corolla,SE,2020,106000,Sedan,,Gasoline,,,,,American Specs,,,,,,Muscat,Al Maabilah,Autos,Cars For Sale,,,,
توسان 2022 هونداي GL هاتشباك، أبيض، مستعملة، مرخصة، مناسب لأسواق أمريكا الشمالية,"5,600 OMR",https://om.opensooq.com/en/search/285142398,https://opensooq-images.os-cdn.com/previews/2048x0/63/95/63950073e6893fc5f1ea310cd0ca389a5f766cf6f891c7e72e7c4d6c2b267bad.jpg,Used,Hyundai,Tucson,GL,2022,58000,HatchBack,,Gasoline,,,,,American Specs,,,,,,Muscat,Qurm,Autos,Cars For Sale,,,,
كيا اوبتيما 2018 جي تي لاين للبيع,"4,000 OMR",https://om.opensooq.com/en/search/285141988,https://opensooq-images.os-cdn.com/previews/2048x0/8e/f4/8ef4948cc7b7557f13ff1b078c5cf5f69ecce90c9137ce554f58a098df141d5b.jpg,Used,Kia,Optima,GT-Line,2018,183000,Sedan,,Gasoline,,,,,GCC Specs,,,,,,Al Sharqiya,Ibra,Autos,Cars For Sale,,,,
رنج روفر 2016,"5,000 OMR",https://om.opensooq.com/en/search/285141746,https://opensooq-images.os-cdn.com/previews/2048x0/25/ff/25ff8868379c59e8034a61aa479933b243a58001424e59e0a110853bb860f33c.jpg,Used,Land Rover,Range Rover,Vogue,2016,250000,SUV,,Gasoline,,,,,American Specs,,,,,,Al Batinah,Al Masnaah,Autos,Cars For Sale,,,,
No accidents Mini Cooper S,"6,000 OMR",https://om.opensooq.com/en/search/285141330,https://opensooq-images.os-cdn.com/previews/2048x0/2c/00/2c00c542329b4a0a64580e4e5681025835fdb5a80154d67b8803bbebd02529ea.jpg,Used,MINI,Coupe,Cooper S,2020,50000,HatchBack,,Gasoline,,,,,American Specs,,,,,,Muscat,Azaiba,Autos,Cars For Sale,,,,
افالون لمتد,"1,500 OMR",https://om.opensooq.com/en/search/285138234,https://opensooq-images.os-cdn.com/previews/2048x0/3e/ba/3eba4ed948442b307699747a27cd61863515b7257640fe5743c6616462c6ab19.jpg,Used,Toyota,Avalon,Exclusive,2006,305170,Sedan,,Gasoline,,,,,American Specs,,,,,,Al Batinah,Nakhl,Autos,Cars For Sale,,,,
Jeep 2021 jl sport,"10,500 OMR",https://om.opensooq.com/en/search/285140842,https://opensooq-images.os-cdn.com/previews/2048x0/2b/d8/2bd8a2d48a12e49c59023b0cf133a9814e6eb080e71dab5b60ee36c1fc91dce6.jpg,Used,Jeep,Wrangler,Sport,2021,66000,SUV,,Gasoline,,,,,American Specs,,,,,,Muscat,Al-Wuttayah,Autos,Cars For Sale,,,,
تويوتا كامري اس إي 2019 Toyota Camry SE,"5,900 OMR",https://om.opensooq.com/en/search/285140618,https://opensooq-images.os-cdn.com/previews/2048x0/d4/36/d43625df030b35ce8b0d82572bd2d1c981f7afa9be12f0faebd930ad92bbf87d.jpg,Used,Toyota,Camry,SE,2019,131000,Sedan,,Gasoline,,,,,American Specs,,,,,,Muscat,Al Maabilah,Autos,Cars For Sale,,,,
انفنتي Qx80,"7,500 OMR",https://om.opensooq.com/en/search/285140404,https://opensooq-images.os-cdn.com/previews/2048x0/66/a2/66a28a9c273df22c7d5fa3766f2c48bf5fa18cda1d3b7c7de95b324742bb8535.jpg,Used,Infiniti,QX80,Limited,2017,200000,SUV,,Gasoline,,,,,American Specs,,,,,,Muscat,Bosher,Autos,Cars For Sale,,,,
سيارة لكزس للبيع نظيفة جدا,"1,000 OMR",https://om.opensooq.com/en/search/285139418,https://opensooq-images.os-cdn.com/previews/2048x0/6c/e8/6ce8f5288c5475f26d3c51bbf2c9dd3db9c643b494511278b5a3b9c9488e44d1.jpg,Used,Lexus,GS,GS 300,2004,336837,Sedan,,Gasoline,,,,,GCC Specs,,,,,,Muscat,Bosher,Autos,Cars For Sale,,,,
للبيع: تويوتا أورين 2011  بحالة ممتازة,"2,300 OMR",https://om.opensooq.com/en/search/285139486,https://opensooq-images.os-cdn.com/previews/2048x0/1c/f1/1cf131e7d64bad14b45068e7d3dfdf52edb21e7ba58cde559d550e631ace7988.jpg,Used,Toyota,Aurion,Touring,2011,200000,Sedan,,Gasoline,,,,,GCC Specs,,,,,,Muscat,Bosher,Autos,Cars For Sale,,,,
Mazda CX3 2025,"6,700 OMR",https://om.opensooq.com/en/search/285139572,https://opensooq-images.os-cdn.com/previews/2048x0/62/70/627046a311cc69752a885ebb0e185317ecb31c55fda7eb1fee0203e3eb6edf10.jpg,Used,Mazda,CX-3,Standard,2025,13000,HatchBack,,Gasoline,,,,,GCC Specs,,,,,,Muscat,Qurm,Autos,Cars For Sale,,,,
بيكب نظيف عمارتين,650 OMR,https://om.opensooq.com/en/search/285139244,https://opensooq-images.os-cdn.com/previews/2048x0/07/47/0747f9869424430c980b0e29b9185fc3ca829b4a05cfc679270a142fc9024694.jpg,Used,Mitsubishi,L200,Double Cab GLX,1995,500000,PickUp,,Gasoline,,,,,GCC Specs,,,,,,Al Batinah,Suwaiq,Autos,Cars For Sale,,,,
للبيع شيفروليه تاهو LT 4WD فل أوبشن موديل 2019-  FOR SALE 2019 Chevrolet Tahoe LT 4WD,"6,700 OMR",https://om.opensooq.com/en/search/285139284,https://opensooq-images.os-cdn.com/previews/2048x0/cb/f3/cbf3664e485c8d5bf4c6f4a4708a47a3a00e27056ca4cc26a1da7f493f4a8c45.jpg,Used,Chevrolet,Tahoe,LT,2019,228000,SUV,,Gasoline,,,,,American Specs,,,,,,Muscat,Al Mawaleh,Autos,Cars For Sale,,,,
دودج چارچر 2012,"1,490 OMR",https://om.opensooq.com/en/search/285139118,https://opensooq-images.os-cdn.com/previews/2048x0/86/31/863193ddae784d2d3fda221a1ead223fb93d0324312cd73eabdccefb670a56b3.jpg,Used,Dodge,Charger,R/T,2012,340000,Sedan,,Gasoline,,,,,American Specs,,,,,,Muscat,Al Maabilah,Autos,Cars For Sale,,,,
إنفينيتي QX80 2019 حادث بسيط ونظيفه واعلى المواصفات,"8,500 OMR",https://om.opensooq.com/en/search/285137668,https://opensooq-images.os-cdn.com/previews/2048x0/db/00/db00d31e30a77368319d2ce31706d05db5d0bace67d90144b14d820c8d4cf63b.jpg,Used,Infiniti,QX80,Autograph,2019,120000,HatchBack,,Gasoline,,,,,American Specs,,,,,,Muscat,Seeb,Autos,Cars For Sale,,,,
تيدا اقتصادية ممتازة ونظيفة,"1,900 OMR",https://om.opensooq.com/en/search/285138170,https://opensooq-images.os-cdn.com/previews/2048x0/cf/94/cf9483d4e6061241e964ee6a258aee671d10500cfd14f5dd99440a48a891ce15.jpg,Used,Nissan,Tiida,,2014,230000,HatchBack,,Gasoline,,,,,GCC Specs,,,,,,Al Dakhiliya,Sumail,Autos,Cars For Sale,,,,
بيجو 207 2012,600 OMR,https://om.opensooq.com/en/search/285138110,https://opensooq-images.os-cdn.com/previews/2048x0/12/ae/12ae084fd856bf1b2d354d594ad815f3c4bf2fb911f529a50604c8e443961289.jpg,Used,Peugeot,207,Base,2012,320000,HatchBack,,Gasoline,,,,,European Specs,,,,,,Muscat,Al-Hail,Autos,Cars For Sale,,,,
In very good condition 2008 model  Toyota Prado VX limited  7 seaters  4000,"5,000 OMR",https://om.opensooq.com/en/search/285127364,https://opensooq-images.os-cdn.com/previews/2048x0/44/36/44363f0613276155f65fbaa5bc285e33038ff9cf8de208e401d7b289aec45a4d.jpg,Used,Toyota,Prado,VX,2008,390000,Sedan,,Gasoline,,,,,GCC Specs,,,,,,Al Dakhiliya,Nizwa,Autos,Cars For Sale,,,,
Hyundai Palisade 2024 Calligraphy – Top Trim (Full Option) only 35000 kms,"10,500 OMR",https://om.opensooq.com/en/search/285137512,https://opensooq-images.os-cdn.com/previews/2048x0/5c/08/5c08a6b2c8376bf20c01e1f1ab3aeb6ce8622cebb09eceb97e9ffccfa3d4ed05.jpg,Used,Hyundai,Palisade,Calligraphy,2024,35000,SUV,,Gasoline,,,,,American Specs,,,,,,Muscat,Ruwi,Autos,Cars For Sale,,,,
Nissan sentra 2014 single user,"1,650 OMR",https://om.opensooq.com/en/search/285137282,https://opensooq-images.os-cdn.com/previews/2048x0/a9/55/a95596b94f8981f0f417bdbf49faf9cd67b82d16a39b0bb3f50d7bc51c1a9d8c.jpg,Used,Nissan,Sentra,SV,2014,235000,Sedan,,Gasoline,,,,,Dealership,,,,,,Muscat,Ruwi,Autos,Cars For Sale,,,,
"للبيع فورد F150 , 2025 شبه جديدة","16,500 OMR",https://om.opensooq.com/en/search/285137246,https://opensooq-images.os-cdn.com/previews/2048x0/61/6b/616b56a61c1a1180246a7771c61ad802a19271594ceb90b72acb954f923692ff.jpg,Used,Ford,F-150,XLT,2025,5000,PickUp,,Gasoline,,,,,American Specs,,,,,,Muscat,Muscat Hills,Autos,Cars For Sale,,,,
إنفنتي g35 للبيع,"1,350 OMR",https://om.opensooq.com/en/search/284953274,https://opensooq-images.os-cdn.com/previews/2048x0/71/73/71738b340eb49f0c91dae275ca13c84b16fe6a74697e8c8a735530e48ab5d94a.jpg,Used,Infiniti,G35,,2008,230000,Sedan,,Gasoline,,,,,American Specs,,,,,,Al Batinah,Sohar,Autos,Cars For Sale,,,,
Kia Sportage 2013 for sale,"2,200 OMR",https://om.opensooq.com/en/search/285137018,https://opensooq-images.os-cdn.com/previews/2048x0/36/d7/36d746d9a53c33eb96f2d2aca440bdbaeeecb8135e85486a0091ddb920199ef2.jpg,Used,Kia,Sportage,Standard,2013,170000,SUV,,Gasoline,,,,,Korean Specs,,,,,,Muscat,Bosher,Autos,Cars For Sale,,,,
فورد F150 تريمور للبيع,"16,300 OMR",https://om.opensooq.com/en/search/285136964,https://opensooq-images.os-cdn.com/previews/2048x0/90/ff/90ff5a4dd1c2d6a0242e28b3d6a355de68ee6832c36553f0517aa57ff7bb5c6e.jpg,Used,Ford,F-150,Tremor,2023,30000,PickUp,,Gasoline,,,,,American Specs,,,,,,Muscat,Muscat Hills,Autos,Cars For Sale,,,,
جيب رانجلر موديل 2018,"5,350 OMR",https://om.opensooq.com/en/search/285129260,https://opensooq-images.os-cdn.com/previews/2048x0/82/a5/82a5b6f3200ebd110d624a7a01078f0dda80723225ed4cf1cd2469ace06273c3.jpg,Used,Jeep,Wrangler,Sport,2018,102164,SUV,,Gasoline,,,,,American Specs,,,,,,Dhofar,Salala,Autos,Cars For Sale,,,,
Kia Rio 2018,"2,600 OMR",https://om.opensooq.com/en/search/285128332,https://opensooq-images.os-cdn.com/previews/2048x0/a4/23/a423fa4ca758963a09b4eee15f0bf1026aebe9aab2893900beb9ec61d0a99005.jpg,Used,Kia,Rio,Standard,2018,150000,HatchBack,,Gasoline,,,,,GCC Specs,,,,,,Muscat,Amerat,Autos,Cars For Sale,,,,
كامري TRD2021,"7,100 OMR",https://om.opensooq.com/en/search/285136394,https://opensooq-images.os-cdn.com/previews/2048x0/5d/f1/5df1da3c5946db5516bd6bbe67103af695b391f404ba901ca4e76b28a151a025.jpg,New,Toyota,Camry,TRD,2021,13,Sedan,,Gasoline,,,,,Japanese Specs,,,,,,Muscat,Halban,Autos,Cars For Sale,,,,
نيسان التيما 2016 موديل لون أبيض بحالة جيدة مع مواصفات أمريكية,"2,900 OMR",https://om.opensooq.com/en/search/285135344,https://opensooq-images.os-cdn.com/previews/2048x0/49/b8/49b8999e76b71bcfa0e1cc1fbeebe4642c8ed40ec84fee65f77d90391217cd2e.jpg,Used,Nissan,Altima,SL,2016,50000,Sedan,,Gasoline,,,,,American Specs,,,,,,Muscat,Amerat,Autos,Cars For Sale,,,,
GMC Acadia 2013 with Golden Number Plate – Excellent Condition No Oil Consumption Ready to Drive,"2,200 OMR",https://om.opensooq.com/en/search/285135842,https://opensooq-images.os-cdn.com/previews/2048x0/7d/4e/7d4e35ee8376629144d22aac44b613a124eed4950f514829bd71d98377d605f4.jpg,Used,GMC,Acadia,Standard,2013,260000,SUV,,Gasoline,,,,,GCC Specs,,,,,,Muscat,Ruwi,Autos,Cars For Sale,,,,
Geely Emgrand 2018,"1,250 OMR",https://om.opensooq.com/en/search/285016368,https://opensooq-images.os-cdn.com/previews/2048x0/45/bd/45bde3d7215a8b5c65724a23991fe99d2ad22417e8c086e5bfe020fddc53c3ff.jpg,Used,Geely,Emgrand,Standard,2018,224000,Sedan,,Gasoline,,,,,GCC Specs,,,,,,Muscat,Al Mawaleh,Autos,Cars For Sale,,,,
هوندا اكورد 1998 للبيع او البدل,750 OMR,https://om.opensooq.com/en/search/285135410,https://opensooq-images.os-cdn.com/previews/2048x0/44/74/447446157d587d2f8890c5c032c3f8c686aa16ee6016bfddf6e59065088143f2.jpg,Used,Honda,Accord,EX,1998,200000,Sedan,,Gasoline,,,,,GCC Specs,,,,,,Al Batinah,Saham,Autos,Cars For Sale,,,,
لكسز صالون 400,"1,650 OMR",https://om.opensooq.com/en/search/285134616,https://opensooq-images.os-cdn.com/previews/2048x0/83/71/8371706238ff4d62c74d3f0a0c33040c244269eeab40d4bf4e11c0119b9dc857.jpg,Used,Lexus,LS,LS 400,1998,300000,Sedan,,Gasoline,,,,,American Specs,,,,,,Al Batinah,Al Khaboura,Autos,Cars For Sale,,,,
ألتيما sv فتحة الشاشة الكبيرة,"6,200 OMR",https://om.opensooq.com/en/search/285134664,https://opensooq-images.os-cdn.com/previews/2048x0/53/83/5383b24109c4febfe06b26f84cbe6aed39895373e7084c3512a36ae614f1c1e8.jpg,Used,Nissan,Altima,SV,2024,26500,Sedan,,Gasoline,,,,,American Specs,,,,,,Al Sharqiya,Sur,Autos,Cars For Sale,,,,
ديهاتسو سيريون للبيع ، صبغ جديد ، تجديد سنه ، اطارات جديده ، بطارية جديده,850 OMR,https://om.opensooq.com/en/search/285134620,https://opensooq-images.os-cdn.com/previews/2048x0/43/84/438409fa0274a5aabf66ebef8ac41088d4f5ccb12d0469d8f456a52d3545139b.jpg,Used,Daihatsu,Sirion,,2009,450000,HatchBack,,Gasoline,,,,,GCC Specs,,,,,,Muscat,Azaiba,Autos,Cars For Sale,,,,
لكزس LS 430 موديل 2002 صالون,"1,500 OMR",https://om.opensooq.com/en/search/285134306,https://opensooq-images.os-cdn.com/previews/2048x0/4c/bd/4cbd3a83d99f36cd613599d2f444971b9550255ff0b16b82dfc7c852f6b35b83.jpg,Used,Lexus,LS,LS 430,2002,482000,Sedan,,Gasoline,,,,,American Specs,,,,,,Muscat,Seeb,Autos,Cars For Sale,,,,
لجاسي سبارو مديل 2000,450 OMR,https://om.opensooq.com/en/search/285132332,https://opensooq-images.os-cdn.com/previews/2048x0/de/95/de95e858897a54b78ebb4c8d3b7d40e0d5af33940ea1c8fcf7df920377a16016.jpg,Used,Other,Other,,2020,9998,Sedan,,Gasoline,,,,,Other Specs,,,,,,Muscat,Seeb,Autos,Cars For Sale,,,,
لكزز 570 مايحتاج عليك شي مسرفس بل كامل,"12,500 OMR",https://om.opensooq.com/en/search/285134376,https://opensooq-images.os-cdn.com/previews/2048x0/16/c8/16c820180f9f46c41d616f04ecba5063eef3b4e6bfce9802674c09fd99c7eb76.jpg,Used,Lexus,LS,Standard,2013,275000,SUV,,Gasoline,,,,,GCC Specs,,,,,,Al Batinah,Saham,Autos,Cars For Sale,,,,
النترا خليجي 2016 للبيع,"1,950 OMR",https://om.opensooq.com/en/search/285134054,https://opensooq-images.os-cdn.com/previews/2048x0/a0/03/a003eadb21befa5d4dee310c996eb53ab25d6ef0961663e417adb9e766cffebf.jpg,Used,Hyundai,Elantra,GLS,2016,180000,Sedan,,Gasoline,,,,,GCC Specs,,,,,,Muscat,Al-Hail,Autos,Cars For Sale,,,,
التيما 2020 sv فول ابشن,"4,400 OMR",https://om.opensooq.com/en/search/284998348,https://opensooq-images.os-cdn.com/previews/2048x0/a1/46/a146e0940c07be82ab6bfae77bd8d18f2351dcecd0d48ac0bfba15e0f70beae2.jpg,Used,Nissan,Altima,SV,2020,194000,Sedan,,Gasoline,,,,,American Specs,,,,,,Al Batinah,Sohar,Autos,Cars For Sale,,,,
Nisan Rouge 2017 clean,"3,450 OMR",https://om.opensooq.com/en/search/285133908,https://opensooq-images.os-cdn.com/previews/2048x0/ff/5d/ff5d779310857f7c6758b0d4e802272f395d9c045c744d25c05c0ecd4c9eb12e.jpg,Used,Nissan,Kicks,SV,2017,109000,Sedan,,Gasoline,,,,,American Specs,,,,,,Muscat,Bosher,Autos,Cars For Sale,,,,
سيارة جيلي امجراند جديدة وكاله,"5,100 OMR",https://om.opensooq.com/en/search/285129648,https://opensooq-images.os-cdn.com/previews/2048x0/99/66/9966b2d7ad85a44ad29c4b6ea3715e3a52e6b3c356f72517ac5e3e6a97c8dc7d.jpg,New,Geely,Other,,2026,0,Sedan,,Gasoline,,,,,Dealership,,,,,,Al Dakhiliya,Bidbid,Autos,Cars For Sale,,,,
هيونداي سوناتا 2015 سبورت,"1,900 OMR",https://om.opensooq.com/en/search/285133552,https://opensooq-images.os-cdn.com/previews/2048x0/bb/c3/bbc3bfd0b5334137c33ef3f777ff9259c5424d86e1299830f89863d0b74f9035.jpg,Used,Hyundai,Sonata,Sport,2015,235000,Sedan,,Gasoline,,,,,GCC Specs,,,,,,Muscat,Ghubrah,Autos,Cars For Sale,,,,
نيسان التيما 2016,"1,900 OMR",https://om.opensooq.com/en/search/285133520,https://opensooq-images.os-cdn.com/previews/2048x0/d0/75/d07547a7a0952df6617af29c04e80ae2c18ced4ab53b803fe1c6a018caccc579.jpg,Used,Nissan,Altima,SR,2016,200000,Sedan,,Gasoline,,,,,GCC Specs,,,,,,Muscat,Amerat,Autos,Cars For Sale,,,,
سياره اموره فوق أطيبه بس تحتاج صبغ,"5,000 OMR",https://om.opensooq.com/en/search/285132284,https://opensooq-images.os-cdn.com/previews/2048x0/cc/f4/ccf4ee432f47d835f94a21a0216c0bb67fa717ed051400c5429d854de38154d2.jpg,Used,Toyota,Camry,LE,2018,1300,Sedan,,Hybrid,,,,,GCC Specs,,,,,,Al Batinah,Al Khaboura,Autos,Cars For Sale,,,,
فورد F-150 2018 lariat 3.5,"7,200 OMR",https://om.opensooq.com/en/search/285130768,https://opensooq-images.os-cdn.com/previews/2048x0/10/f8/10f8970e00ada5a5f59e0268c56fe19d00196fa338a52e7976aaa1804f8b47d7.jpg,Used,Ford,F-150,Lariat,2018,290000,PickUp,,Gasoline,,,,,American Specs,,,,,,Al Dakhiliya,Hamra,Autos,Cars For Sale,,,,
شاحنه فولفو,"12,500 OMR",https://om.opensooq.com/en/search/285132320,https://opensooq-images.os-cdn.com/previews/2048x0/1f/47/1f477ebd4b41181152bfd6a8e0b2bc34b69c41b343e6cdecdbde8bc8d3918692.jpg,Used,Volvo,460,,2012,150000,,,Diesel,,,,,European Specs,,,,,,Muscat,Ghubrah,Autos,Cars For Sale,,,,
نيسان التيما S,"3,800 OMR",https://om.opensooq.com/en/search/285132296,https://opensooq-images.os-cdn.com/previews/2048x0/f1/f8/f1f84b7c363a15d1a5c61bf46106b0508d8b488c562d433e2af6ee9080b9b5a1.jpg,Used,Nissan,Altima,S,2020,20000,SUV,,Gasoline,,,,,American Specs,,,,,,Al Batinah,Sohar,Autos,Cars For Sale,,,,
للبيع تشارجر R/T,"1,650 OMR",https://om.opensooq.com/en/search/285131762,https://opensooq-images.os-cdn.com/previews/2048x0/61/bb/61bb422fcaad8e4fcd2633f1a3fb2f9b9e764d0206ba73e94983fc044353100e.jpg,Used,Dodge,Charger,R/T,2013,500000,Sedan,,Gasoline,,,,,American Specs,,,,,,Al Batinah,Sohar,Autos,Cars For Sale,,,,
سوناتا 2016 اعلی المواصفات وارد بدون حادث,"1,750 OMR",https://om.opensooq.com/en/search/285131468,https://opensooq-images.os-cdn.com/previews/2048x0/b6/17/b617502f8f072613b10f3ea4fa74346740885806a5e509d3e46aa8ac576a0588.jpg,Used,Hyundai,Sonata,Limited,2016,180000,Sedan,,Gasoline,,,,,American Specs,,,,,,Muscat,Ghubrah,Autos,Cars For Sale,,,,
نيسان فيرسا 2011 موديل كامل بترخيص أمريكي وخصائص مميزة,"1,150 OMR",https://om.opensooq.com/en/search/285131384,https://opensooq-images.os-cdn.com/previews/2048x0/64/90/64903eacc0c9226ebebcaa00f141f3d65ef0bfb00802409dabb150f91cd804a4.jpg,Used,Nissan,Versa,S,2011,1000000,Sedan,,Gasoline,,,,,American Specs,,,,,,Al Batinah,Al Khaboura,Autos,Cars For Sale,,,,
DODGE RAM BIGHORN 2020 BLACK EDITION,"10,800 OMR",https://om.opensooq.com/en/search/285131316,https://opensooq-images.os-cdn.com/previews/2048x0/76/7a/767acc844ae216e9e6d851ac35d7be72e49fa4db193fb87243927112ed9ee800.jpg,Used,Dodge,Ram,Big Horn,2020,133500,PickUp,,Gasoline,,,,,American Specs,,,,,,Muscat,Ansab,Autos,Cars For Sale,,,,
جيب اموره طيبه,"1,000 OMR",https://om.opensooq.com/en/search/284931018,https://opensooq-images.os-cdn.com/previews/2048x0/39/a6/39a6e835d5e3bbaf1e0797b9e3a9f35c2f92e359075147e349450fc44c4aaac1.jpg,Used,Jeep,Patriot,Limited,2009,285999,SUV,,Gasoline,,,,,American Specs,,,,,,Al Batinah,Al Masnaah,Autos,Cars For Sale,,,,
نيسان التيما 2017,"1,900 OMR",https://om.opensooq.com/en/search/285130824,https://opensooq-images.os-cdn.com/previews/2048x0/29/1e/291e9bc402e4c14a2d07251da9f5dd569dbc7dac70c25bf7e493fb3377cb2e7d.jpg,Used,Nissan,Altima,SV,2017,156940,Sedan,,Gasoline,,,,,American Specs,,,,,,Al Batinah,Liwa,Autos,Cars For Sale,,,,
تويوتا ياريس,"2,400 OMR",https://om.opensooq.com/en/search/285130756,https://opensooq-images.os-cdn.com/previews/2048x0/36/75/36751ce441c59ced1bba6a83b35d8fa6d1c6803dbaad43a309933cb70ae13f4c.jpg,Used,Toyota,Yaris,SE,2016,217000,HatchBack,,Gasoline,,,,,GCC Specs,,,,,,Al Batinah,Shinas,Autos,Cars For Sale,,,,
فيرسا للبيع مديل 2011  مطلوب  الف ومية وخمسون ريال قابل للتفاوض...,"1,150 OMR",https://om.opensooq.com/en/search/284488018,https://opensooq-images.os-cdn.com/previews/2048x0/c1/17/c117cb1b821897ec2a61f42c47cccca9930ad52e21d8199313d51863a78813d8.jpg,Used,Nissan,Versa,S,2011,300000,Sedan,,Gasoline,,,,,American Specs,,,,,,Al Batinah,Al Khaboura,Autos,Cars For Sale,,,,
تويوتا كامري 2019  أبيض من الخارج – أسود من الداخل  نظيفة وجاهزة,"5,000 OMR",https://om.opensooq.com/en/search/285130508,https://opensooq-images.os-cdn.com/previews/2048x0/d9/96/d996c3235e64e8a34ade94d77e96577332b77f3cdad54c0ccf3e1e1a6c35e09b.jpg,Used,Toyota,Camry,LE,2019,160000,Sedan,,Gasoline,,,,,American Specs,,,,,,Muscat,Qurm,Autos,Cars For Sale,,,,
فورد تورس 2017 SEL صالون  بحالة جيدة مع حادث بسيط وميزات حديثة,"2,600 OMR",https://om.opensooq.com/en/search/285109312,https://opensooq-images.os-cdn.com/previews/2048x0/2e/75/2e7555005263c48a8bef37c442653bbcd2f56d900f19409f8302c1feb3f69bae.jpg,Used,Ford,Taurus,SEL,2017,160000,Sedan,,Gasoline,,,,,American Specs,,,,,,Muscat,Al Maabilah,Autos,Cars For Sale,,,,
ASSALAMO ALAIKUM,900 OMR,https://om.opensooq.com/en/search/285130394,https://opensooq-images.os-cdn.com/previews/2048x0/78/71/78715b22be065c95cc0b18801cbd2319a67cef226905009820845672efd33e8a.jpg,Used,Nissan,Tiida,,2012,217000,Sedan,,Diesel,,,,,Other Specs,,,,,,Muscat,Al Maabilah,Autos,Cars For Sale,,,,
سياره مازدا CX3 2018 Luxuryوكاله عمان من المالك الاول,"3,900 OMR",https://om.opensooq.com/en/search/284599360,https://opensooq-images.os-cdn.com/previews/2048x0/87/7b/877b06f2c455780556fe30cae46e9a2b81d3fa2d2005a0dfdee1eebf06a925af.jpg,Used,Mazda,CX-3,Standard,2018,86000,SUV,,Gasoline,,,,,GCC Specs,,,,,,Muscat,Madinat As Sultan Qaboos,Autos,Cars For Sale,,,,
هايلوكس بيكب,"3,500 OMR",https://om.opensooq.com/en/search/285129600,https://opensooq-images.os-cdn.com/previews/2048x0/a8/ac/a8ac39ffd72d1984eedca6a9ae0b9d8ad03b587004c8300ab95a2dd225b08450.jpg,Used,Toyota,Hilux,GLX,2002,400000,PickUp,,Gasoline,,,,,GCC Specs,,,,,,Al Sharqiya,Ja'alan Bani Bu Ali,Autos,Cars For Sale,,,,
دودج تشارجر GT موديل 2022 – وارد أمريكا إذا كنت تبحث عن سيارة رياضية تجمع بين الأداء القوي، التصميم,"6,300 OMR",https://om.opensooq.com/en/search/285129848,https://opensooq-images.os-cdn.com/previews/2048x0/43/6d/436d5abaaa7cf7f147feeeb1eec6c89812b612a551b128a5517abc65a0d3f2a2.jpg,Used,Dodge,Charger,GT,2022,236000,Sedan,,Gasoline,,,,,American Specs,,,,,,Al Batinah,Rustaq,Autos,Cars For Sale,,,,
لاندكروزر 2023نظيف جدااا,"27,800 OMR",https://om.opensooq.com/en/search/285129860,https://opensooq-images.os-cdn.com/previews/2048x0/df/3f/df3f9ca40a65deb200e74470d724c2770ffc2719d40978882fbc526c5b6cc5b1.jpg,Used,Toyota,Land Cruiser,VX,2023,130000,SUV,,Gasoline,,,,,GCC Specs,,,,,,Muscat,Seeb,Autos,Cars For Sale,,,,
ألتترا 2015,"1,800 OMR",https://om.opensooq.com/en/search/285129560,https://opensooq-images.os-cdn.com/previews/2048x0/5b/2f/5b2f8605ebc6e95900ab62495ee2090bba0f37958563ddd23b29adf99f20014d.jpg,Used,Hyundai,Elantra,GL,2015,9309,Sedan,,Diesel,,,,,GCC Specs,,,,,,Muscat,Other,Autos,Cars For Sale,,,,
نيسان باترول بلاتينيوم 2016,"9,500 OMR",https://om.opensooq.com/en/search/285129640,https://opensooq-images.os-cdn.com/previews/2048x0/d3/46/d3460b0c70eb7167372f2fbe9053926bb0f3be2c4d3e33e2a9a2d1e00e35bea7.jpg,Used,Nissan,Patrol,LE Platinum,2016,280000,SUV,,Gasoline,,,,,GCC Specs,,,,,,Al Batinah,Suwaiq,Autos,Cars For Sale,,,,
نيسان المكينه 400 الكبيره فل موصفات خليجي,"12,300 OMR",https://om.opensooq.com/en/search/285129442,https://opensooq-images.os-cdn.com/previews/2048x0/bc/e2/bce29f2ef03166a21dfecd4526d2c50d8893f14529e99d73b484981d5e290048.jpg,Used,Nissan,Patrol,LE Titanium,2020,162000,SUV,,Gasoline,,,,,GCC Specs,,,,,,Al Batinah,Shinas,Autos,Cars For Sale,,,,
باص فان سوزوكي للبيع,"4,500 OMR",https://om.opensooq.com/en/search/285129460,https://opensooq-images.os-cdn.com/previews/2048x0/fb/33/fb3395ed389de3408b38c968c0a28cdb8b62c0f1a9f8f0c841e6631541f6101d.jpg,Used,Suzuki,Other,,2024,125592,,,Gasoline,,,,,GCC Specs,,,,,,Muscat,Seeb,Autos,Cars For Sale,,,,
تويوتا رش.     Toyota Rush,"4,700 OMR",https://om.opensooq.com/en/search/284877702,https://opensooq-images.os-cdn.com/previews/2048x0/59/b5/59b51c1e83d943fba47798b817300ee2212631c9e17fb2db3d84e19a142d7242.heic,Used,Toyota,Rush,GX,2023,70800,HatchBack,,Gasoline,,,,,GCC Specs,,,,,,Muscat,Wadi Al Kabir,Autos,Cars For Sale,,,,
Dm-i BYD Qin Plus 2025,"5,300 OMR",https://om.opensooq.com/en/search/285129204,https://opensooq-images.os-cdn.com/previews/2048x0/8f/93/8f9325509399e895e18b1820be97819cd61fe7ea5973ba49f8d07be26852c176.jpg,New,BYD,Qin Plus,,2025,0,SUV,,Plug-in - Hybrid,,,,,Chinese Specs,,,,,,Al Batinah,Al Masnaah,Autos,Cars For Sale,,,,
نيسان باثفنرد للبيع وكالة سلطنة عمان موديل 2017 ولاية السيب-ضرب سلف وتوكل,"4,500 OMR",https://om.opensooq.com/en/search/285128736,https://opensooq-images.os-cdn.com/previews/2048x0/47/a7/47a7b0b70a5b1767880bd40671d98b919c7f335d5262a568ea52fb2679b1d14f.jpg,Used,Nissan,Pathfinder,SV,2017,194800,SUV,,Gasoline,,,,,GCC Specs,,,,,,Muscat,Seeb,Autos,Cars For Sale,,,,
ماكسيما خليجي 2017 SV بيعه مستعجله من المالك مباشرة,"2,750 OMR",https://om.opensooq.com/en/search/285129088,https://opensooq-images.os-cdn.com/previews/2048x0/16/c0/16c00d39d8bcbfed21484faa33dbc881ca1ec61cf82d3a2429047e6b42b71cf8.jpg,Used,Nissan,Maxima,SV,2017,222222,Sedan,,Gasoline,,,,,GCC Specs,,,,,,Muscat,Seeb,Autos,Cars For Sale,,,,
تيوتا كورولا 2016 للبيع,"2,300 OMR",https://om.opensooq.com/en/search/285128474,https://opensooq-images.os-cdn.com/previews/2048x0/9e/dc/9edc21b77a3ab4751cecca9335c6b314ca95e404eaa32fc50130520586edf61b.jpg,Used,Toyota,Corolla,LE,2016,240000,Sedan,,Gasoline,,,,,American Specs,,,,,,Al Sharqiya,Bidiya,Autos,Cars For Sale,,,,
NISSAN SENTRA SR2014 FULL OPTION TOP VARIENT Cruise/ push start/ Sport & Economy mode/ rear camera,"1,700 OMR",https://om.opensooq.com/en/search/285128500,https://opensooq-images.os-cdn.com/previews/2048x0/13/c6/13c63264f01b6eb2c1ad87bccc06cdfc4c5cf73caa20b14019fc349bbfd0a573.jpg,Used,Nissan,Sentra,SR,2014,133000,Sedan,,Gasoline,,,,,American Specs,,,,,,Dhofar,Salala,Autos,Cars For Sale,,,,
جيب رانجلر فئة السبورت موديل 2018,"5,400 OMR",https://om.opensooq.com/en/search/284589234,https://opensooq-images.os-cdn.com/previews/2048x0/82/a5/82a5b6f3200ebd110d624a7a01078f0dda80723225ed4cf1cd2469ace06273c3.jpg,Used,Jeep,Wrangler,Sport,2018,150000,SUV,,Gasoline,,,,,American Specs,,,,,,Dhofar,Salala,Autos,Cars For Sale,,,,
مرسيدس AMG  E300 2017,"5,800 OMR",https://om.opensooq.com/en/search/285127448,https://opensooq-images.os-cdn.com/previews/2048x0/ae/cd/aecdb54c18346c738c149f4fbde69d7f57d2ced2f6c5de5bfce9d9c6b7a3c9ee.jpg,Used,Mercedes Benz,E-Class,E 300,2017,368666,Sedan,,Gasoline,,,,,American Specs,,,,,,Muscat,Al Mawaleh,Autos,Cars For Sale,,,,
مستبيشي باجيرو 2016,"5,000 OMR",https://om.opensooq.com/en/search/285127606,https://opensooq-images.os-cdn.com/previews/2048x0/d2/9f/d29f66a168f4a2f67a2c7c911beaadabf02e6f7dd6f2192b696c25ed8559da24.jpg,Used,Mitsubishi,Pajero,GLS,2016,270000,Coupe,,Gasoline,,,,,Japanese Specs,,,,,,Muscat,Al Maabilah,Autos,Cars For Sale,,,,
للبيع فولكس وأجن 2025,"8,000 OMR",https://om.opensooq.com/en/search/285128828,https://opensooq-images.os-cdn.com/previews/2048x0/38/77/387762441b2cf23f0e1ce0c802071130d2659af0bf6494c25524a9bf30689850.jpg,Used,Volkswagen,Tiguan,R-Line,2025,30000,SUV,,Gasoline,,,,,American Specs,,,,,,Muscat,Al Mawaleh,Autos,Cars For Sale,,,,
فورد إكسبيديشن لمتد نظيفه,"4,000 OMR",https://om.opensooq.com/en/search/285128412,https://opensooq-images.os-cdn.com/previews/2048x0/1d/b0/1db09934dba8e57e1183e7cff45e731c35d5b39aad352d496839f85104b12767.jpg,Used,Ford,Expedition,Limited,2016,126000,SUV,,Gasoline,,,,,American Specs,,,,,,Muscat,Halban,Autos,Cars For Sale,,,,
الساحرة الإيطالية فيات ابارث,"3,500 OMR",https://om.opensooq.com/en/search/285128366,https://opensooq-images.os-cdn.com/previews/2048x0/2a/05/2a05a9f1c92d9b5b0e00e78c97238775a7228ad71f01af2e632f697f14a19163.jpg,Used,Abarath,595,,2017,128000,HatchBack,,Gasoline,,,,,European Specs,,,,,,Al Batinah,Rustaq,Autos,Cars For Sale,,,,
دودج تشارجر SRT موديل 2017,"8,800 OMR",https://om.opensooq.com/en/search/285128230,https://opensooq-images.os-cdn.com/previews/2048x0/87/6f/876fc9d8130269f953d90e8848bad46d19c2686911559a79aa4b141816324b2e.jpg,Used,Dodge,Charger,Srt8,2017,33000,Sedan,,Gasoline,,,,,American Specs,,,,,,Muscat,Halban,Autos,Cars For Sale,,,,
هيونداي النترا موديل 2024 مع ضمان 1 سنوات,"5,400 OMR",https://om.opensooq.com/en/search/285128208,https://opensooq-images.os-cdn.com/previews/2048x0/ed/c6/edc65d24d25820b39debf39152bef3f2a0c0ca262cc1ae8d063f2624b93f69a6.jpg,Used,Hyundai,Elantra,Limited,2024,50777,Sedan,,Gasoline,,,,,American Specs,,,,,,Muscat,Halban,Autos,Cars For Sale,,,,
جي أم سي يوكن SLT XL موديل 2017 مع ضمان سنه,"7,900 OMR",https://om.opensooq.com/en/search/285128180,https://opensooq-images.os-cdn.com/previews/2048x0/c7/51/c75164ee88c31add20c73a95cea1773b1f3c7c0b4665d66faeb455345e40dc40.jpg,Used,GMC,Yukon,XL,2017,221000,SUV,,Gasoline,,,,,American Specs,,,,,,Muscat,Halban,Autos,Cars For Sale,,,,
نيسان مكسيما بلاتينيوم موديل 2021 مع ضمان سنه,"7,800 OMR",https://om.opensooq.com/en/search/285128128,https://opensooq-images.os-cdn.com/previews/2048x0/2e/29/2e29e4a613f5dfe1fac107dbb835c84bdb2a1fb0f4d435b7bd342b4dd91fbb86.jpg,Used,Nissan,Maxima,SV,2021,26800,Sedan,,Gasoline,,,,,American Specs,,,,,,Muscat,Halban,Autos,Cars For Sale,,,,
هوندا اكورد تورنج 2.0 موديل 2018 مع ضمان سنه,"6,200 OMR",https://om.opensooq.com/en/search/285128062,https://opensooq-images.os-cdn.com/previews/2048x0/1d/6a/1d6aae981f67c819d2ed50f70b45b9db5274684826f53a23b1f71fa94898cb3e.jpg,Used,Honda,Accord,EX-L,2018,129000,Sedan,,Gasoline,,,,,American Specs,,,,,,Muscat,Halban,Autos,Cars For Sale,,,,
تويوتا كرولا LE موديل 2021 مع ضمان سنه,"4,900 OMR",https://om.opensooq.com/en/search/285128042,https://opensooq-images.os-cdn.com/previews/2048x0/06/ed/06ed078577fa703bb882c1fec992ba4f31dc8f19d27e14e50f487024e0915691.jpg,Used,Toyota,Corolla,LE,2021,171000,Sedan,,Gasoline,,,,,American Specs,,,,,,Muscat,Halban,Autos,Cars For Sale,,,,
BYD Song Plus 2025,"10,800 OMR",https://om.opensooq.com/en/search/285127890,https://opensooq-images.os-cdn.com/previews/2048x0/fc/68/fc68cfc146851acc847696650c201be1a0d51c48c75e25708dda54d0ac8175c5.jpg,New,BYD,Song Plus,,2025,0,SUV,,Plug-in - Hybrid,,,,,Chinese Specs,,,,,,Al Batinah,Al Masnaah,Autos,Cars For Sale,,,,
لكزس IS300 F سبورت موديل 2018 مع ضمان سنه,"6,300 OMR",https://om.opensooq.com/en/search/285128002,https://opensooq-images.os-cdn.com/previews/2048x0/72/46/7246b0dab36c902e8c2359e80ffa2f9c28574acdbfb3de23cbe94ce7443ea79d.jpg,Used,Lexus,IS,IS 300 Sport,2018,125900,Sedan,,Gasoline,,,,,American Specs,,,,,,Muscat,Halban,Autos,Cars For Sale,,,,
للبيع نيسان ألتيما 2021 امامية 2024,"3,900 OMR",https://om.opensooq.com/en/search/285127764,https://opensooq-images.os-cdn.com/previews/2048x0/97/c0/97c0e158cbd3689f2d9e2ec96d162afa15ae08b0436ec38478e9d8909c66e0b7.jpg,Used,Nissan,Altima,SV,2021,202759,Sedan,,Gasoline,,,,,American Specs,,,,,,Muscat,Al Mawaleh,Autos,Cars For Sale,,,,
JAC S3 للبيع كاش أو تكملة اقساط مع شركة التمويل,"3,750 OMR",https://om.opensooq.com/en/search/285127528,https://opensooq-images.os-cdn.com/previews/2048x0/13/10/13103d23b51f86279f2c1ec12de4c8c7eca96df8a21def85413e79ad0a98d47d.jpg,Used,JAC,JS3,Luxury,2023,18700,SUV,,Gasoline,,,,,GCC Specs,,,,,,Al Sharqiya,Masira,Autos,Cars For Sale,,,,
البيع لاند كروزر  بحاله وكاله بدون اضافات,"3,800 OMR",https://om.opensooq.com/en/search/285127644,https://opensooq-images.os-cdn.com/previews/2048x0/4b/39/4b3980e328f82d618edf53791b2f38612d49598c6fdc1d529c279daecc92814d.jpg,Used,Toyota,Land Cruiser,GXR,2000,1111,Sedan,,Gasoline,,,,,GCC Specs,,,,,,Al Batinah,Al Khaboura,Autos,Cars For Sale,,,,
بي ام دبليو X6 كومبيتيشن وارد امريكي 2021,"21,900 OMR",https://om.opensooq.com/en/search/285127694,https://opensooq-images.os-cdn.com/previews/2048x0/76/0c/760c4d5033e7820a954fa7a4480a0a518cb8279c5d0b10d4836a022837157c1c.jpg,Used,BMW,X6 Series,The X6 M Competition,2021,61000,SUV,,Gasoline,,,,,American Specs,,,,,,Muscat,Ghubrah,Autos,Cars For Sale,,,,
سوزوكي صالون 2007,850 OMR,https://om.opensooq.com/en/search/285119384,https://opensooq-images.os-cdn.com/previews/2048x0/81/82/818267068da5417179be1ee5b289015918245c123a38cf8de76d9e897b4cef19.jpg,Used,Suzuki,XL7,Full Option,2007,222222,Sedan,,Gasoline,,,,,Japanese Specs,,,,,,Muscat,Al Maabilah,Autos,Cars For Sale,,,,
Grand Cherokee 2016 gulf specs V8 for sale,"4,600 OMR",https://om.opensooq.com/en/search/285127388,https://opensooq-images.os-cdn.com/previews/2048x0/9c/e8/9ce815f7ba75cca7a0f4205cf03c1b16dbd0298abd9e529dc8d1dd870fbba4e4.jpg,Used,Jeep,Grand Cherokee,Limited,2016,225000,SUV,,Gasoline,,,,,GCC Specs,,,,,,Dhofar,Salala,Autos,Cars For Sale,,,,
سيارة كيا أوبتيما EX موديل 2012، لون أبيض، مناسبة للاستخدام اليومي والعائلي.,"1,800 OMR",https://om.opensooq.com/en/search/285127244,https://opensooq-images.os-cdn.com/previews/2048x0/59/40/5940fc653654e7e30afd702f737a2a1cf46cf40650dd9aa070ea3f62f3a4d028.jpg,Used,Kia,Optima,EX,2012,338000,Sedan,,Gasoline,,,,,GCC Specs,,,,,,Muscat,Bosher,Autos,Cars For Sale,,,,
مرسيدس C300 خليجي 2019 وكالة عمان - الزواوي  نظيفة جدا,"7,500 OMR",https://om.opensooq.com/en/search/285127134,https://opensooq-images.os-cdn.com/previews/2048x0/85/b3/85b3c7367599f1ffed8834550bf9208dfcf4cbbd18b2aa41d329c51e53c988bb.jpg,Used,Mercedes Benz,C-Class,C 300,2019,165000,Sedan,,Gasoline,,,,,GCC Specs,,,,,,Muscat,sultan haitham city,Autos,Cars For Sale,,,,
جيب رنجلر لون احمر وكاله عمان استخدامي الشخصي,"4,500 OMR",https://om.opensooq.com/en/search/285127262,https://opensooq-images.os-cdn.com/previews/2048x0/7e/03/7e031d9bef2220bd1e48a9e9084d3d551247b09c3c620419b5de1f0d7598a7a8.jpg,Used,Jeep,Wrangler,Sahara,2014,200000,SUV,,Gasoline,,,,,GCC Specs,,,,,,Muscat,Al Mawaleh,Autos,Cars For Sale,,,,
مرسيدس GLA250 موديل 2018,"5,100 OMR",https://om.opensooq.com/en/search/285126914,https://opensooq-images.os-cdn.com/previews/2048x0/25/26/252636d48194ec2efc65d137baa48a6bcd21ddbc095d0875e7ed800428f4a65d.jpg,Used,Mercedes Benz,GLA-Class,GLA 250,2018,250000,HatchBack,,Gasoline,,,,,GCC Specs,,,,,,Muscat,Ansab,Autos,Cars For Sale,,,,
هايونداي سنتافي 2015 رقم1 بنوراما للبيع,"4,500 OMR",https://om.opensooq.com/en/search/285126958,https://opensooq-images.os-cdn.com/previews/2048x0/cd/43/cd43cfbc1b76d000b049195cbbfb130468113482e9949d749e346e48d09d17e3.jpg,Used,Hyundai,Santa Fe,Standard,2015,460000,HatchBack,,Gasoline,,,,,GCC Specs,,,,,,Al Batinah,Al Khaboura,Autos,Cars For Sale,,,,
Bmw 535i Xdrive,"3,300 OMR",https://om.opensooq.com/en/search/285099040,https://opensooq-images.os-cdn.com/previews/2048x0/f1/ca/f1ca680378e377c05d6f28b9051a214b956fb5fbff20c28c084e72bdf46f94e1.jpg,Used,BMW,5 Series,535,2014,249000,Sedan,,Gasoline,,,,,American Specs,,,,,,Al Batinah,Barka,Autos,Cars For Sale,,,,
مازدا 6 موديل 2018,"3,650 OMR",https://om.opensooq.com/en/search/285126702,https://opensooq-images.os-cdn.com/previews/2048x0/19/d7/19d71925d7a816d7c97ac36c34a505f4f660d9dce4e53fa91d500ea8522165f0.jpg,Used,Mazda,6,Standard,2018,107000,Coupe,,Gasoline,,,,,American Specs,,,,,,Al Batinah,Barka,Autos,Cars For Sale,,,,
Nissan Pathfinder 2015 / 6 cylinders,"4,000 OMR",https://om.opensooq.com/en/search/285126694,https://opensooq-images.os-cdn.com/previews/2048x0/75/1b/751b3f4308301d6a97c85e0da2ec0375516dbceb43207a3ab49ea3adece79d84.jpg,Used,Nissan,Pathfinder,S,2015,204000,HatchBack,,Diesel,,,,,Japanese Specs,,,,,,Muscat,Bosher,Autos,Cars For Sale,,,,
Expat Owned GMC ACCADIA DENALI,"2,200 OMR",https://om.opensooq.com/en/search/285126320,https://opensooq-images.os-cdn.com/previews/2048x0/af/4f/af4f4750b54944ad59544a187ebe77e2a75dccc9039f86b543032ac4620392eb.jpg,Used,GMC,Acadia,Denali,2014,190000,SUV,,Gasoline,,,,,GCC Specs,,,,,,Muscat,Hamriya,Autos,Cars For Sale,,,,
بورش كايان جي تي اس 2016 نظيف استخدام حرمة,"14,000 OMR",https://om.opensooq.com/en/search/285126636,https://opensooq-images.os-cdn.com/previews/2048x0/3b/0d/3b0d82e3964c90a1e7a8e2337fda7e55deec994b30ae584bcf0fb06a919ff97b.jpg,Used,Porsche,Cayenne,Cayenne GTS,2016,110000,SUV,,Gasoline,,,,,GCC Specs,,,,,,Muscat,Qurm,Autos,Cars For Sale,,,,
Nisan Sunny,800 OMR,https://om.opensooq.com/en/search/285126436,https://opensooq-images.os-cdn.com/previews/2048x0/5d/b3/5db36f77bc4d97ca02eb16f80560c944e1902215214c088aa626c9181823b52d.jpg,Used,Nissan,Sunny,S,2011,260000,Sedan,,Gasoline,,,,,GCC Specs,,,,,,Al Batinah,Barka,Autos,Cars For Sale,,,,
سنتافي جرند 2015,"2,250 OMR",https://om.opensooq.com/en/search/285126076,https://opensooq-images.os-cdn.com/previews/2048x0/1c/f6/1cf6136efebbba63adbe5d6ca5631ce140a4d4ff7efb643a614a56ecc555cde8.jpg,Used,Hyundai,Santa Fe,Limited,2015,186000,SUV,,Gasoline,,,,,GCC Specs,,,,,,Muscat,Al Maabilah,Autos,Cars For Sale,,,,
Geely Azkarra 2023 for sale,"4,400 OMR",https://om.opensooq.com/en/search/285126498,https://opensooq-images.os-cdn.com/previews/2048x0/6d/32/6d32e87a0683cf09e3fa7ad831ae5571fcc804fb33ed1f82482417d29421c738.jpg,Used,Geely,Azkarra,,2023,78000,SUV,,Gasoline,,,,,GCC Specs,,,,,,Muscat,Ghubrah,Autos,Cars For Sale,,,,
سيارة هيونداي النترا 2015 رمادي صالون / سيدان بفحوصات أمريكية وحالة ممتازة,"1,800 OMR",https://om.opensooq.com/en/search/285126456,https://opensooq-images.os-cdn.com/previews/2048x0/3c/92/3c92dfedf3345a497d99aeb84d78f5851f919e02c81245b28ec4b6e69ce425e8.jpg,Used,Hyundai,Elantra,GL,2015,161939,Sedan,,Gasoline,,,,,American Specs,,,,,,Muscat,Al Mawaleh,Autos,Cars For Sale,,,,
لكزس lx570 بهوان ( كورو) 2019,"26,200 OMR",https://om.opensooq.com/en/search/285126382,https://opensooq-images.os-cdn.com/previews/2048x0/e8/fe/e8fe4cfea0d737067b5fc2b3cb100fda0b70dea22ef2a2955cb08e3d643320f1.jpg,Used,Lexus,LX,LX 570,2019,190000,SUV,,Gasoline,,,,,GCC Specs,,,,,,Muscat,Al Khoud,Autos,Cars For Sale,,,,
للبيع  تويوتا لاند كروزر GXR ستاندر خليجي موديل 2006إذا كنت تبحث عن سيارة تجمع بين القوة، الاعتمادي,"6,000 OMR",https://om.opensooq.com/en/search/285126302,https://opensooq-images.os-cdn.com/previews/2048x0/a3/48/a34835a087d83d4cc1d4ab1007fbbb08a6f2fbd584b406502048a7f0d6fac886.jpg,Used,Toyota,Land Cruiser,GXR,2006,232000,SUV,,Gasoline,,,,,GCC Specs,,,,,,Al Batinah,Rustaq,Autos,Cars For Sale,,,,
التيما 2016,"1,900 OMR",https://om.opensooq.com/en/search/285126202,https://opensooq-images.os-cdn.com/previews/2048x0/5a/1f/5a1f579daab8b421559c868bc91355783b2240f527920d43c64ae417e5d195b0.jpg,Used,Nissan,Altima,S,2016,300000,SUV,,Gasoline,,,,,American Specs,,,,,,Muscat,Misfah,Autos,Cars For Sale,,,,
سوزوكي فيتارا 2006 مستعملة بحالة ممتازة مع مواصفات خليجية وتكييف كامل,"1,200 OMR",https://om.opensooq.com/en/search/285126030,https://opensooq-images.os-cdn.com/previews/2048x0/17/47/1747de6807e2cbbd6d230dc89bf97d8e7960fe6c7b44c262214717398b850e93.jpg,Used,Suzuki,Vitara,Standard,2006,225965,SUV,,Gasoline,,,,,GCC Specs,,,,,,Al Batinah,Rustaq,Autos,Cars For Sale,,,,
ميتسوبيشي بيك اب,"1,400 OMR",https://om.opensooq.com/en/search/285125914,https://opensooq-images.os-cdn.com/previews/2048x0/38/7a/387a0da919174bfacf284609b46182411b49f7e41206c213064560a4f7809ecc.jpg,Used,Toyota,Land Cruiser,GXR,2013,260000,PickUp,,Gasoline,,,,,GCC Specs,,,,,,Muscat,Quriyat,Autos,Cars For Sale,,,,
InfinityQ50,"3,700 OMR",https://om.opensooq.com/en/search/285106656,https://opensooq-images.os-cdn.com/previews/2048x0/d9/6b/d96b52af159584cbdd0c3818828a0ce29e137a54b43dabda929466e3f2a63a1d.jpg,Used,Infiniti,Q50,Red Sport,2017,185000,Sedan,,Gasoline,,,,,Other Specs,,,,,,Muscat,Hamriya,Autos,Cars For Sale,,,,
مرسيدس بينز 2014 CLA CLASS 250 للبيع,"3,500 OMR",https://om.opensooq.com/en/search/285125638,https://opensooq-images.os-cdn.com/previews/2048x0/9f/1a/9f1a5a2198d1452a58f448d9c80fa6c2840bff25710ef7c43411e452ef19993f.jpg,Used,Mercedes Benz,CLA-CLass,CLA 250,2014,160000,Coupe,,Gasoline,,,,,Dealership,,,,,,Muscat,Amerat,Autos,Cars For Sale,,,,
للبيع نيسان المكينه الكبيره,"10,900 OMR",https://om.opensooq.com/en/search/285125712,https://opensooq-images.os-cdn.com/previews/2048x0/69/7e/697ebac531cd4309420751e8681b50e3ab934d57f2cf24197549f3515e38d46f.jpg,Used,Nissan,Patrol,LE Platinum,2019,147000,SUV,,Gasoline,,,,,GCC Specs,,,,,,Muscat,Azaiba,Autos,Cars For Sale,,,,
كامري 2003,"1,100 OMR",https://om.opensooq.com/en/search/285073082,https://opensooq-images.os-cdn.com/previews/2048x0/63/56/635651ca5bc187a2a35a0215441fb1ffbbd1d5c7200ded8d2e185aa73822c7c5.jpg,Used,Toyota,Camry,SE,2003,100000,Sedan,,Gasoline,,,,,American Specs,,,,,,Al Batinah,Al Masnaah,Autos,Cars For Sale,,,,
Lexus ES350 2019,"7,900 OMR",https://om.opensooq.com/en/search/285125498,https://opensooq-images.os-cdn.com/previews/2048x0/7c/75/7c756335a5c978c18afc259a7e09296337c3c0acc1aead96b9b1b82807be5f18.jpg,Used,Lexus,ES,ES 350,2019,98000,Sedan,,Gasoline,,,,,American Specs,,,,,,Al Dakhiliya,Nizwa,Autos,Cars For Sale,,,,
toyota camry,675 OMR,https://om.opensooq.com/en/search/285125262,https://opensooq-images.os-cdn.com/previews/2048x0/77/f1/77f1f493b0772b7ae845386094532c881b2b27c5d2e022d3a4bc212d949eaca1.jpg,Used,Toyota,Camry,Standard,2004,300000,Sedan,,Gasoline,,,,,GCC Specs,,,,,,Al Batinah,Al Rumais,Autos,Cars For Sale,,,,
اكستيرا SE 2008 للبيع، خليجي، نظيفة جداً,"1,850 OMR",https://om.opensooq.com/en/search/285125438,https://opensooq-images.os-cdn.com/previews/2048x0/a8/0c/a80ca610af1b0a9dd226efb953628751da0be4e239fd75fbf6f059845c5a84be.jpg,Used,Nissan,X-Terra,SE,2008,427000,SUV,,Gasoline,,,,,GCC Specs,,,,,,Muscat,Al Maabilah,Autos,Cars For Sale,,,,
لكسز GX470 نظيف رقم 1,"3,100 OMR",https://om.opensooq.com/en/search/285125222,https://opensooq-images.os-cdn.com/previews/2048x0/77/af/77af17d0cff8fe91a6b00b18cee12a652918adcfc427066d13efeafc6e1ef784.jpg,Used,Lexus,GX,GX 470,2004,172000,SUV,,Gasoline,,,,,American Specs,,,,,,Muscat,sultan haitham city,Autos,Cars For Sale,,,,
سيينا 2017 للبيع,"5,300 OMR",https://om.opensooq.com/en/search/285125034,https://opensooq-images.os-cdn.com/previews/2048x0/3b/fd/3bfd9bdbb4731a2d3b51ff7c3452149fb7a42866524023b5ecf2720c09e0be5a.jpg,Used,Toyota,Sienna,XLE,2017,135000,,,Gasoline,,,,,American Specs,,,,,,Muscat,Misfah,Autos,Cars For Sale,,,,
للبيع تندرا 2018,"9,000 OMR",https://om.opensooq.com/en/search/285124370,https://opensooq-images.os-cdn.com/previews/2048x0/18/59/1859299e17f0cc157725e8a5fbe859e070a0cc72889483813a96d674da459167.jpg,Used,Toyota,Tundra,SR,2018,335414,PickUp,,Gasoline,,,,,American Specs,,,,,,Al Dakhiliya,Izki,Autos,Cars For Sale,,,,
Kia Rio 2018 Lady owner Full option button start All ok,"2,050 OMR",https://om.opensooq.com/en/search/285125050,https://opensooq-images.os-cdn.com/previews/2048x0/dc/22/dc22c9d0380d79a2d46db490c59a103cef0e841d7466c5a711ba2f4665a74d5e.jpg,Used,Kia,Rio,EX,2018,207000,HatchBack,,Gasoline,,,,,GCC Specs,,,,,,Muscat,Ruwi,Autos,Cars For Sale,,,,
فرصة للبيع نيسان اللتيما نظيفة جدا وبسعر اقل من السوق، سبب البيع شراء سيارة اخرى,"1,500 OMR",https://om.opensooq.com/en/search/285124928,https://opensooq-images.os-cdn.com/previews/2048x0/53/ab/53ab0ac67cd61b133837a287417f80f0bdc7de8357ba96da6fd91fdefa967a35.jpg,Used,Nissan,Altima,SV,2013,298000,Sedan,,Gasoline,,,,,American Specs,,,,,,Muscat,Al Khuwair,Autos,Cars For Sale,,,,
تويوتا ياريس لبيع,"3,000 OMR",https://om.opensooq.com/en/search/285125004,https://opensooq-images.os-cdn.com/previews/2048x0/01/92/01920178eded289177acaecac7a21f98fcbe8f4b92c6233b58eede4e2b492a8e.jpg,Used,Toyota,Yaris,E,2015,400000,Sedan,,Gasoline,,,,,GCC Specs,,,,,,Al Dakhiliya,Sumail,Autos,Cars For Sale,,,,
كامري 2019  V6 (3.5L)  وارد الفطيم  بحالة الوكالة نظيفة جداً,"7,500 OMR",https://om.opensooq.com/en/search/285121274,https://opensooq-images.os-cdn.com/previews/2048x0/1d/f2/1df202462348ca601be5df07c2e09c46fd10019ce5af88e70792584233d13022.jpg,Used,Toyota,Camry,Grande,2019,220000,Sedan,,Gasoline,,,,,GCC Specs,,,,,,Buraimi,Mahdah,Autos,Cars For Sale,,,,
تويوتا لاند كروزر  موديل 2014 فئة GX.R خليجي بهوان السيارة بحالة الوكالة لاتفوت الفرصه وبادر........,"12,900 OMR",https://om.opensooq.com/en/search/285124984,https://opensooq-images.os-cdn.com/previews/2048x0/73/61/7361744960b122219c8fad80eff1bde0b2884e296057c8442bbfc5874e91c2f5.jpg,Used,Toyota,Land Cruiser,GXR,2014,300000,SUV,,Gasoline,,,,,American Specs,,,,,,Muscat,Al-Hail,Autos,Cars For Sale,,,,
corala2008,"1,550 OMR",https://om.opensooq.com/en/search/285124856,https://opensooq-images.os-cdn.com/previews/2048x0/6e/50/6e506f8883200faa50a4c2e7d05a1accc82b0b236a92728532f9d31b7ddfdf1f.jpg,Used,Toyota,Corolla,LE,2008,291017,Sedan,,Diesel,,,,,Japanese Specs,,,,,,Al Batinah,Suwaiq,Autos,Cars For Sale,,,,
نيسان سنترا 2021 فئة s,"3,100 OMR",https://om.opensooq.com/en/search/285124858,https://opensooq-images.os-cdn.com/previews/2048x0/00/de/00deca504dc5c7d5a3f961304a0931705e0b69b35d3a9a4115c3dfb4a276d4ce.jpg,Used,Nissan,Sentra,S,2021,70000,Sedan,,Gasoline,,,,,American Specs,,,,,,Muscat,Al Mawaleh,Autos,Cars For Sale,,,,
هوندا اكورد 2017 تورينج V6,"4,400 OMR",https://om.opensooq.com/en/search/285124812,https://opensooq-images.os-cdn.com/previews/2048x0/c1/ca/c1cabd246e370d1435f097a0dc06bd554e09a1bec5eb30693975d0d68b1c99fb.jpg,Used,Honda,Accord,Touring,2017,200000,Sedan,,Gasoline,,,,,American Specs,,,,,,Al Batinah,Sohar,Autos,Cars For Sale,,,,
نيسان باتفندر موديل 2018 وارد أمريكي السيارة بحالة الوكالة لاتفوت الفرصه وبادر با الحجز.............,"4,500 OMR",https://om.opensooq.com/en/search/285124814,https://opensooq-images.os-cdn.com/previews/2048x0/77/15/7715a101e4befeba7073b43e11e40b3ee7bf4fff1775a7bc1b3633544392a4c7.jpg,Used,Nissan,Pathfinder,S,2018,172000,SUV,,Gasoline,,,,,American Specs,,,,,,Muscat,Al-Hail,Autos,Cars For Sale,,,,
Foton Tunland,"10,200 OMR",https://om.opensooq.com/en/search/285124718,https://opensooq-images.os-cdn.com/previews/2048x0/69/27/69270f1a2356f71015bf85c6791d9b842a6d20915e825ade9344cdc18534a721.jpg,New,Foton,Tunland,Standard,2026,0,PickUp,,Diesel,,,,,GCC Specs,,,,,,Muscat,Qurm,Autos,Cars For Sale,,,,
GMC  YUKON DENAL 2018  دينالي 2018,"7,600 OMR",https://om.opensooq.com/en/search/285124500,https://opensooq-images.os-cdn.com/previews/2048x0/dc/89/dc89790cd73afd57354de316dce7199968b3fe4564372fd40adfc3cc5c0b1fb1.jpg,Used,GMC,Yukon,Denali,2018,170000,SUV,,Gasoline,,,,,American Specs,,,,,,Muscat,Al Maabilah,Autos,Cars For Sale,,,,
تويوتا أفالون موديل 2019 فئة LIMITED وارد أمريكي السيارة بحالة الوكالة لاتفوت الفرصه وبادر با الحجز.,"8,500 OMR",https://om.opensooq.com/en/search/285124512,https://opensooq-images.os-cdn.com/previews/2048x0/ff/67/ff67b32eaf5ae5d6009a6f9d3793515636fbb8480c0427fef1275dd9d49b8172.jpg,Used,Toyota,Avalon,Limited,2019,200000,Sedan,,Gasoline,,,,,American Specs,,,,,,Muscat,Al-Hail,Autos,Cars For Sale,,,,
موستبيشي لانسر,"1,350 OMR",https://om.opensooq.com/en/search/285123078,https://opensooq-images.os-cdn.com/previews/2048x0/3b/a1/3ba1f76c171f9d73b53854daacc7c0510b35dd73cab8c5872482bc1d12f9af43.jpg,Used,Mitsubishi,Lancer,Standard,2011,360000,Sedan,,Gasoline,,,,,GCC Specs,,,,,,Muscat,Seeb,Autos,Cars For Sale,,,,
jeep wrangler 2019,"8,900 OMR",https://om.opensooq.com/en/search/285124374,https://opensooq-images.os-cdn.com/previews/2048x0/f4/8f/f48f9c8d56c30c40b8d4cf782b43eaa605decb2ef9f00fa2dc7a45857fe48b69.jpg,Used,Jeep,Wrangler,Unlimited,2019,100221,SUV,,Gasoline,,,,,American Specs,,,,,,Muscat,Amerat,Autos,Cars For Sale,,,,
بي ام دبليو للبيع 2088,"1,700 OMR",https://om.opensooq.com/en/search/285124122,https://opensooq-images.os-cdn.com/previews/2048x0/c8/74/c874f58e8d491e84cef535e7a4aa752f0c7e29dc4d1abcae31d755be450a31a3.jpg,Used,BMW,3 Series,325,2008,50000,Convertible,,Gasoline,,,,,GCC Specs,,,,,,Muscat,Wadi Al Kabir,Autos,Cars For Sale,,,,
جمس يوكن 2021 SLT بحالة الوكالة وقمة ف النظافة,"13,500 OMR",https://om.opensooq.com/en/search/285124114,https://opensooq-images.os-cdn.com/previews/2048x0/ab/b4/abb4411a942cd6d788ae38abda5eb4c59fcbd6e1298db9517dbc5475f66c6de8.jpg,New,GMC,Yukon,SLT,2021,158,SUV,,Gasoline,,,,,American Specs,,,,,,Muscat,Al Khoud,Autos,Cars For Sale,,,,
بورش ماكان وكاله عمان المستخدم ااثاني,"6,300 OMR",https://om.opensooq.com/en/search/285124076,https://opensooq-images.os-cdn.com/previews/2048x0/14/69/14697b8f656af95875ec581475bf86b91a42505fa8b17d82f8808d9059ef0f81.jpg,Used,Porsche,Macan,Macan,2016,143000,SUV,,Gasoline,,,,,GCC Specs,,,,,,Muscat,Ansab,Autos,Cars For Sale,,,,
لكزس اي اس 350 موديل 2007 ابيض داخل بيج,"1,640 OMR",https://om.opensooq.com/en/search/285124018,https://opensooq-images.os-cdn.com/previews/2048x0/e7/83/e7837bd4147b3c689e562928149b9ca1f8bc8a7a45d30f7104f1a815b9f7e3a4.jpg,Used,Lexus,ES,ES 350,2007,200000,Sedan,,Gasoline,,,,,American Specs,,,,,,Muscat,Al Maabilah,Autos,Cars For Sale,,,,
مرسدس C300 موديل 2018 نظيف جدآ مطلوب 5900 قابل للتفاوض بالمعقول,"5,900 OMR",https://om.opensooq.com/en/search/285123642,https://opensooq-images.os-cdn.com/previews/2048x0/c1/46/c1460eb27feb85b5c931d13aa71f09a7ae06ba4555a065db6c3db3a8f75224b6.jpg,Used,Mercedes Benz,C-Class,C 300,2018,136000,SUV,,Gasoline,,,,,American Specs,,,,,,Al Batinah,Sohar,Autos,Cars For Sale,,,,
طوارق صيانة الوكاله والمستخدم الأول نظيفه جدا,"2,100 OMR",https://om.opensooq.com/en/search/285123598,https://opensooq-images.os-cdn.com/previews/2048x0/5d/22/5d22359185caac23aba2ccfa80612315215881429ce8c003f8c05cbb7e5c7df4.jpg,Used,Volkswagen,Touareg,Standard,2014,190000,SUV,,Gasoline,,,,,GCC Specs,,,,,,Muscat,Al Khoud,Autos,Cars For Sale,,,,
لانسر ميتسوبيشي2011,"1,350 OMR",https://om.opensooq.com/en/search/285123196,https://opensooq-images.os-cdn.com/previews/2048x0/3b/a1/3ba1f76c171f9d73b53854daacc7c0510b35dd73cab8c5872482bc1d12f9af43.jpg,Used,Mitsubishi,Lancer,Standard,2011,360000,Sedan,,Gasoline,,,,,GCC Specs,,,,,,Muscat,Seeb,Autos,Cars For Sale,,,,
هوندا أكورد EX موديل 2024 (كامل المواصفات) بحالة ممتازة,"6,550 OMR",https://om.opensooq.com/en/search/285123140,https://opensooq-images.os-cdn.com/previews/2048x0/a3/a1/a3a1f4a772bc42f32d8165b168639dec40f23a6abe5989f55a6b770f8de7068f.jpg,Used,Honda,Accord,EX,2024,51000,Sedan,,Gasoline,,,,,American Specs,,,,,,Al Batinah,Al Masnaah,Autos,Cars For Sale,,,,
