Name,Price,URL,Image,Condition,Car Make,Model,Trim,Year,Kilometers,Body Type,Number of Seats,Fuel,Transmission,Engine Size (cc),Exterior Color,Interior Color,Regional Specs,Car License,Insurance,Body Condition,Paint,Payment Method,City,Neighborhood,Category,Subcategory,Interior Options,Exterior Options,Technology Options,VIN Number
لكزس ES 350 موديل 2021،  اللون المميز جدا,"12,650 OMR",https://om.opensooq.com/en/search/285161500,https://opensooq-images.os-cdn.com/previews/2048x0/82/f6/82f66771500f9fbd5773a832b7d8e4f9e1094e5a1c3fe346dfbf26af3417cb6c.jpg,Used,Lexus,ES,ES 300,2021,60000,Sedan,,Gasoline,,,,,American Specs,,,,,,Muscat,Al-Hail,Autos,Cars For Sale,,,,
2018/12 Range Rover Vellar GCC,"9,800 OMR",https://om.opensooq.com/en/search/285159746,https://opensooq-images.os-cdn.com/previews/2048x0/0b/2c/0b2ca532358d588d1616696106f46c8301d9accdcc548c9d22f1606d26b70391.jpg,Used,Land Rover,Range Rover Velar,R-Dynamic,2018,199850,SUV,,Gasoline,,,,,GCC Specs,,,,,,Muscat,Al Maabilah,Autos,Cars For Sale,,,,
الجميله نيسان بطل الدروب بلاتنيوم خليجي بحالة الوكاله,"17,600 OMR",https://om.opensooq.com/en/search/285155870,https://opensooq-images.os-cdn.com/previews/2048x0/a4/f7/a4f7c87ae5d96f113d449284c22cb4c25b6601ba82cead33967851b842b50cfc.jpg,Used,Nissan,Patrol,SE Platinum City,2022,112000,SUV,,Gasoline,,,,,GCC Specs,,,,,,Muscat,Qurm,Autos,Cars For Sale,,,,
تويوتا لاندكروزر توين تيربو 2026 للبيع,"33,800 OMR",https://om.opensooq.com/en/search/285153760,https://opensooq-images.os-cdn.com/previews/2048x0/8c/60/8c601ca09f9d9c777d837b0a0a899af8b922cfd5172d099b93c48128eec3b99f.jpg,New,Toyota,Land Cruiser,GXR,2026,0,SUV,,Gasoline,,,,,GCC Specs,,,,,,Al Batinah,Al Masnaah,Autos,Cars For Sale,,,,
Renault duster 2017 for sale,"1,250 OMR",https://om.opensooq.com/en/search/285125944,https://opensooq-images.os-cdn.com/previews/2048x0/d9/17/d917190fad22bb25ed07e1a436c727ca9414f61c54c14ae632d1dc322ea3a52e.jpg,Used,Renault,Duster,SE,2017,140000,SUV,,Gasoline,,,,,GCC Specs,,,,,,Muscat,Azaiba,Autos,Cars For Sale,,,,
المستخدم الاول نظيف جدا mg hs 2020 ضمان الوكالة لغاية 30 يونيو 2026,"4,500 OMR",https://om.opensooq.com/en/search/285171964,https://opensooq-images.os-cdn.com/previews/2048x0/fe/83/fe83d2351850c9d98deec6152afeba2290cce9195ebdd7bdb05cbbe73c7af54c.jpg,Used,MG,MG HS,,2020,130000,SUV,,Gasoline,,,,,European Specs,,,,,,Muscat,Azaiba,Autos,Cars For Sale,,,,
مرسيدس c300 2016,"2,800 OMR",https://om.opensooq.com/en/search/285122332,https://opensooq-images.os-cdn.com/previews/2048x0/40/d7/40d760f3a79284611fd1eb31f55886f08c5487a21096a4ef22459c79e1c067af.jpg,Used,Mercedes Benz,C-Class,C 300,2016,200000,Sedan,,Gasoline,,,,,European Specs,,,,,,Muscat,Al-Hail,Autos,Cars For Sale,,,,
لاند كروزر G 2005,"5,700 OMR",https://om.opensooq.com/en/search/285171628,https://opensooq-images.os-cdn.com/previews/2048x0/43/c5/43c5c11a55ec60b8f4dfffbf82c89cbbabc709414f36572d1f211c9cd378b591.jpg,Used,Toyota,Land Cruiser,Base,2005,260000,SUV,,Gasoline,,,,,GCC Specs,,,,,,Muscat,Al Maabilah,Autos,Cars For Sale,,,,
كامري 2011نظيف,"1,500 OMR",https://om.opensooq.com/en/search/285155270,https://opensooq-images.os-cdn.com/previews/2048x0/bf/85/bf8504b34a661c021f595fd2143de6b9a34f2b7de17c216252b74c873ad47b67.jpg,Used,Toyota,Camry,LE,2011,300000,Sedan,,Gasoline,,,,,Other Specs,,,,,,Al Sharqiya,Sinaw,Autos,Cars For Sale,,,,
تويوتا راف فور موديل 2022,"4,000 OMR",https://om.opensooq.com/en/search/285171512,https://opensooq-images.os-cdn.com/previews/2048x0/87/10/8710e06bf1a8d5a95e52659d2bca2cb771484ec79262dd83a355e16a7747dc8e.jpg,Used,Toyota,RAV 4,XLE,2022,35000,HatchBack,,Gasoline,,,,,GCC Specs,,,,,,Muscat,Al Khuwair,Autos,Cars For Sale,,,,
نيسان ميكرا 2020 للبيع تم تخفيض السعر لفترة محدودة,"2,550 OMR",https://om.opensooq.com/en/search/285171248,https://opensooq-images.os-cdn.com/previews/2048x0/3c/7c/3c7c3249cf80005baaefacd7ccd504987b0343939ffc3526af2204279b89b6d1.jpg,Used,Nissan,Micra,SV,2020,73800,HatchBack,,Gasoline,,,,,GCC Specs,,,,,,Al Batinah,Sohar,Autos,Cars For Sale,,,,
كامري قمت النظافه للبدل فقط في دوج,"7,000 OMR",https://om.opensooq.com/en/search/285171124,https://opensooq-images.os-cdn.com/previews/2048x0/0c/0d/0c0d6a9fb06a2e600792a786c4904d3d82d018618ecc0dc15c8abbf7a48777dd.jpg,Used,Toyota,Camry,XLE,2018,200000,Coupe,,Gasoline,,,,,American Specs,,,,,,Al Batinah,Shinas,Autos,Cars For Sale,,,,
Toyota corolla XSE,"4,500 OMR",https://om.opensooq.com/en/search/285170514,https://opensooq-images.os-cdn.com/previews/2048x0/79/da/79da80ffae2c5e07a1c87ef478b08b1c844e2782a90a53ea9132d2b42bfb7e23.jpg,Used,Toyota,Corolla,XSE,2019,116000,HatchBack,,Gasoline,,,,,Japanese Specs,,,,,,Muscat,Other,Autos,Cars For Sale,,,,
تويوتا كامري مديل 2018,"5,000 OMR",https://om.opensooq.com/en/search/285169068,https://opensooq-images.os-cdn.com/previews/2048x0/c5/9a/c59ab89ccf66ca061fe1c1baea5a1d744c2c43b74c49b3b12e7b1e0c7772c9c0.jpg,Used,Toyota,Camry,LE,2018,200000,SUV,,Gasoline,,,,,American Specs,,,,,,Al Sharqiya,Wadi Bani Khalid,Autos,Cars For Sale,,,,
كامري للبيع حادث باب فقط,"3,300 OMR",https://om.opensooq.com/en/search/285167410,https://opensooq-images.os-cdn.com/previews/2048x0/0e/25/0e259bb3e4ab086d704135e7450f55763ab7c574a7cd587a55f57758bc412e82.jpg,Used,Toyota,Camry,LE,2017,93000,Sedan,,Gasoline,,,,,American Specs,,,,,,Al Batinah,Al Masnaah,Autos,Cars For Sale,,,,
التيما SR فئه الريضيه موديل 2019,"3,550 OMR",https://om.opensooq.com/en/search/285167078,https://opensooq-images.os-cdn.com/previews/2048x0/39/0d/390d260103baf7fddd88f2ac408c3815ace664fc3df7bc640e131525d52367c9.jpg,Used,Nissan,Altima,SR,2019,121265,Sedan,,Gasoline,,,,,American Specs,,,,,,Al Batinah,Suwaiq,Autos,Cars For Sale,,,,
شوف الوصف.....,"5,200 OMR",https://om.opensooq.com/en/search/285166552,https://opensooq-images.os-cdn.com/previews/2048x0/86/75/86750e7b9abe39a6b880fad4648fa28ecd8cd80fc96e7b5804b2f1f56420fdd8.jpg,Used,Nissan,Patrol,SE,2013,20000,SUV,,Gasoline,,,,,GCC Specs,,,,,,Muscat,Seeb,Autos,Cars For Sale,,,,
سيزوكي فيتارا,"3,100 OMR",https://om.opensooq.com/en/search/284775268,https://opensooq-images.os-cdn.com/previews/2048x0/b0/4a/b04ac04c151f38de8d09136d16317f7a8b5ac0034d89467dd076e12d03418e02.jpg,Used,Suzuki,Vitara,GLX,2016,182000,SUV,,Gasoline,,,,,GCC Specs,,,,,,Muscat,Al Maabilah,Autos,Cars For Sale,,,,
Tesla Model Y Long Range Dual Motor 2021 مواصفات عالية، إضافات مميزة، جاهزة للاستخدام اليومي.,"8,200 OMR",https://om.opensooq.com/en/search/285166190,https://opensooq-images.os-cdn.com/previews/2048x0/2c/5a/2c5a9fabe3377e04be50659eeb4f899c1af40289da5c101591aad08c2960dc4e.jpg,Used,Tesla,Model Y,Long Range,2021,130000,Sedan,,Electric,,,,,American Specs,,,,,,Muscat,Al Maabilah,Autos,Cars For Sale,,,,
mini cooper jcw 2019,"6,300 OMR",https://om.opensooq.com/en/search/285166132,https://opensooq-images.os-cdn.com/previews/2048x0/08/1f/081fb623fc589ce5ce619dc8fddf3ea2647b5abc669c46c70720a6f13668f354.jpg,Used,MINI,Coupe,John Cooper Works,2019,45000,Coupe,,Gasoline,,,,,American Specs,,,,,,Muscat,Al Maabilah,Autos,Cars For Sale,,,,
Jac j7 sedan,"2,750 OMR",https://om.opensooq.com/en/search/285165938,https://opensooq-images.os-cdn.com/previews/2048x0/17/17/1717df42701980470c098f7e1a2859dcca0f31f015360d06ffac9459d6e8a99e.jpg,Used,JAC,J7,Advanced,2021,53000,Sedan,,Gasoline,,,,,GCC Specs,,,,,,Muscat,Qurm,Autos,Cars For Sale,,,,
اوبتيما EX2008مرخصة الي شهر 12,900 OMR,https://om.opensooq.com/en/search/285165620,https://opensooq-images.os-cdn.com/previews/2048x0/69/ec/69ec4cf6e756dc8f7f9c54ee6ebb256a2ad9ee2319cb710fe13a111981278698.jpg,Used,Kia,Optima,LX,2008,500000,Sedan,,Gasoline,,,,,Korean Specs,,,,,,Al Batinah,Saham,Autos,Cars For Sale,,,,
"2008 Mazda 3 Sedan for Sale - GCC Specs, Excellent Condition, Gasoline, Licensed",800 OMR,https://om.opensooq.com/en/search/285165156,https://opensooq-images.os-cdn.com/previews/2048x0/52/48/5248ec113a99d4ff96d28e6f52a1129e57ac1696dfc83ff57f5ca123d5836cef.jpg,Used,Mazda,3,Standard,2008,350000,Sedan,,Gasoline,,,,,GCC Specs,,,,,,Muscat,Ruwi,Autos,Cars For Sale,,,,
تويوتا فورتشنر 2020  مواصفات خليجية صبغ وكاله للبيع,"9,500 OMR",https://om.opensooq.com/en/search/285163130,https://opensooq-images.os-cdn.com/previews/2048x0/5f/e2/5fe2a91cc0baad8995c85e42124a3703dce10d6f018c0e87efd48dd103aad6d4.jpg,Used,Toyota,Fortuner,Exclusive,2020,200000,SUV,,Gasoline,,,,,GCC Specs,,,,,,Al Batinah,Sohar,Autos,Cars For Sale,,,,
هوندا اكورد. 2007,700 OMR,https://om.opensooq.com/en/search/285165036,https://opensooq-images.os-cdn.com/previews/2048x0/7e/6f/7e6f8a2d67d3ce00c57688040df6922110e034a8886eb3485d0b8561b7ddbe16.jpg,Used,Honda,Accord,EX,2007,200000,SUV,,Gasoline,,,,,Korean Specs,,,,,,Muscat,Al Maabilah,Autos,Cars For Sale,,,,
هيواندي كونا موديل2022,"3,500 OMR",https://om.opensooq.com/en/search/285164810,https://opensooq-images.os-cdn.com/previews/2048x0/4b/e7/4be7e62cd793833c151fba43c9b5fc49111646ea38800abdae3b453688c20f93.jpg,Used,Hyundai,Kona,1.6T I4 4WD,2022,1000,HatchBack,,Gasoline,,,,,American Specs,,,,,,Al Batinah,Barka,Autos,Cars For Sale,,,,
Hyundai Tucson 2021للبيع,"4,400 OMR",https://om.opensooq.com/en/search/285164830,https://opensooq-images.os-cdn.com/previews/2048x0/b6/7c/b67ca65757bb36adfdb15c6758af5379fed039c45791e0a864844b3e117f1ede.jpg,Used,Hyundai,Tucson,SE,2021,105000,SUV,,Gasoline,,,,,American Specs,,,,,,Muscat,Al Maabilah,Autos,Cars For Sale,,,,
هوندا سيفيك 2006,"1,100 OMR",https://om.opensooq.com/en/search/285164280,https://opensooq-images.os-cdn.com/previews/2048x0/23/dc/23dcc3cb42e0c7dfffec61a556316f95a04a2d7944ef214a9cd17e332fbd6d89.jpg,Used,Honda,Civic,LX,2006,1000,Sedan,,Gasoline,,,,,GCC Specs,,,,,,Al Batinah,Sohar,Autos,Cars For Sale,,,,
هوند سيفيك 2007,"1,100 OMR",https://om.opensooq.com/en/search/285164044,https://opensooq-images.os-cdn.com/previews/2048x0/23/dc/23dcc3cb42e0c7dfffec61a556316f95a04a2d7944ef214a9cd17e332fbd6d89.jpg,Used,Honda,Civic,LX,2006,1000,Sedan,,Gasoline,,,,,GCC Specs,,,,,,Al Batinah,Sohar,Autos,Cars For Sale,,,,
URGENT SALE - 2013 Nissan Murano SL SUV with Panoramic Roof Tech Features and Good Body Condition,"1,500 OMR",https://om.opensooq.com/en/search/284428700,https://opensooq-images.os-cdn.com/previews/2048x0/7c/53/7c53807a2c057df5ea0db9aa6f1a427bb424798a2097416b804b164482f1f6be.jpg,Used,Nissan,Murano,SL,2013,140000,SUV,,Gasoline,,,,,American Specs,,,,,,Muscat,Seeb,Autos,Cars For Sale,,,,
فورد برونكو,"7,000 OMR",https://om.opensooq.com/en/search/285163520,https://opensooq-images.os-cdn.com/previews/2048x0/ea/38/ea38489d3aec54fb3c67f5a1b08fb3cd5e6837ea0ab87d57884341f229a516d3.jpg,Used,Ford,Bronco,Big Bend,2023,25000,SUV,,Gasoline,,,,,American Specs,,,,,,Al Batinah,Sohar,Autos,Cars For Sale,,,,
دوج شارجر 2021 قابل للبدل او للبيع,"5,800 OMR",https://om.opensooq.com/en/search/285163560,https://opensooq-images.os-cdn.com/previews/2048x0/19/19/19198baaae5c126cb0f7f797255502f4800d7d1b6a38b97e551eb33ca33bd837.jpg,Used,Dodge,Charger,R/T,2021,162000,Sedan,,Gasoline,,,,,American Specs,,,,,,Muscat,Al Mouj,Autos,Cars For Sale,,,,
سوناتا 2021 فل اوبشن اعلى فئة,"5,800 OMR",https://om.opensooq.com/en/search/285163518,https://opensooq-images.os-cdn.com/previews/2048x0/04/65/0465ed7f8aaf934b21ae782b1d0fe34443974af2f5a337a3bff1dbf93db4f43f.jpg,Used,Hyundai,Sonata,Limited,2021,180000,Sedan,,Gasoline,,,,,GCC Specs,,,,,,Muscat,Al Mouj,Autos,Cars For Sale,,,,
جيب جراند شروكي للبدل او للبيع,"5,300 OMR",https://om.opensooq.com/en/search/285163494,https://opensooq-images.os-cdn.com/previews/2048x0/df/c7/dfc795560d756b60764cbf560b8fc0f4497fd13b2aaefac6a52e3ef53923e3a3.jpg,Used,Jeep,Grand Cherokee,Laredo,2018,1160,SUV,,Gasoline,,,,,American Specs,,,,,,Muscat,Al Mouj,Autos,Cars For Sale,,,,
دوج شالنجر 2018 RT 345,"5,800 OMR",https://om.opensooq.com/en/search/285163462,https://opensooq-images.os-cdn.com/previews/2048x0/a7/a9/a7a903e3f600aa656822b040f47c7ad6888a6f8b1d31f382aeee54740eeccb38.jpg,Used,Dodge,Challenger,R/T,2018,140000,Coupe,,Gasoline,,,,,American Specs,,,,,,Muscat,Al Mouj,Autos,Cars For Sale,,,,
RAM REBEL 2019,"11,000 OMR",https://om.opensooq.com/en/search/285163348,https://opensooq-images.os-cdn.com/previews/2048x0/1a/c0/1ac0a7ca13da7aa04bc1a65f130f198e2809f22b0c7e04b151a3887fa88f6a25.jpg,Used,Dodge,Ram,Rebel,2019,226000,PickUp,,Gasoline,,,,,American Specs,,,,,,Buraimi,Other,Autos,Cars For Sale,,,,
Mini Cooper S 2018,"3,500 OMR",https://om.opensooq.com/en/search/285163106,https://opensooq-images.os-cdn.com/previews/2048x0/75/3b/753bebf565d88137b6e8b48e8e1e8e7ac4ac6b63501928067590d79aacccbe63.jpg,Used,MINI,Other,,2018,204000,HatchBack,,Gasoline,,,,,GCC Specs,,,,,,Muscat,Qurm,Autos,Cars For Sale,,,,
للبيع مازاراتي كوارتربورتي,"7,100 OMR",https://om.opensooq.com/en/search/285160792,https://opensooq-images.os-cdn.com/previews/2048x0/ad/6b/ad6b163790c708f45ec7dcac972476af646c582f5fa629dc2e04e88f907a0b24.jpg,Used,Maserati,Quattroporte,S Q4,2015,146000,Sedan,,Gasoline,,,,,Other Specs,,,,,,Muscat,Al Mouj,Autos,Cars For Sale,,,,
كورولا 2019,"3,900 OMR",https://om.opensooq.com/en/search/285162970,https://opensooq-images.os-cdn.com/previews/2048x0/a9/a0/a9a0099adc13969ed48942696821ab9e285b1a296f1473eda2c757046b2bc8fa.jpg,Used,Toyota,Corolla,LE,2019,190000,Sedan,,Gasoline,,,,,American Specs,,,,,,Al Batinah,Saham,Autos,Cars For Sale,,,,
نيسان سنترا 2020 موديل SV لون أسود مركبة مرخصة وتامة المواصفات,"3,800 OMR",https://om.opensooq.com/en/search/285162870,https://opensooq-images.os-cdn.com/previews/2048x0/a8/bc/a8bc618613166e9c929f63b8a500c0af300e2c93.mp4.preview.jpg,Used,Nissan,Sentra,SV,2020,156000,Sedan,,Gasoline,,,,,American Specs,,,,,,Al Batinah,Liwa,Autos,Cars For Sale,,,,
نيسان ارمادا فورويل,"7,700 OMR",https://om.opensooq.com/en/search/285162992,https://opensooq-images.os-cdn.com/previews/2048x0/ed/70/ed70c110da3f22ad95930924a762d293d7098726bf30c8e741a6579057bee8a7.jpg,New,Nissan,Armada,Platinum,2017,130,SUV,,Gasoline,,,,,American Specs,,,,,,Al Sharqiya,Al Mudaibi,Autos,Cars For Sale,,,,
mini Cooper S,"3,500 OMR",https://om.opensooq.com/en/search/285162822,https://opensooq-images.os-cdn.com/previews/2048x0/75/3b/753bebf565d88137b6e8b48e8e1e8e7ac4ac6b63501928067590d79aacccbe63.jpg,Used,MINI,Other,,2018,204000,HatchBack,,Gasoline,,,,,GCC Specs,,,,,,Muscat,Qurm,Autos,Cars For Sale,,,,
سيارة ام جي 6 موديل 2021 صالون بألوان أسمنتي وميزات خليجية مع تقنية حديثة,"2,500 OMR",https://om.opensooq.com/en/search/285162568,https://opensooq-images.os-cdn.com/previews/2048x0/75/45/7545b3946c3a9e766226f01ecda2e4f1047b577fcd8d254b744e6ee4407b1550.jpg,Used,MG,MG 6,,2021,200000,Sedan,,Gasoline,,,,,GCC Specs,,,,,,Al Batinah,Barka,Autos,Cars For Sale,,,,
تويوتا كامري 2019 XSE,"6,800 OMR",https://om.opensooq.com/en/search/285162530,https://opensooq-images.os-cdn.com/previews/2048x0/5d/2c/5d2c5974bfa5cc7c36ef2fe169f8466b1cc871720bc09f97c0af4b5ffd3b4fe3.jpg,Used,Toyota,Camry,XSE,2019,150000,Sedan,,Gasoline,,,,,American Specs,,,,,,Al Dakhiliya,Nizwa,Autos,Cars For Sale,,,,
رام ريبيل 2019 للبيع او البدل بما يناسبني - برجاء قراءة التفاصيل,"10,500 OMR",https://om.opensooq.com/en/search/285162014,https://opensooq-images.os-cdn.com/previews/2048x0/04/ff/04ff15dbaedffd93cd33ba11416b51690f48df1523bbb0d22bfe5f4753ad5d54.jpg,Used,Dodge,Ram,Rebel,2019,165000,PickUp,,Gasoline,,,,,American Specs,,,,,,Muscat,Al Mawaleh,Autos,Cars For Sale,,,,
للبيع جي ام سي يوكن دينالي خليجي,"3,200 OMR",https://om.opensooq.com/en/search/285161470,https://opensooq-images.os-cdn.com/previews/2048x0/28/f1/28f14701d5f98cc77b7f71b11446321bb95bfe710351e7a7b8c063af5fa5b419.jpg,Used,GMC,Yukon,Denali,2012,350000,SUV,,Gasoline,,,,,GCC Specs,,,,,,Al Batinah,Barka,Autos,Cars For Sale,,,,
كيا ستنجر جي تي سبورت  KIA STINGER GT 1,"4,900 OMR",https://om.opensooq.com/en/search/285161214,https://opensooq-images.os-cdn.com/previews/2048x0/20/fb/20fb885ea157386f8843de3022ef70c8769c6e28175d939bf159feda76d5bbaf.jpg,Used,Kia,Stinger,GT1,2018,170121,Sedan,,Gasoline,,,,,American Specs,,,,,,Muscat,Al Maabilah,Autos,Cars For Sale,,,,
هوندا اكورد EX 2024 للبيع,"7,500 OMR",https://om.opensooq.com/en/search/285044184,https://opensooq-images.os-cdn.com/previews/2048x0/a4/f2/a4f24c73478f2cbd040aba4a25a6f3ede0ac5ad3e5cb0ceff18037af505a0882.jpg,Used,Honda,Accord,EX,2024,47000,Sedan,,Gasoline,,,,,American Specs,,,,,,Al Dakhiliya,Nizwa,Autos,Cars For Sale,,,,
Hyundai Tucson 2013 for sale,"2,200 OMR",https://om.opensooq.com/en/search/285159518,https://opensooq-images.os-cdn.com/previews/2048x0/62/10/62107c63c144b188c7c6b511248b11f4b4613397ca129c3f7f242390ab96155f.jpg,Used,Hyundai,Tucson,Limited,2013,198600,SUV,,Gasoline,,,,,Other Specs,,,,,,Muscat,Madinat As Sultan Qaboos,Autos,Cars For Sale,,,,
لاندروفر ال ار 4,"3,000 OMR",https://om.opensooq.com/en/search/285159678,https://opensooq-images.os-cdn.com/previews/2048x0/81/f9/81f969fb5d05e10cf33de25ebdb435605544d5f0da61aee7b89bc8cc7c7347ca.jpg,Used,Land Rover,LR4,Limited Edition LR4 Pursuit,2010,200000,SUV,,Gasoline,,,,,GCC Specs,,,,,,Muscat,Seeb,Autos,Cars For Sale,,,,
للبيع  T2 Jetour 2024,"10,800 OMR",https://om.opensooq.com/en/search/285159280,https://opensooq-images.os-cdn.com/previews/2048x0/51/ab/51ab2d55c6c58913ab36dbc23d330e79e7599438ca6ede2fe33d1edf5e609166.jpg,Used,Jetour,T2,,2024,53000,SUV,,Gasoline,,,,,GCC Specs,,,,,,Muscat,Bosher,Autos,Cars For Sale,,,,
GMC ACADIA SLT 2019 56000km Mileage only,"6,500 OMR",https://om.opensooq.com/en/search/285159010,https://opensooq-images.os-cdn.com/previews/2048x0/2b/e1/2be1ce7ee198104400b6328938f5ad0984f65f0e10c9a9768e3e5dac11680bd8.jpg,Used,GMC,Acadia,SLT,2019,56000,SUV,,Gasoline,,,,,GCC Specs,,,,,,Muscat,Ghubrah,Autos,Cars For Sale,,,,
فيرسا 2012,"1,050 OMR",https://om.opensooq.com/en/search/285159034,https://opensooq-images.os-cdn.com/previews/2048x0/78/6f/786fc6e2b4a81454ed6b9fcdaa024b83856479ce8209248af4cc250a1ea66185.jpg,Used,Nissan,Tiida,,2012,3000,Sedan,,Gasoline,,,,,American Specs,,,,,,Buraimi,Al Buraimi,Autos,Cars For Sale,,,,
التيما SV 2021 للبيع,"3,950 OMR",https://om.opensooq.com/en/search/285159012,https://opensooq-images.os-cdn.com/previews/2048x0/1d/32/1d32076910d6e0a1929f09daa578fe31c565e2aa475c96aaf8d5b8d9dde5d731.jpg,Used,Nissan,Altima,SV,2021,184000,Sedan,,Gasoline,,,,,Other Specs,,,,,,Al Batinah,Saham,Autos,Cars For Sale,,,,
تويوتا كامري 2001 للبيع,"1,500 OMR",https://om.opensooq.com/en/search/285158818,https://opensooq-images.os-cdn.com/previews/2048x0/63/ef/63efd83869f9c8d5ce5fa86598d97c68c170ce98ef882f3eb7b345d5f1cef81d.jpg,Used,Toyota,Camry,LE,2001,9999,Sedan,,Gasoline,,,,,American Specs,,,,,,Al Batinah,Al Masnaah,Autos,Cars For Sale,,,,
فريسا /تيدا 2009,"1,100 OMR",https://om.opensooq.com/en/search/285158608,https://opensooq-images.os-cdn.com/previews/2048x0/3f/e8/3fe8b7683d3f8466bfc7c1171179d8c54dcecad8a560a3b90954cbb66cd3af36.jpg,Used,Nissan,Tiida,,2009,149000,HatchBack,,Gasoline,,,,,American Specs,,,,,,Al Dhahirah,Yunqul,Autos,Cars For Sale,,,,
صالون شيفروليه ماليبو LS 2021 للبيع او البدل بالمناسب,"3,200 OMR",https://om.opensooq.com/en/search/285158468,https://opensooq-images.os-cdn.com/previews/2048x0/47/3a/473ab6cdd98ebf59a7305088f764ce6f82f4c999ea7343fb2a2876fbda089695.jpg,Used,Chevrolet,Malibu,LS,2021,100326,Sedan,,Gasoline,,,,,GCC Specs,,,,,,Al Batinah,Suwaiq,Autos,Cars For Sale,,,,
جمس سييرا موديل 24 SLE خليجي وكالة عمان، بحالة الوكاله وبدون حوادث وممشى تحت 18 الف كم,"16,700 OMR",https://om.opensooq.com/en/search/285158470,https://opensooq-images.os-cdn.com/previews/2048x0/f6/0f/f60fd5d5e2849f6ba30cb24b08c9c4a347c1f2b23bbd3e07d1df632b29810fbe.jpg,Used,GMC,Sierra,Standard,2024,17000,PickUp,,Gasoline,,,,,GCC Specs,,,,,,Muscat,Al Maabilah,Autos,Cars For Sale,,,,
ام جي 5 2026 زيرو كم يلي يبحث ع موتر اقتصادي,"4,700 OMR",https://om.opensooq.com/en/search/285158226,https://opensooq-images.os-cdn.com/previews/2048x0/99/d8/99d87113ff9a3a14a002abc60f4f4a44551b5bfdfc084d0c8cb10d3fced048df.jpg,New,MG,MG 5,,2026,0,Sedan,,Gasoline,,,,,GCC Specs,,,,,,Muscat,Al-Hail,Autos,Cars For Sale,,,,
تويوتا لندكلوزر 2010 نظيف جدا استخدام شخصي,"11,000 OMR",https://om.opensooq.com/en/search/285157328,https://opensooq-images.os-cdn.com/previews/2048x0/93/cf/93cf43d02b29137761316ec901bd5f069806285c893b16c175afaf56d0cc19ca.jpg,Used,Toyota,Land Cruiser,VXR,2010,300000,SUV,,Gasoline,,,,,GCC Specs,,,,,,Muscat,Al Jafnayn,Autos,Cars For Sale,,,,
مرسيديس E300 2019 خليجي GCC,"11,900 OMR",https://om.opensooq.com/en/search/285157714,https://opensooq-images.os-cdn.com/previews/2048x0/10/ac/10acafd5ee73dc2477a1fcd4e9fe923e5f2589e86254d9e6791b5d35b0355716.jpg,Used,Mercedes Benz,E-Class,E 300,2019,113000,Sedan,,Gasoline,,,,,European Specs,,,,,,Muscat,Seeb,Autos,Cars For Sale,,,,
نيسان للبيع مديل 2014 للبيع,"5,000 OMR",https://om.opensooq.com/en/search/285156706,https://opensooq-images.os-cdn.com/previews/2048x0/3b/7c/3b7cc82e9c3c17722df8e94541c95035abe3ce2da2306ff77cc3f7fa8d8e6d1d.jpg,Used,Nissan,Patrol,SE,2014,400000,SUV,,Gasoline,,,,,GCC Specs,,,,,,Al Sharqiya,Bidiya,Autos,Cars For Sale,,,,
سوناتا 2007 نظيفة,800 OMR,https://om.opensooq.com/en/search/285157444,https://opensooq-images.os-cdn.com/previews/2048x0/7e/4d/7e4daa8f7537f47d323840da49286aae737b833c97f8b0fe0262d1c405c09883.jpg,Used,Hyundai,Sonata,GL,2007,100000,Sedan,,Gasoline,,,,,GCC Specs,,,,,,Muscat,Bosher,Autos,Cars For Sale,,,,
Mercedes Benz E350 (AMG),"9,500 OMR",https://om.opensooq.com/en/search/285157274,https://opensooq-images.os-cdn.com/previews/2048x0/9b/b9/9bb960bed39e8ec1d5feb105d6d3f359d7160c2f49f91e806e9261300b5d3b29.jpg,Used,Mercedes Benz,E-Class,E 350,2020,85000,Sedan,,Gasoline,,,,,American Specs,,,,,,Muscat,Other,Autos,Cars For Sale,,,,
تويوتا افلون موديل 2017 لمتد نظيف جدا,"5,600 OMR",https://om.opensooq.com/en/search/285157268,https://opensooq-images.os-cdn.com/previews/2048x0/0a/ca/0aca473d453281454d82d0050719d1023b68030c08cce70afa49bd6c927d22d0.jpg,Used,Toyota,Avalon,Limited,2017,161632,Sedan,,Gasoline,,,,,American Specs,,,,,,Muscat,Al Mawaleh,Autos,Cars For Sale,,,,
موستانج ايكوبوست 2015 Mustang EcoBoost,"4,500 OMR",https://om.opensooq.com/en/search/285157278,https://opensooq-images.os-cdn.com/previews/2048x0/1c/dc/1cdcc7015852e2281e1ac1cbd7dfdf0e88803292241b8b7f5d346fd7d7420c1f.jpg,Used,Ford,Ecosport,Standard,2015,91000,Sedan,,Gasoline,,,,,American Specs,,,,,,Muscat,Al Maabilah,Autos,Cars For Sale,,,,
فورد موستانج شلبي GT500 فئة الكاربون اديشن 2022 FORD MUSTANG SHELBY GT500 CARBON FIBER TRACK PACKAGE,"24,900 OMR",https://om.opensooq.com/en/search/285157254,https://opensooq-images.os-cdn.com/previews/2048x0/ce/7c/ce7c745742d47e92e547a63cad9d94f6e08e2e5c5a5600147e1a0f8762e426d2.jpg,Used,Ford,Mustang,Shelby GT500,2022,39000,Sedan,,Gasoline,,,,,American Specs,,,,,,Muscat,Al Maabilah,Autos,Cars For Sale,,,,
بي ام دبليو الفئة الخامسة في قمة النظافة 2025 BMW 530i,"20,900 OMR",https://om.opensooq.com/en/search/285157228,https://opensooq-images.os-cdn.com/previews/2048x0/25/4c/254ca6d7aa366fa37d6346ada7e23c50a2fd4381396741def57371939a6cd755.jpg,Used,BMW,5 Series,530,2025,28000,Sedan,,Gasoline,,,,,American Specs,,,,,,Muscat,Al Maabilah,Autos,Cars For Sale,,,,
بي ام دبليو الفئة الخامسة وكالة عمان 2012 BMW 530i Oman,"3,900 OMR",https://om.opensooq.com/en/search/285157216,https://opensooq-images.os-cdn.com/previews/2048x0/6e/de/6edef828c1b2418396933c619020a65632114315c04321e1120f7b1a88688443.jpg,Used,BMW,5 Series,530,2012,357000,Sedan,,Gasoline,,,,,GCC Specs,,,,,,Muscat,Al Maabilah,Autos,Cars For Sale,,,,
شيفرولية كورفيت زد أو سكس 2019 Chevrolet Corvette C7 Z06,"24,500 OMR",https://om.opensooq.com/en/search/285157184,https://opensooq-images.os-cdn.com/previews/2048x0/06/d3/06d30f462b9c61e7cb2fdd5b3fbb6309f199731536b6084b9fde1b2aa0b4f3c3.jpg,Used,Chevrolet,Corvette,C7 Z6,2019,14000,Sedan,,Gasoline,,,,,American Specs,,,,,,Muscat,Al Maabilah,Autos,Cars For Sale,,,,
شيفرولية كورفيت وكالة عمان  بدون حوادث Chevrolet Corvette C7,"13,700 OMR",https://om.opensooq.com/en/search/285157156,https://opensooq-images.os-cdn.com/previews/2048x0/85/b8/85b80cf1f788a6b27c5213aa8be898a8a1538affe281825450d17ad82c496e6a.jpg,Used,Chevrolet,Corvette,C7,2014,189000,Sedan,,Gasoline,,,,,GCC Specs,,,,,,Muscat,Al Maabilah,Autos,Cars For Sale,,,,
شيفرولية كورفيت سي 7 2015 Chevrolet Corvette C7,"12,800 OMR",https://om.opensooq.com/en/search/285157134,https://opensooq-images.os-cdn.com/previews/2048x0/ee/08/ee086b633ea4e967f9aea10b271d670f0eac7c18bb869d3f3bc3173df7ba89a5.jpg,Used,Chevrolet,Corvette,C7,2015,160000,Sedan,,Gasoline,,,,,American Specs,,,,,,Muscat,Al Maabilah,Autos,Cars For Sale,,,,
شيفرولية كورفت C8 ZO6 موديل 2024 سبايدر بأعلى المواصفات CHEVROLET CORVETTE C8 ZO6 3LZ,"48,000 OMR",https://om.opensooq.com/en/search/285157122,https://opensooq-images.os-cdn.com/previews/2048x0/be/9c/be9c8ff98b511f9bb3a9fecf5c5bb21a0d2e53134df466eed1680eff9bffb0ab.jpg,Used,Chevrolet,Corvette,Z6 3LT,2024,15000,Convertible,,Gasoline,,,,,American Specs,,,,,,Muscat,Muscat Hills,Autos,Cars For Sale,,,,
شيفرولية كمارو ZL1 1LE في قمة النظافة 2021 Chevrolet Camaro ZL1 1LE,"19,800 OMR",https://om.opensooq.com/en/search/285157046,https://opensooq-images.os-cdn.com/previews/2048x0/02/3e/023e1c0cd60f572de8c05ec2d4836429972dcc107f647fa229f67bdc7b7961d1.jpg,Used,Chevrolet,Camaro,ZL1 2SS,2021,66000,Sedan,,Gasoline,,,,,American Specs,,,,,,Muscat,Al Maabilah,Autos,Cars For Sale,,,,
سوبارو أمبريزا وكالة عمان 2019 Subaru Impreza,"3,900 OMR",https://om.opensooq.com/en/search/285156914,https://opensooq-images.os-cdn.com/previews/2048x0/99/c6/99c6a82f2b040ae051e6cb9a583ac61973f0760c2ed539c5929270cc26ce49d7.jpg,Used,Subaru,Impreza,Base,2019,180000,Sedan,,Gasoline,,,,,GCC Specs,,,,,,Muscat,Al Maabilah,Autos,Cars For Sale,,,,
مازيراتي ليفانتي وكالة عمان في قمة النظافة 2017 Maserati Levantine,"14,500 OMR",https://om.opensooq.com/en/search/285156878,https://opensooq-images.os-cdn.com/previews/2048x0/f0/8e/f08ef51b75ddaa29252757c0dc8d12e96bb5f6435335571a68cbd097edc0acb1.jpg,Used,Maserati,Levante,GranSport,2017,189000,SUV,,Gasoline,,,,,GCC Specs,,,,,,Muscat,Al Maabilah,Autos,Cars For Sale,,,,
نيسان باترول بلاتينيوم موديل 2014,"7,500 OMR",https://om.opensooq.com/en/search/285156750,https://opensooq-images.os-cdn.com/previews/2048x0/fa/63/fa635731fc773993322f957ebfcdb0111572d4e3d268d08daec9e18d0f7aa93e.jpg,Used,Nissan,Patrol,LE Platinum,2014,100000,SUV,,Gasoline,,,,,GCC Specs,,,,,,Al Batinah,Al Khaboura,Autos,Cars For Sale,,,,
تويوتا أفلون,"1,100 OMR",https://om.opensooq.com/en/search/285156844,https://opensooq-images.os-cdn.com/previews/2048x0/f7/ed/f7ed254c6305bd6cd08497cddbf67e27c17511eaa2213583fec79e9eba8fe438.jpg,Used,Toyota,Avalon,Base,2001,258000,Sedan,,Gasoline,,,,,American Specs,,,,,,Muscat,Al Maabilah,Autos,Cars For Sale,,,,
Hyundai sonata 2011,"1,250 OMR",https://om.opensooq.com/en/search/285156252,https://opensooq-images.os-cdn.com/previews/2048x0/8a/49/8a49f9c8474b8e45f05531ef8c3fc9250f90e649c959468345ddcf02eff1d09e.jpg,Used,Hyundai,Sonata,GL,2011,20000,Sedan,,Gasoline,,,,,American Specs,,,,,,Al Dakhiliya,Nizwa,Autos,Cars For Sale,,,,
شيفرولية تاهو ار اس تي 2022 Chevrolet Taho RST,"14,600 OMR",https://om.opensooq.com/en/search/285156782,https://opensooq-images.os-cdn.com/previews/2048x0/fa/14/fa14827985c486bc8d0846ff4078f6255fa331af04cac789398ee83e2349748c.jpg,Used,Chevrolet,Tahoe,RST,2022,84000,SUV,,Gasoline,,,,,American Specs,,,,,,Muscat,Al Maabilah,Autos,Cars For Sale,,,,
للبيع كيا ريو  Kia,"1,300 OMR",https://om.opensooq.com/en/search/285156682,https://opensooq-images.os-cdn.com/previews/2048x0/df/63/df63e703aa46ce1b2bce0986555fde251b57a4bc211be5a148ffcc42e3d4c461.jpg,Used,Kia,Rio,Standard,2013,274095,Sedan,,Gasoline,,,,,Korean Specs,,,,,,Muscat,Seeb,Autos,Cars For Sale,,,,
نيسان باترول فتك سسبنشن KING ورنجات برايد 2018 Nissan Patrol VTC,"13,500 OMR",https://om.opensooq.com/en/search/285156746,https://opensooq-images.os-cdn.com/previews/2048x0/9c/d1/9cd1f7bc30267d222f724ba5a22b5145bfc5c9a65325aba1a0a594a440d1ef01.jpg,Used,Nissan,Patrol,Safari,2018,80000,SUV,,Gasoline,,,,,GCC Specs,,,,,,Muscat,Al Maabilah,Autos,Cars For Sale,,,,
لكزس بيك اب 2011 جديدة مرخصة بمواصفات خليجية داخلية بني,"7,500 OMR",https://om.opensooq.com/en/search/285156460,https://opensooq-images.os-cdn.com/previews/2048x0/0c/9e/0c9e19fd21aa32d155302c2a4377275100d9a5756c8aa361eb935b3a9a52ba0d.jpg,New,Lexus,Other,,2011,0,PickUp,,Gasoline,,,,,GCC Specs,,,,,,Al Dakhiliya,Adam,Autos,Cars For Sale,,,,
رنج روفر فيلار 2018 Range Rover Velar SE,"10,900 OMR",https://om.opensooq.com/en/search/285156606,https://opensooq-images.os-cdn.com/previews/2048x0/8f/49/8f490ec670573928efecbf67674bc034511f29c6cc7bd1929262ab1384a0c2c0.jpg,Used,Land Rover,Range Rover Velar,Dynamic SE,2018,100000,SUV,,Gasoline,,,,,GCC Specs,,,,,,Muscat,Al Maabilah,Autos,Cars For Sale,,,,
لاند روفر ديفندر خليجي تحت الضمان في قمة النظافة 2022 Land Rover Defender X-Dynamic,"28,500 OMR",https://om.opensooq.com/en/search/285156560,https://opensooq-images.os-cdn.com/previews/2048x0/87/fc/87fc76e4c944e74ae23693cb40dc99b766a4d3ac2ef0b021652d7260e934d8b5.jpg,Used,Land Rover,Defender,110 X-Dynamic,2022,134000,SUV,,Gasoline,,,,,GCC Specs,,,,,,Muscat,Al Maabilah,Autos,Cars For Sale,,,,
جي ام سي يوكن اس ال تي 2019 GMC YUKON SLT,"8,400 OMR",https://om.opensooq.com/en/search/285156496,https://opensooq-images.os-cdn.com/previews/2048x0/c9/83/c983f9664f1d135c47e1ff790a3991c0454864c546adc10f7d4887c814b62417.jpg,Used,GMC,Yukon,SLT,2019,186000,SUV,,Gasoline,,,,,American Specs,,,,,,Muscat,Al Maabilah,Autos,Cars For Sale,,,,
هان ال دي ام -اي 2025 زيرو كم,"111,112 OMR",https://om.opensooq.com/en/search/285156472,https://opensooq-images.os-cdn.com/previews/2048x0/ff/09/ff09472fcb91120b4d1e67a60f44ecfd5e2a06eb766b3622777610085066e3fa.jpg,New,BYD,Han,,2025,0,Sedan,,Electric,,,,,Chinese Specs,,,,,,Muscat,Al-Hail,Autos,Cars For Sale,,,,
شيفرولية سلفرادو بممشى قليل !! في قمة النظافة  2025 Chevrolet Silverado RST,"15,200 OMR",https://om.opensooq.com/en/search/285156372,https://opensooq-images.os-cdn.com/previews/2048x0/ac/a4/aca40514c06d118764072435ee822522d8c627edabcb0d655c6ce68e6aad4c23.jpg,Used,Chevrolet,Silverado,"1,500 RST",2025,1000,PickUp,,Gasoline,,,,,American Specs,,,,,,Muscat,Al Maabilah,Autos,Cars For Sale,,,,
شيفرولية سلفرادو تريل بوس في قمة النظافة 2019 Chevrolet Silverado Trail Boss,"8,900 OMR",https://om.opensooq.com/en/search/285156360,https://opensooq-images.os-cdn.com/previews/2048x0/72/ee/72ee5a37f29d351b5825eaba149ea901f204a11c74cad870b1214bd0e522930f.jpg,Used,Chevrolet,Silverado,"1,500",2019,238000,PickUp,,Gasoline,,,,,GCC Specs,,,,,,Muscat,Al Maabilah,Autos,Cars For Sale,,,,
شيفرولية سلفرادو ار اس تي 2022 Chevrolet Silverado RST,"13,800 OMR",https://om.opensooq.com/en/search/285156346,https://opensooq-images.os-cdn.com/previews/2048x0/8e/b3/8eb375ca3c874fc0b8c188d5ad9fbfd118620cf89a25764a4fd86f64b4865d84.jpg,Used,Chevrolet,Silverado,"1,500 RST",2022,98000,PickUp,,Gasoline,,,,,American Specs,,,,,,Muscat,Al Maabilah,Autos,Cars For Sale,,,,
لكزس جي اس 430 للبيع فقط,"2,000 OMR",https://om.opensooq.com/en/search/285154920,https://opensooq-images.os-cdn.com/previews/2048x0/0d/9a/0d9ad10956fd83a5595bcd04a69e1eba4a92957a0eb99793bd863d6926ae4912.jpg,Used,Lexus,GS,GS 430,2006,625000,Sedan,,Gasoline,,,,,GCC Specs,,,,,,Muscat,Al-Hail,Autos,Cars For Sale,,,,
دودج رام ليميتد 2019 Dodge Ram Limited,"8,200 OMR",https://om.opensooq.com/en/search/285156216,https://opensooq-images.os-cdn.com/previews/2048x0/05/cd/05cdd88c218646378b41cbae738fe0e186326626f5565c76d381c468a9e3bcd3.jpg,Used,Dodge,Ram,Limited,2019,300000,SUV,,Gasoline,,,,,American Specs,,,,,,Muscat,Al Maabilah,Autos,Cars For Sale,,,,
تاهو 2010 جاهز للستخدام,"1,950 OMR",https://om.opensooq.com/en/search/285156120,https://opensooq-images.os-cdn.com/previews/2048x0/c4/f8/c4f879fe5e0e383bb4a8a1b5c34ce612424d33f0863c13ea1a58dfd5231e4a4c.jpg,Used,Chevrolet,Tahoe,LT,2010,3000,SUV,,Gasoline,,,,,Japanese Specs,,,,,,Muscat,sultan haitham city,Autos,Cars For Sale,,,,
دودج تشارجر هيلكات اكثر من الف حصان وكالة عمان 2016 Dodge Charger SRT HELLCAT 1000+ HP,"19,200 OMR",https://om.opensooq.com/en/search/285156176,https://opensooq-images.os-cdn.com/previews/2048x0/af/b5/afb584fd96886a7b7e9c122f016bbf25c83d3fe6aeced9539cf55d9ef9d2a929.jpg,Used,Dodge,Charger,SRT8 Hellcat,2016,88000,Sedan,,Gasoline,,,,,GCC Specs,,,,,,Muscat,Al Maabilah,Autos,Cars For Sale,,,,
دودج تشارجر هيلكات خليجي في قمة النظافة 2016 Dodge Charger HellCat G.C.C,"13,700 OMR",https://om.opensooq.com/en/search/285156160,https://opensooq-images.os-cdn.com/previews/2048x0/31/56/31568e0a6256ed8b16035c15ac0caaccd1996d70a98505de9ac99838eae37a47.jpg,Used,Dodge,Charger,SRT8 Hellcat,2016,96000,Sedan,,Gasoline,,,,,GCC Specs,,,,,,Muscat,Al Maabilah,Autos,Cars For Sale,,,,
بس ام دبليو الفئة السادسة وكالة عمان 2013 BMW 640 I,"5,900 OMR",https://om.opensooq.com/en/search/285156122,https://opensooq-images.os-cdn.com/previews/2048x0/5f/67/5f67e48b188a42efabf974a115bc82bb1b5ade729404a9b0214aaa5aaf0e7ad6.jpg,Used,BMW,6 Series,640,2013,230000,Sedan,,Gasoline,,,,,GCC Specs,,,,,,Muscat,Al Maabilah,Autos,Cars For Sale,,,,
تويوتا GT86 2014 قمه ف النظافه اقتصاديه بمظهر رياضي,"2,900 OMR",https://om.opensooq.com/en/search/285156088,https://opensooq-images.os-cdn.com/previews/2048x0/9d/30/9d30c8f8fbac0c4cdbe3bbb1526173caba30c34eca67a6da218fa4a7e989e353.jpg,Used,Toyota,GT86,GS,2014,214000,Sedan,,Gasoline,,,,,American Specs,,,,,,Muscat,Al Maabilah,Autos,Cars For Sale,,,,
جيب رانجلر روبيكون 392 وكالة عمان شبه أصفار في قمة النظافة 2024 Jeep Wrangler Rubicon 392,"33,500 OMR",https://om.opensooq.com/en/search/285156022,https://opensooq-images.os-cdn.com/previews/2048x0/66/1e/661e9d2a0388c2eddb6271cd350abae0e10f4d7528d109e9d949f97485fb6c4e.jpg,Used,Jeep,Wrangler,Rubicon 392,2024,7000,SUV,,Gasoline,,,,,GCC Specs,,,,,,Muscat,Al Maabilah,Autos,Cars For Sale,,,,
بورش كايين GTS 2014 خليجي قمه ف النظافه,"5,600 OMR",https://om.opensooq.com/en/search/285155994,https://opensooq-images.os-cdn.com/previews/2048x0/64/63/64639397435c6c07f7a043b7859fd9bb2c7febc981c324d0aabcae002630fbd7.jpg,Used,Porsche,Cayenne,Cayenne GTS,2014,225000,SUV,,Gasoline,,,,,GCC Specs,,,,,,Muscat,Al Maabilah,Autos,Cars For Sale,,,,
أودي آر 8 وكالة عمان 2009 AUDI R8 G.C.C OMAN,"16,500 OMR",https://om.opensooq.com/en/search/285155966,https://opensooq-images.os-cdn.com/previews/2048x0/c5/cc/c5cc33443d919915c06f173ce630e5d892ffb1b174f4e8424e0cf08d37c0d852.jpg,Used,Audi,R8,Coupe,2009,110000,Coupe,,Gasoline,,,,,GCC Specs,,,,,,Muscat,Al Maabilah,Autos,Cars For Sale,,,,
سييرا AT4 الشكل الجديد 2024 وكالة عمان,"23,300 OMR",https://om.opensooq.com/en/search/285155772,https://opensooq-images.os-cdn.com/previews/2048x0/fc/35/fc35641e01cc836233d4f985551cb13cfb73791f9f1e5b84899b0f1e03d0af20.jpg,Used,GMC,Sierra,AT4,2024,7300,PickUp,,Gasoline,,,,,GCC Specs,,,,,,Muscat,Ghubrah,Autos,Cars For Sale,,,,
موتر مسرفس كامل,"3,500 OMR",https://om.opensooq.com/en/search/285155736,https://opensooq-images.os-cdn.com/previews/2048x0/0f/97/0f974ad50b1b5df58719af821572b03fcb7a1716b5609e8552d47b4d7908bfdf.jpg,Used,Lexus,IS,IS 200,2016,400000,Sedan,,Gasoline,,,,,American Specs,,,,,,Al Batinah,Shinas,Autos,Cars For Sale,,,,
مرسيدس GLE 350 موديل 2021 بدون حوادث 7 مقاعد بودي AMG,"18,600 OMR",https://om.opensooq.com/en/search/285155280,https://opensooq-images.os-cdn.com/previews/2048x0/36/15/36156fa860c458a9455c3a502277cd93997fee7ae3a163ad1525cd6e86357815.jpg,Used,Mercedes Benz,CLE-Class,CLE 300,2021,170000,SUV,,Gasoline,,,,,American Specs,,,,,,Muscat,Seeb,Autos,Cars For Sale,,,,
راف فور موديل 2021 للبيع أول البدل مع كامري من موديل 2020 فما فوق,"5,500 OMR",https://om.opensooq.com/en/search/285155118,https://opensooq-images.os-cdn.com/previews/2048x0/16/e6/16e693253553dd883ca24f3e4d665fffca20ff054be76cc561ff8ab8d19402b6.jpg,Used,Toyota,RAV 4,LE,2021,142000,SUV,,Gasoline,,,,,American Specs,,,,,,Al Batinah,Rustaq,Autos,Cars For Sale,,,,
مستوبيسي لانسر,"1,200 OMR",https://om.opensooq.com/en/search/285154758,https://opensooq-images.os-cdn.com/previews/2048x0/4c/7c/4c7c3622324ecaf2e749c68e70f7eb2c869f411cd8dd2131efc07343a258d37c.jpg,Used,Mitsubishi,Lancer,ES,2011,281000,Sedan,,Gasoline,,,,,GCC Specs,,,,,,Al Batinah,Liwa,Autos,Cars For Sale,,,,
Pajero 2015 sport (one door)  GCC car   باجيرو اسبورت موديل 2015 خليجي 3.5,"4,300 OMR",https://om.opensooq.com/en/search/285154766,https://opensooq-images.os-cdn.com/previews/2048x0/77/43/77432799de92d560dbad03df94f4828ec4bcb08089ed8cd592459f49093bb0a5.jpg,Used,Mitsubishi,Pajero Sport,Midline,2015,260000,SUV,,Gasoline,,,,,GCC Specs,,,,,,Al Batinah,Al Masnaah,Autos,Cars For Sale,,,,
نيسان باترول فتك 2019 Nissan Patrol VTC,"8,900 OMR",https://om.opensooq.com/en/search/285154610,https://opensooq-images.os-cdn.com/previews/2048x0/a8/3d/a83d1592ba9edb7aa312ace673f8ff0728b45d5b319ff45401c6b04e6de38231.jpg,Used,Nissan,Patrol,Safari,2019,126000,SUV,,Gasoline,,,,,GCC Specs,,,,,,Muscat,Al Maabilah,Autos,Cars For Sale,,,,
للبيع او البدل بما يناسب  لاند كلوزر موديل 2002,"4,600 OMR",https://om.opensooq.com/en/search/285125084,https://opensooq-images.os-cdn.com/previews/2048x0/f4/5e/f45eea69ae28e75e7a1fab2ebcb4662f56fb742c806f193256c2841f2cc51077.jpg,Used,Toyota,Land Cruiser,VXR,2002,420000,SUV,,Gasoline,,,,,GCC Specs,,,,,,Buraimi,Al Buraimi,Autos,Cars For Sale,,,,
نيسان باترول 2023 خليجي وكالة عمان نظيف بحاله جيده,"21,300 OMR",https://om.opensooq.com/en/search/285154270,https://opensooq-images.os-cdn.com/previews/2048x0/f8/36/f83679c00a7d39db5dcfce07041c7032f09ee05ff849bb882016f480f2135198.jpg,Used,Nissan,Patrol,LE Platinum,2023,76000,SUV,,Gasoline,,,,,GCC Specs,,,,,,Muscat,Al-Hail,Autos,Cars For Sale,,,,
رام بيكاب 1500 موديل 2018,"7,000 OMR",https://om.opensooq.com/en/search/285154056,https://opensooq-images.os-cdn.com/previews/2048x0/e4/6e/e46edb1bc244cb7b63103a409e7a49160e710255257aa51e8d9cedf7498a3f0d.jpg,Used,Dodge,Ram,TRX,2018,190000,PickUp,,Gasoline,,,,,American Specs,,,,,,Al Batinah,Barka,Autos,Cars For Sale,,,,
مازدا 3 بحالة الوكالة 2025,"6,200 OMR",https://om.opensooq.com/en/search/285154060,https://opensooq-images.os-cdn.com/previews/2048x0/ea/84/ea8480efcb2872a4165de1b656f5c8334dd1d563fa95643c74e069963fa2b566.jpg,Used,Mazda,3,S Select Sport,2025,7000,SUV,,Gasoline,,,,,American Specs,,,,,,Al Batinah,Liwa,Autos,Cars For Sale,,,,
2021 Toyota Camry - Clean / No accidents,"8,650 OMR",https://om.opensooq.com/en/search/285153498,https://opensooq-images.os-cdn.com/previews/2048x0/41/d9/41d9f72a37067f78ce7a234e5c179af84cb9b9b6807cb816c7be4ed816d2c549.jpg,Used,Toyota,Camry,Grande,2021,103000,Sedan,,Gasoline,,,,,GCC Specs,,,,,,Muscat,Ghubrah,Autos,Cars For Sale,,,,
مطلوب بيكب مديل 2012 وتحت اي نوع نظام اقسط عقد او صك دين,"1,200 OMR",https://om.opensooq.com/en/search/285153486,https://opensooq-images.os-cdn.com/previews/2048x0/1a/43/1a43cb8d3bea29a66b2573f2abc6363f06e87398f6cdea65747b32d526f92a8f.jpg,Used,Toyota,Other,,2009,88888,PickUp,,Gasoline,,,,,Other Specs,,,,,,Al Dakhiliya,Nizwa,Autos,Cars For Sale,,,,
مازدا 626 امورها طيبه,600 OMR,https://om.opensooq.com/en/search/285153296,https://opensooq-images.os-cdn.com/previews/2048x0/08/03/0803093a097b847f9cd53e879671ab24e5ed470e82bec256df3620040c4a692d.jpg,Used,Mazda,6,Standard,2001,500000,Sedan,,Gasoline,,,,,GCC Specs,,,,,,Al Dhahirah,Ibri,Autos,Cars For Sale,,,,
Nissan tiida,"1,050 OMR",https://om.opensooq.com/en/search/285153098,https://opensooq-images.os-cdn.com/previews/2048x0/8a/0b/8a0b730e3b8acef856a59e613d22c460a4665a7d2db3e668b95028c9a48aea6b.jpg,Used,Nissan,Tiida,,2011,300000,HatchBack,,Gasoline,,,,,European Specs,,,,,,Muscat,Al Khoud,Autos,Cars For Sale,,,,
hyundai Veloster 2014 full option,"1,330 OMR",https://om.opensooq.com/en/search/285153006,https://opensooq-images.os-cdn.com/previews/2048x0/e0/be/e0bebf22a453b64912416d70e6349a9e13c3bfe7ffd275baa1d4398e96d2a334.jpg,Used,Hyundai,Veloster,Sport,2014,180000,HatchBack,,Gasoline,,,,,Korean Specs,,,,,,Muscat,Al-Hail,Autos,Cars For Sale,,,,
لاند كروزر للبيع مديل 2011,"6,000 OMR",https://om.opensooq.com/en/search/285152978,https://opensooq-images.os-cdn.com/previews/2048x0/29/8a/298a131caa67c2c570be680836d73a921e34795dc199609e5af36bcb31c7ed7c.jpg,Used,Toyota,Land Cruiser,VX,2011,400000,SUV,,Gasoline,,,,,GCC Specs,,,,,,Al Dakhiliya,Bahla,Autos,Cars For Sale,,,,
Toyota Yaris LE 2018 يارس,"2,500 OMR",https://om.opensooq.com/en/search/285152600,https://opensooq-images.os-cdn.com/previews/2048x0/19/d2/19d2eeee6d880010be666e1812556203c48b818354532a8d3dcd2cf064060060.jpg,Used,Toyota,Yaris,MID,2018,140000,HatchBack,,Gasoline,,,,,American Specs,,,,,,Muscat,Amerat,Autos,Cars For Sale,,,,
Daihstu serion,650 OMR,https://om.opensooq.com/en/search/285152848,https://opensooq-images.os-cdn.com/previews/2048x0/2c/49/2c49c684ab911914b94a780f4a528ae0510be305ebf47e12cb683f75474a3553.jpg,Used,Daihatsu,Sirion,,2027,32683,Sedan,,Diesel,,,,,GCC Specs,,,,,,Buraimi,Al Buraimi,Autos,Cars For Sale,,,,
Mercedes benz 2015 Gcc,"2,850 OMR",https://om.opensooq.com/en/search/285150984,https://opensooq-images.os-cdn.com/previews/2048x0/d6/08/d6087b009dcf3a49aef929dede6f0ed46560d36a4e28b14644d2fd392e55287c.jpg,Used,Mercedes Benz,A-Class,A 250,2015,186000,HatchBack,,Diesel,,,,,GCC Specs,,,,,,Muscat,Bosher,Autos,Cars For Sale,,,,
للبيع تندرا موديل 2008,"2,400 OMR",https://om.opensooq.com/en/search/285152458,https://opensooq-images.os-cdn.com/previews/2048x0/83/2a/832a9f3493f5dc6ae49ede9c15ee381322c72b0e763b858a44d94b0f74210118.jpg,Used,Toyota,Tundra,SR5,2008,20000,PickUp,,Gasoline,,,,,American Specs,,,,,,Al Sharqiya,Ja'alan Bani Bu Ali,Autos,Cars For Sale,,,,
لكزس es350 موديل 2007,"1,400 OMR",https://om.opensooq.com/en/search/285152496,https://opensooq-images.os-cdn.com/previews/2048x0/53/1c/531c3551d799777d280fb5716cba3f6532d5011480a6366819a61e99445365fa.jpg,Used,Lexus,ES,ES 350,2007,331000,Sedan,,Gasoline,,,,,American Specs,,,,,,Muscat,Azaiba,Autos,Cars For Sale,,,,
باص 2002 نيسان 25 راكب للبيع,"2,300 OMR",https://om.opensooq.com/en/search/285133072,https://opensooq-images.os-cdn.com/previews/2048x0/6d/ca/6dcabc4004fb04fb0c0bbb2158d1d2de4d45e31e0f34a9500b5207dc3402edbb.jpg,Used,Nissan,Silvia,,2002,170000,,,Gasoline,,,,,Japanese Specs,,,,,,Al Dhahirah,Dhank,Autos,Cars For Sale,,,,
لكزس es350 اعلى الموصفات السعر اقل,"1,300 OMR",https://om.opensooq.com/en/search/285152328,https://opensooq-images.os-cdn.com/previews/2048x0/7f/45/7f45e169d8fec0db3524179f513aca45c783a1d42dffdb40fb88da10863026d4.jpg,Used,Lexus,ES,ES 350,2009,245000,Sedan,,Gasoline,,,,,American Specs,,,,,,Muscat,Wadi Al Kabir,Autos,Cars For Sale,,,,
للبيع تويوتا أفلون,"1,200 OMR",https://om.opensooq.com/en/search/285152152,https://opensooq-images.os-cdn.com/previews/2048x0/3c/69/3c69bf31c1eb3bc479f583f052ba9552b9c390626083e0ecaef959b1c26351bf.jpg,Used,Toyota,Avalon,XLE,2002,39999,Sedan,,Gasoline,,,,,American Specs,,,,,,Al Dhahirah,Ibri,Autos,Cars For Sale,,,,
لاند كروزر موديل 2011,"5,000 OMR",https://om.opensooq.com/en/search/285152056,https://opensooq-images.os-cdn.com/previews/2048x0/e9/7b/e97b9cf54e3c11a7706ef1ebafc3a83d907f42f3e5c810305b8ad35851322853.jpg,Used,Toyota,Land Cruiser,GX,2011,490436,SUV,,Gasoline,,,,,GCC Specs,,,,,,Dhofar,Salala,Autos,Cars For Sale,,,,
خيمة صقف للبيع ممتازه,290 OMR,https://om.opensooq.com/en/search/285151396,https://opensooq-images.os-cdn.com/previews/2048x0/6c/fb/6cfbeecd742a8995c26c47d2b1c4ecdfe1f26a0799a4c31dd67ebc9169ff7cfa.jpg,Used,Toyota,FJ,GXR,2017,5258,SUV,,Gasoline,,,,,GCC Specs,,,,,,Dhofar,Salala,Autos,Cars For Sale,,,,
hgghhjhghhhhhh,"2,650 OMR",https://om.opensooq.com/en/search/285151158,https://opensooq-images.os-cdn.com/previews/2048x0/2c/e2/2ce27b4e82a65497d5f42543f302839bec428043763e3c94de69f3adf33e0633.jpg,Used,Toyota,Corolla,XSE,2016,225665,Sedan,,Gasoline,,,,,American Specs,,,,,,Al Batinah,Nakhl,Autos,Cars For Sale,,,,
"2014 Suzuki SX4 Sedan - GCC Specs, Excellent Condition, Gasoline, Automatic, Licensed","1,300 OMR",https://om.opensooq.com/en/search/285151568,https://opensooq-images.os-cdn.com/previews/2048x0/9d/34/9d340c5f244e29936d26733edc4a8c72b37705d9ad1bf50e7bb61c74c138e5d7.jpg,Used,Suzuki,SX4,GL,2014,220000,Sedan,,Gasoline,,,,,GCC Specs,,,,,,Muscat,Ruwi,Autos,Cars For Sale,,,,
سيارة لكزس LS 430 موديل 2001 فاخرة مرخصة وبتقنيات حديثة باللون الفضّي,800 OMR,https://om.opensooq.com/en/search/285151616,https://opensooq-images.os-cdn.com/previews/2048x0/42/82/4282054f6749bf47b99390463d2ad1b8fad009449f737ecb4631a7c2e2e0420a.jpg,Used,Lexus,LS,LS 430,2001,333333,Sedan,,Gasoline,,,,,American Specs,,,,,,Al Batinah,Sohar,Autos,Cars For Sale,,,,
Hyundai accent 2014 for 1650 good condition,"1,650 OMR",https://om.opensooq.com/en/search/285151444,https://opensooq-images.os-cdn.com/previews/2048x0/cb/16/cb168fc4204b3db86046a23c6de4a66e5e96430a7cd0df243c40ee89becdae7b.jpg,Used,Hyundai,Accent,Standard,2014,193417,Sedan,,Gasoline,,,,,GCC Specs,,,,,,Muscat,Wadi Al Kabir,Autos,Cars For Sale,,,,
هيونداي النترا موديل 2013 لون أبيض Limited,"1,070 OMR",https://om.opensooq.com/en/search/285151294,https://opensooq-images.os-cdn.com/previews/2048x0/16/d8/16d8bc2195123af72c44163b50f0eb3ed952e58bcb25786d66e6dadae429b463.jpg,Used,Hyundai,Elantra,Limited,2013,300000,Sedan,,Gasoline,,,,,American Specs,,,,,,Al Batinah,Nakhl,Autos,Cars For Sale,,,,
نيسان روج 2018 اس يو في مستعمل مرخصة بأسود ومواصفات أمريكية,"3,000 OMR",https://om.opensooq.com/en/search/285150796,https://opensooq-images.os-cdn.com/previews/2048x0/7c/d8/7cd8bf270dfc43c7aa5cd398e624b955e35eb435edaba50d8737be7b6756c46e.jpg,Used,Nissan,Rogue,Standard,2018,143315,SUV,,Gasoline,,,,,American Specs,,,,,,Muscat,Qurm,Autos,Cars For Sale,,,,
لكزس LS 430 موديل 2001 فحص شامل مع مصابيح زينون وبلوتوث في حالة جيدة,800 OMR,https://om.opensooq.com/en/search/285151128,https://opensooq-images.os-cdn.com/previews/2048x0/42/82/4282054f6749bf47b99390463d2ad1b8fad009449f737ecb4631a7c2e2e0420a.jpg,Used,Lexus,LS,LS 430,2001,333033,Sedan,,Gasoline,,,,,American Specs,,,,,,Al Batinah,Sohar,Autos,Cars For Sale,,,,
2020 Dodge Charger R/T 5.7L HEMI V8,"10,500 OMR",https://om.opensooq.com/en/search/285151106,https://opensooq-images.os-cdn.com/previews/2048x0/5c/b6/5cb6a2984fd1148a446c10ef6ea95e9a705f709c59cf185b906adab7e01729f0.jpg,Used,Dodge,Charger,R/T,2020,120000,Sedan,,Gasoline,,,,,GCC Specs,,,,,,Muscat,Muttrah,Autos,Cars For Sale,,,,
Model 2014 GL 500 GCC مرسيدس,"7,200 OMR",https://om.opensooq.com/en/search/285149836,https://opensooq-images.os-cdn.com/previews/2048x0/21/69/216973a1fbc4eb424743727c70785ad8cad6c76f18fb3bfb70dd33d155517d2d.jpg,Used,Mercedes Benz,GL-Class,GL 500,2014,220000,SUV,,Gasoline,,,,,GCC Specs,,,,,,Muscat,Darsait,Autos,Cars For Sale,,,,
توسان 2022 الفل موصفات,"6,400 OMR",https://om.opensooq.com/en/search/285151030,https://opensooq-images.os-cdn.com/previews/2048x0/ee/19/ee1955d0cca9332117f19b9a522c7d1b0ff72c1437da8b155d79db68d95255f4.jpg,Used,Hyundai,Tucson,Standard,2022,60000,SUV,,Gasoline,,,,,American Specs,,,,,,Muscat,Al Mouj,Autos,Cars For Sale,,,,
تويوتا كامري 2023 قمة بالنظافة,"6,900 OMR",https://om.opensooq.com/en/search/284878314,https://opensooq-images.os-cdn.com/previews/2048x0/ca/c9/cac9944307573359996e40852c06e1bb9d45cfe6a9b78910c3e86392478b6ed2.jpg,Used,Toyota,Camry,SE,2023,80000,Sedan,,Gasoline,,,,,GCC Specs,,,,,,Muscat,Al Mouj,Autos,Cars For Sale,,,,
Porsche Panamera 4S 2016  lady used,"9,000 OMR",https://om.opensooq.com/en/search/285150696,https://opensooq-images.os-cdn.com/previews/2048x0/94/8a/948adc6c4db68858f0da69145cda7e9dba1da256d80602e16483a1b08ed69ac9.jpg,Used,Porsche,Panamera,Panamera 4S,2016,140000,Sedan,,Gasoline,,,,,American Specs,,,,,,Muscat,Al Mawaleh,Autos,Cars For Sale,,,,
Toyota Camry V6 2019,"7,500 OMR",https://om.opensooq.com/en/search/285150304,https://opensooq-images.os-cdn.com/previews/2048x0/53/85/53856d84f3bbf44dcf14424377bae55042d653afc95f3a456177d469bce65031.jpg,Used,Toyota,Camry,Grande,2019,187000,Sedan,,Gasoline,,,,,GCC Specs,,,,,,Muscat,Azaiba,Autos,Cars For Sale,,,,
toyota 2015 2nd lady owner,"5,300 OMR",https://om.opensooq.com/en/search/285149950,https://opensooq-images.os-cdn.com/previews/2048x0/33/f6/33f6210e0fd232ab6965b7d689026d09764bd5fecec5a7f6598966c825a712be.jpg,Used,Toyota,Avalon,XLE,2015,60000,Sedan,,Gasoline,,,,,American Specs,,,,,,Dhofar,Salala,Autos,Cars For Sale,,,,
البيع فيرسا 2012,"1,000 OMR",https://om.opensooq.com/en/search/285150082,https://opensooq-images.os-cdn.com/previews/2048x0/3a/19/3a19fdac1826eb322a71e8e830e48f163556c81d1430c109b921af232d3e493a.jpg,Used,Nissan,Tiida,,2012,2000,Sedan,,Gasoline,,,,,Japanese Specs,,,,,,Al Batinah,Sohar,Autos,Cars For Sale,,,,
الببيع كامري 2014,"1,500 OMR",https://om.opensooq.com/en/search/285149870,https://opensooq-images.os-cdn.com/previews/2048x0/93/49/9349791ebbc40c1203d976a1cec060be4b23f53ec35d1e866b1e411fdb6dfac2.jpg,Used,Toyota,Camry,SE,2014,2000,Sedan,,Gasoline,,,,,Japanese Specs,,,,,,Al Batinah,Sohar,Autos,Cars For Sale,,,,
Toyota carolla 2010 up for sale,"1,650 OMR",https://om.opensooq.com/en/search/285149806,https://opensooq-images.os-cdn.com/previews/2048x0/4e/42/4e42d1b8e1314618670c9cee9ae25ded0738ecb824d14f17e0ed44fce5688e15.jpg,Used,Toyota,Corolla,GLI,2010,369539,Sedan,,Gasoline,,,,,GCC Specs,,,,,,Muscat,Al Maabilah,Autos,Cars For Sale,,,,
ياريس 2017 ممشى قليل,"2,900 OMR",https://om.opensooq.com/en/search/285149784,https://opensooq-images.os-cdn.com/previews/2048x0/d8/3c/d83cc03c55de0806bf202ec0a423d34cda095e08a71281175e85bd811e1c2700.jpg,Used,Toyota,Yaris,E,2017,124000,Sedan,,Gasoline,,,,,GCC Specs,,,,,,Muscat,Amerat,Autos,Cars For Sale,,,,
تويوتا لاندكروزر 2009 GXR وكالة بهوان نظيفة جداً,"8,300 OMR",https://om.opensooq.com/en/search/285149692,https://opensooq-images.os-cdn.com/previews/2048x0/77/6a/776a72005b3886444adc9c84e257b5956c2deda51fcbaabed159d8b2866490a2.jpg,Used,Toyota,Land Cruiser,GXR,2009,232000,SUV,,Gasoline,,,,,GCC Specs,,,,,,Muscat,Bosher,Autos,Cars For Sale,,,,
بيكاب نقل غاز,"1,900 OMR",https://om.opensooq.com/en/search/285149022,https://opensooq-images.os-cdn.com/previews/2048x0/14/59/14596b573f38c3f19989d21e03279a0c3d29364e82dc7619176a1e790b35832e.jpg,Used,Isuzu,D-Max,Standard,2011,160000,PickUp,,Diesel,,,,,GCC Specs,,,,,,Al Batinah,Rustaq,Autos,Cars For Sale,,,,
مازدا 3للببع,950 OMR,https://om.opensooq.com/en/search/285148528,https://opensooq-images.os-cdn.com/previews/2048x0/f5/60/f56042654c675f2ece8ddbad013da41569dc35bd79c18df3725a33227ad2fb2a.jpg,Used,Mazda,3,S,2009,336553,Sedan,,Gasoline,,,,,American Specs,,,,,,Al Batinah,Barka,Autos,Cars For Sale,,,,
مازدا CX-5 موديل 2016 رقم2  التورينج للبيع فقط,"3,700 OMR",https://om.opensooq.com/en/search/285148998,https://opensooq-images.os-cdn.com/previews/2048x0/98/73/9873a67487b5db3e233aa59709e254ea019cdd9c451aabd0467a7ae42413ae5d.jpg,Used,Mazda,CX-5,Touring,2016,66000,SUV,,Gasoline,,,,,American Specs,,,,,,Muscat,Halban,Autos,Cars For Sale,,,,
شفرليه 2013 للبيع,"3,500 OMR",https://om.opensooq.com/en/search/285148412,https://opensooq-images.os-cdn.com/previews/2048x0/04/56/04560e7beb9c5aabef50015fae1f2d3f26ff3e910d1f11b39e1173d255328d20.jpg,Used,Chevrolet,Silverado,"1,500 LT Z71",2013,350000,PickUp,,Gasoline,,,,,GCC Specs,,,,,,Al Dhahirah,Ibri,Autos,Cars For Sale,,,,
بيكب مازدا نظيف جداً الموتر ما يشكي شي تعال واستخدم,"2,500 OMR",https://om.opensooq.com/en/search/285148618,https://opensooq-images.os-cdn.com/previews/2048x0/93/e7/93e71f399bf616e5e659b14bbf0095cf2a47c1a34dd04c778619a814cf9fe5eb.jpg,Used,Mazda,BT-50,Standard,2016,199999,PickUp,,Gasoline,,,,,GCC Specs,,,,,,Muscat,Al Maabilah,Autos,Cars For Sale,,,,
تويتا كامري 2018 SE,"4,600 OMR",https://om.opensooq.com/en/search/285147214,https://opensooq-images.os-cdn.com/previews/2048x0/38/53/3853b9bdb773404eeb99f71797fe74ac2ed6ff007aff95612472d967ae2b8794.jpg,Used,Toyota,Camry,SE,2018,175000,Sedan,,Gasoline,,,,,American Specs,,,,,,Muscat,Amerat,Autos,Cars For Sale,,,,
لاندكروزر GXR,"32,500 OMR",https://om.opensooq.com/en/search/285148382,https://opensooq-images.os-cdn.com/previews/2048x0/3a/73/3a73e9ae5029df7ebdadd02868dcd6c1a15e3d08e0539fabd0bba66d27f4359e.jpg,Used,Toyota,Land Cruiser,GXR,2025,56000,SUV,,Gasoline,,,,,GCC Specs,,,,,,Dhofar,Salala,Autos,Cars For Sale,,,,
هونداي النترا 2019 للبيع,"2,500 OMR",https://om.opensooq.com/en/search/285148408,https://opensooq-images.os-cdn.com/previews/2048x0/ce/4b/ce4b67d33a4198583e566ff8c02b77915f17cba56d1e341c2f8d924ccd2a52f8.jpg,Used,Hyundai,Elantra,SEL,2019,170000,Sedan,,Gasoline,,,,,Korean Specs,,,,,,Al Batinah,Saham,Autos,Cars For Sale,,,,
هيونداي النترا 2019 للبيع,"2,300 OMR",https://om.opensooq.com/en/search/285147682,https://opensooq-images.os-cdn.com/previews/2048x0/ce/4b/ce4b67d33a4198583e566ff8c02b77915f17cba56d1e341c2f8d924ccd2a52f8.jpg,Used,Hyundai,Elantra,SEL,2019,170000,Sedan,,Gasoline,,,,,Korean Specs,,,,,,Al Batinah,Saham,Autos,Cars For Sale,,,,
باص تويوتا هايس للبيع,"6,500 OMR",https://om.opensooq.com/en/search/285148154,https://opensooq-images.os-cdn.com/previews/2048x0/01/b0/01b0f30804c2d4630b6ee38fdc94d1e1aebdd3e12dcca0e5b179dc4441fcf321.jpg,Used,Toyota,Hiace,Cargo,2017,300000,,,Gasoline,,,,,GCC Specs,,,,,,Muscat,Al Khoud,Autos,Cars For Sale,,,,
كورولا 2013 S ممتازه وعمليه وارد اقراء الرصف مهم,"2,300 OMR",https://om.opensooq.com/en/search/284694592,https://opensooq-images.os-cdn.com/previews/2048x0/e3/c7/e3c7b751a30dd7c6527dd5d1391f94ca290c2cc97c5f6ebc051bb72ab1fc422f.jpg,Used,Toyota,Corolla,Sport,2013,223000,Sedan,,Gasoline,,,,,American Specs,,,,,,Al Batinah,Al Rumais,Autos,Cars For Sale,,,,
للبيع نيسان باتفندنر 2019,"5,700 OMR",https://om.opensooq.com/en/search/285147580,https://opensooq-images.os-cdn.com/previews/2048x0/d6/54/d6546c0d3d8a056311f02f7a30b72e3cfd790b110523a61a8e9353420f9306f4.jpg,Used,Nissan,Pathfinder,SL,2019,178000,SUV,,Gasoline,,,,,American Specs,,,,,,Muscat,Azaiba,Autos,Cars For Sale,,,,
جنسيس G80 جديد ماشي10 الاف,"14,500 OMR",https://om.opensooq.com/en/search/285147440,https://opensooq-images.os-cdn.com/previews/2048x0/53/50/5350d2d92f95e9c4f2f6c073292914a9724e7069afcd523cb074e90c5c9f52ff.jpg,New,Genesis,G80,,2025,10,Sedan,,Gasoline,,,,,GCC Specs,,,,,,Al Dakhiliya,Nizwa,Autos,Cars For Sale,,,,
Kia cerato,"8,500 OMR",https://om.opensooq.com/en/search/285147344,https://opensooq-images.os-cdn.com/previews/2048x0/90/25/90256ac0bc3cca1bd4c3866c272af22c30c2dda953418611a75ac31b5252d919.jpg,Used,Kia,Cerato,Standard,2010,10000,Coupe,,Diesel,,,,,GCC Specs,,,,,,Al Dakhiliya,Adam,Autos,Cars For Sale,,,,
نيسان مكسيما,"1,150 OMR",https://om.opensooq.com/en/search/285147192,https://opensooq-images.os-cdn.com/previews/2048x0/42/06/4206161936be7a552d2ede11f5cae1cc6cc78d25bb0305c72d27ac9deef43fd1.jpg,Used,Nissan,Maxima,SV,2012,263000,Sedan,,Gasoline,,,,,American Specs,,,,,,Muscat,Al Maabilah,Autos,Cars For Sale,,,,
لكزس es350 اف سبورت,"13,600 OMR",https://om.opensooq.com/en/search/285193114,https://opensooq-images.os-cdn.com/previews/2048x0/3a/7b/3a7bd1f0a4dc996de46be144d54b478ca61d056f698688f322bea806b1ff47e1.jpg,Used,Lexus,ES,ES 350 F Sport Design,2022,65000,Sedan,,Gasoline,,,,,American Specs,,,,,,Muscat,Darsait,Autos,Cars For Sale,,,,
للبيع تويوتا لاندكروزر  VX وكاله بهوان موديل 26 تأمين شامل وتسجيل,"39,900 OMR",https://om.opensooq.com/en/search/285177976,https://opensooq-images.os-cdn.com/previews/2048x0/9c/15/9c15c339f4b2b0ef3f669b567edea24263dc84a69bb9238d9b4d4558d2d154e9.jpg,New,Toyota,Land Cruiser,VX,2026,0,SUV,,Gasoline,,,,,GCC Specs,,,,,,Muscat,Al Khuwair,Autos,Cars For Sale,,,,
لانسر 2008 خليجي اتوماتيكي..مليار في الميه ..ادفع وتمتع بالقياده,"1,280 OMR",https://om.opensooq.com/en/search/285195534,https://opensooq-images.os-cdn.com/previews/2048x0/6d/42/6d42f9398ad558caae5139ea708b945c2c15eb31108af2041695045c4e896b77.jpg,Used,Mitsubishi,"3,000GT",,2008,330000,Sedan,,Gasoline,,,,,GCC Specs,,,,,,Muscat,Al Mawaleh,Autos,Cars For Sale,,,,
نيسان صـني 2024 SL داخلية سوداء، واردة من الوكالة، مرخصة، بحالة ممتازة,"5,900 OMR",https://om.opensooq.com/en/search/285195572,https://opensooq-images.os-cdn.com/previews/2048x0/74/2f/742fe2187b6bcafbc71c796923ccd4fdf01d846c2bdafd4ffbfc3968b9dee1b4.jpg,Used,Nissan,Sunny,SL,2024,17900,Sedan,,Gasoline,,,,,Dealership,,,,,,Muscat,Al Khoud,Autos,Cars For Sale,,,,
تويوتا كامري موديل 2013,"2,000 OMR",https://om.opensooq.com/en/search/285185762,https://opensooq-images.os-cdn.com/previews/2048x0/cd/80/cd80dad1a3b6914e35a43bb093b2447e5487aa040e0a1233de8c8831c7dafa81.jpg,Used,Toyota,Camry,LE,2013,19000,Sedan,,Gasoline,,,,,Other Specs,,,,,,Muscat,Seeb,Autos,Cars For Sale,,,,
Nissan sunny 2011,"1,000 OMR",https://om.opensooq.com/en/search/285195416,https://opensooq-images.os-cdn.com/previews/2048x0/4e/80/4e8008d5a072a1349463b03713b73dee1dd2abeaba5ff8be360678f72d3fbfe4.jpg,Used,Nissan,Sunny,S,2011,100000,Sedan,,Diesel,,,,,Other Specs,,,,,,Buraimi,Al Buraimi,Autos,Cars For Sale,,,,
للبييع التيماء 2020 فيئه S.  الموتر وارد,"3,200 OMR",https://om.opensooq.com/en/search/285195204,https://opensooq-images.os-cdn.com/previews/2048x0/96/06/9606f54d124d48806ac5772a5629e459e5a0fdbe165d9f540a470d0abe80afea.jpg,Used,Nissan,Altima,S,2020,200000,Sedan,,Gasoline,,,,,American Specs,,,,,,Al Dhahirah,Ibri,Autos,Cars For Sale,,,,
كريسلر 2010,900 OMR,https://om.opensooq.com/en/search/285195182,https://opensooq-images.os-cdn.com/previews/2048x0/c9/53/c953bcdabac4ef94a3db6b50f3ff0b25a330f7cdb8ad7f8337449a3c8d1c0124.jpg,Used,Chrysler,200,200C,2010,1000,Sedan,,Gasoline,,,,,American Specs,,,,,,Al Batinah,Barka,Autos,Cars For Sale,,,,
Used 2013 BMW 5 Series Sedan GCC Specs with Sunroof and Full Features original paint no accident.,"3,050 OMR",https://om.opensooq.com/en/search/285195016,https://opensooq-images.os-cdn.com/previews/2048x0/f2/ab/f2ab31f41b2d3298ed3b24cd14181896ef3403cdf7e354853fef1adc81f3c72f.jpg,Used,BMW,5 Series,530i Sedan,2013,226000,Sedan,,Gasoline,,,,,GCC Specs,,,,,,Muscat,Qurm,Autos,Cars For Sale,,,,
Nissan Tida hatchback 2011 automatic transmission,"1,100 OMR",https://om.opensooq.com/en/search/285184582,https://opensooq-images.os-cdn.com/previews/2048x0/75/c5/75c5037b44730cf285695ac9a92afb34a8b60bd32a64514c806256a48bd5633f.jpg,Used,Nissan,Tiida,,2011,470000,HatchBack,,Gasoline,,,,,GCC Specs,,,,,,Al Dakhiliya,Nizwa,Autos,Cars For Sale,,,,
لاند كروزر للبيع,"19,150 OMR",https://om.opensooq.com/en/search/285194662,https://opensooq-images.os-cdn.com/previews/2048x0/92/60/9260d911d9395a280a5da33e046751810bfe2208cb4d8fc62f74106afe395bf0.jpg,Used,Toyota,Land Cruiser,VX,2018,197000,SUV,,Gasoline,,,,,GCC Specs,,,,,,Muscat,Bosher,Autos,Cars For Sale,,,,
مكسيما SV خليجي وكالة سهيل بهوان 2016,"2,250 OMR",https://om.opensooq.com/en/search/285194616,https://opensooq-images.os-cdn.com/previews/2048x0/8b/71/8b71eab31e1545fd282df630b692299ce461bf41316e4607e4ac4912ee65f627.jpg,Used,Nissan,Maxima,SV,2016,359322,Sedan,,Gasoline,,,,,GCC Specs,,,,,,Al Batinah,Wadi Al Ma'awal,Autos,Cars For Sale,,,,
لكزس es300,850 OMR,https://om.opensooq.com/en/search/285194510,https://opensooq-images.os-cdn.com/previews/2048x0/f1/ad/f1adb7a22e62ff6d5b9cd936ed5ea6c36aeb99f2314dc8969a1dc628e1d30436.jpg,Used,Lexus,ES,ES 300,2000,300000,Sedan,,Gasoline,,,,,American Specs,,,,,,Al Sharqiya,Al Mudaibi,Autos,Cars For Sale,,,,
تاهو Z71 خليجي بدون حوادث ولا صبغ نهائياً خليجي مالك اول,"17,900 OMR",https://om.opensooq.com/en/search/285194432,https://opensooq-images.os-cdn.com/previews/2048x0/08/72/0872a2fa08c45c49520eb7d69b6d3f9b1a5024d74c661b862fc5d1df5ad2c294.jpg,Used,Chevrolet,Tahoe,Z71,2022,150000,SUV,,Gasoline,,,,,GCC Specs,,,,,,Muscat,Al Khoud,Autos,Cars For Sale,,,,
التيما 2020 SR نظيف وسعر حلو,"3,450 OMR",https://om.opensooq.com/en/search/285194074,https://opensooq-images.os-cdn.com/previews/2048x0/9f/60/9f60c434670f4e3d687889d5d1c0da781955bbe89a28f97e72347236c44d4ecc.jpg,Used,Nissan,Altima,SR,2020,120000,Sedan,,Gasoline,,,,,American Specs,,,,,,Muscat,Other,Autos,Cars For Sale,,,,
للبيع لكزس ls 350 فئة نادره جدا وبحادث بسيط جدا,"11,900 OMR",https://om.opensooq.com/en/search/285193972,https://opensooq-images.os-cdn.com/previews/2048x0/51/d2/51d21dce5ecfe3f96c9305b72ff99a2533317da608bbf89efa673e4999955f78.jpg,Used,Lexus,IS,IS 350,2023,74000,Sedan,,Gasoline,,,,,Other Specs,,,,,,Al Dakhiliya,Nizwa,Autos,Cars For Sale,,,,
"Used 2009 Nissan Tiida Hatchback for Sale - GCC Specs, Excellent Condition",950 OMR,https://om.opensooq.com/en/search/285193542,https://opensooq-images.os-cdn.com/previews/2048x0/61/c9/61c9221513443b4c52761f60662d0be52822076aa3a1884662bc140c99da6452.jpg,Used,Nissan,Tiida,,2009,480000,HatchBack,,Gasoline,,,,,GCC Specs,,,,,,Muscat,Al Mawaleh,Autos,Cars For Sale,,,,
للبيع ياريس صبغ وكالة قطع 150 km فقط,"2,550 OMR",https://om.opensooq.com/en/search/285193864,https://opensooq-images.os-cdn.com/previews/2048x0/6d/35/6d35208905a14fb806c15c57dd1bffcdf069d430aa30bf61e373421483b89d02.jpg,Used,Toyota,Yaris,E,2014,150000,Sedan,,Gasoline,,,,,GCC Specs,,,,,,Al Batinah,Sohar,Autos,Cars For Sale,,,,
ميتسوبيشي L200 بيك اب خليجي 2016 لون أبيض حالة جيدة,"3,000 OMR",https://om.opensooq.com/en/search/285193622,https://opensooq-images.os-cdn.com/previews/2048x0/9b/18/9b188f2f9e24850dbdc561d2910bc01d729ad9ad93060b1d4ddedf8970439094.jpg,Used,Mitsubishi,L200,Single Cab GL,2016,300000,PickUp,,Gasoline,,,,,GCC Specs,,,,,,Muscat,Amerat,Autos,Cars For Sale,,,,
سياره رينو 2016 للبيع,"1,000 OMR",https://om.opensooq.com/en/search/285193392,https://opensooq-images.os-cdn.com/previews/2048x0/c3/d5/c3d5815a60ad4120f49239808fff9e1825e122882d52d2914fd732a6e4574439.jpg,Used,Renault,Symbol,Standard,2016,205000,Sedan,,Gasoline,,,,,GCC Specs,,,,,,Muscat,Qurm,Autos,Cars For Sale,,,,
"للبيع هوندا اكورد SE موديل 2025 ممشى فقط 2500 "" كيلو متر قمة في نظافه","7,600 OMR",https://om.opensooq.com/en/search/285193318,https://opensooq-images.os-cdn.com/previews/2048x0/07/4c/074c54fdd293e85389b706c5b8b1ca6826ae70a512659c275a9fb77fcdc87cc5.jpg,Used,Honda,Accord,EX,2025,2500,Sedan,,Gasoline,,,,,Other Specs,,,,,,Al Dakhiliya,Nizwa,Autos,Cars For Sale,,,,
شيفروليه كامارو 2011 موديل SS للبيع، لون أسود، فحص خليجي، حالة ممتازة,"3,200 OMR",https://om.opensooq.com/en/search/285192732,https://opensooq-images.os-cdn.com/previews/2048x0/b3/a5/b3a510f850ded4d419ec10afe54a21d8f4dfa9ac054e89d1ecc0ea5ab3d5e18b.jpg,Used,Chevrolet,Camaro,SS,2011,288000,Sedan,,Gasoline,,,,,GCC Specs,,,,,,Muscat,Al Mawaleh,Autos,Cars For Sale,,,,
التيما 2017 SR,"2,200 OMR",https://om.opensooq.com/en/search/285193170,https://opensooq-images.os-cdn.com/previews/2048x0/c2/d5/c2d5d250edbf0c392ba37f68efc1f60933fbfd9941bd15f2a088aaff8da8cc44.jpg,Used,Nissan,Altima,SR,2017,350000,Sedan,,Gasoline,,,,,American Specs,,,,,,Al Batinah,Barka,Autos,Cars For Sale,,,,
اكورد لي البيع او البدل,"2,900 OMR",https://om.opensooq.com/en/search/285193234,https://opensooq-images.os-cdn.com/previews/2048x0/81/ad/81adcc1fac4ede6da3facb2cd935a4ffaec513f9ef9452ddb66cc3f825287852.jpg,Used,Honda,Accord,LX,2016,99999,Coupe,,Gasoline,,,,,Japanese Specs,,,,,,Muscat,Other,Autos,Cars For Sale,,,,
Silverado LT TrailBoss,"13,000 OMR",https://om.opensooq.com/en/search/285193016,https://opensooq-images.os-cdn.com/previews/2048x0/ff/fb/fffb221cf835ce694c190e8ea5d40c860bf021ef4a19c93f1a3d01bfa58304b0.jpg,Used,Chevrolet,Silverado,"1,500 LT Trail Boss",2021,120000,PickUp,,Gasoline,,,,,GCC Specs,,,,,,Muscat,Al Mouj,Autos,Cars For Sale,,,,
لكزس es350موديل 2007,"1,200 OMR",https://om.opensooq.com/en/search/285192808,https://opensooq-images.os-cdn.com/previews/2048x0/ce/82/ce82c783457c72812816fc1f577a976213c6618e4735a3af777f6147f9130fb8.jpg,Used,Lexus,ES,ES 350,2007,300000,Sedan,,Gasoline,,,,,American Specs,,,,,,Al Batinah,Shinas,Autos,Cars For Sale,,,,
كيا K5 GT Line,"5,800 OMR",https://om.opensooq.com/en/search/285192594,https://opensooq-images.os-cdn.com/previews/2048x0/ca/26/ca26521bd5fbfc57cf99eff99a9d24d0db880d747badbc7e61c773146bbc48bf.jpg,Used,Kia,K5,GT,2023,56000,Sedan,,Gasoline,,,,,American Specs,,,,,,Muscat,Seeb,Autos,Cars For Sale,,,,
Kia Rio EX.. 2012,"1,000 OMR",https://om.opensooq.com/en/search/285192408,https://opensooq-images.os-cdn.com/previews/2048x0/ae/d4/aed4f0c0912884cd5d2f9257307f49af9910057f0d2da7c3a081f07545af0118.jpg,Used,Kia,Rio,EX,2012,309644,Sedan,,Gasoline,,,,,Korean Specs,,,,,,Al Dakhiliya,Nizwa,Autos,Cars For Sale,,,,
هونداي جيتز 2007,750 OMR,https://om.opensooq.com/en/search/285192434,https://opensooq-images.os-cdn.com/previews/2048x0/da/40/da40e1a3a9cb60bdee38d76029be037479dcb4e103462f4a05ecaf4f32e38293.jpg,Used,Hyundai,Getz,GL,2007,200000,Sedan,,Gasoline,,,,,GCC Specs,,,,,,Buraimi,Al Buraimi,Autos,Cars For Sale,,,,
هيونداي أزيرا 2007,980 OMR,https://om.opensooq.com/en/search/285192082,https://opensooq-images.os-cdn.com/previews/2048x0/25/d9/25d9d98157694f9554256136400e2661b6def66403356bae785969334cf6b774.jpg,Used,Hyundai,Azera,GLS,2007,484444,Sedan,,Gasoline,,,,,GCC Specs,,,,,,Muscat,Al Khoud,Autos,Cars For Sale,,,,
للبيع فقط هوندا اكورد 1.5 نظيفه جدا ايرباجات سليمه بحادث بسيط جدا خلف,"7,300 OMR",https://om.opensooq.com/en/search/285192048,https://opensooq-images.os-cdn.com/previews/2048x0/40/56/4056f06512c63a0a82517058bce023e1c4bbe9e90cd7ca429dc3331958f77787.jpg,Used,Honda,Accord,EX,2024,35000,Sedan,,Gasoline,,,,,Other Specs,,,,,,Al Dakhiliya,Nizwa,Autos,Cars For Sale,,,,
كامريxle الفول اوبشن بدون حادث,"5,700 OMR",https://om.opensooq.com/en/search/285191918,https://opensooq-images.os-cdn.com/previews/2048x0/df/67/df67617806422821ec318bc6d61a602efc0b73da1a2bf718c6b10bb36e842936.jpg,Used,Toyota,Camry,XLE,2018,200000,Sedan,,Gasoline,,,,,American Specs,,,,,,Muscat,Amerat,Autos,Cars For Sale,,,,
Toyota corolla 2015 model for sale .single owner .oman car,"2,700 OMR",https://om.opensooq.com/en/search/285191188,https://opensooq-images.os-cdn.com/previews/2048x0/ac/3a/ac3ae7c1ae46b9bf509f00f333c5d3648260f210ed2f55239b9a831937aaad67.jpg,Used,Toyota,Corolla,XLI,2015,370000,Sedan,,Gasoline,,,,,GCC Specs,,,,,,Al Dhahirah,Ibri,Autos,Cars For Sale,,,,
للبيع توكوما موديل 2018 نظيفة جدا,"8,800 OMR",https://om.opensooq.com/en/search/285191648,https://opensooq-images.os-cdn.com/previews/2048x0/fe/0b/fe0b233c2b266ae11942497953126f660069c92a01970c0dfa4173d4708cf6f0.jpg,Used,Toyota,Tacoma,Limited,2018,170000,PickUp,,Gasoline,,,,,American Specs,,,,,,Al Sharqiya,Other,Autos,Cars For Sale,,,,
نيسان التيما 2016 نظيفة جداً,"2,100 OMR",https://om.opensooq.com/en/search/285191682,https://opensooq-images.os-cdn.com/previews/2048x0/2c/d1/2cd1b45f0780926ec7bfb2f88aa685f9b0e5260f27a3c7388fe597f79d53248a.jpg,Used,Nissan,Altima,SL,2016,146000,Sedan,,Gasoline,,,,,American Specs,,,,,,Al Dakhiliya,Nizwa,Autos,Cars For Sale,,,,
CHEVROLET CRUZE 2011 للبيع,750 OMR,https://om.opensooq.com/en/search/285190596,https://opensooq-images.os-cdn.com/previews/2048x0/50/31/50315a976581fba8cafe9258b7660ce866dbb953ef9b815acc0a45aa9bd0aaef.jpg,Used,Chevrolet,Cruze,LT,2011,361625,Sedan,,Gasoline,,,,,GCC Specs,,,,,,Al Batinah,Suwaiq,Autos,Cars For Sale,,,,
للبيع فقط نيسان باثفيندر 2015 الشكل القديم,"2,900 OMR",https://om.opensooq.com/en/search/284688282,https://opensooq-images.os-cdn.com/previews/2048x0/33/72/3372fe4f0c4da945c1e4ea6d4f1a7a14ff5c683c7955a829a9a8351604c50ba1.jpg,Used,Nissan,Pathfinder,S,2015,258000,SUV,,Gasoline,,,,,GCC Specs,,,,,,Al Dhahirah,Ibri,Autos,Cars For Sale,,,,
Es350 2019  لاكشري,"11,600 OMR",https://om.opensooq.com/en/search/285190974,https://opensooq-images.os-cdn.com/previews/2048x0/bc/a8/bca8ea2002c33d0a543b776eece206a684b711c0ce8647e20734c66a09da12b5.jpg,Used,Lexus,ES,ES 350 Luxury,2019,149000,Sedan,,Gasoline,,,,,American Specs,,,,,,Al Batinah,Saham,Autos,Cars For Sale,,,,
سيارة هيونداي توسان 2013 بمواصفات خليجية، لون أحمر، قابل للتفتيش، مرخصة,"2,500 OMR",https://om.opensooq.com/en/search/285190878,https://opensooq-images.os-cdn.com/previews/2048x0/41/53/4153c32dea3cacd1828f28d779ebab6e3ca0bca46df78c481eef1f9fb6995070.png,Used,Hyundai,Tucson,Limited,2013,250000,SUV,,Gasoline,,,,,GCC Specs,,,,,,Muscat,Al Maabilah,Autos,Cars For Sale,,,,
اودي كيو سفن عائليه,"1,100 OMR",https://om.opensooq.com/en/search/285190848,https://opensooq-images.os-cdn.com/previews/2048x0/b4/c5/b4c54d6b9e08f619cfebfd635baec3c9d25070adf7f978152662301e6038e483.jpg,Used,Audi,Q7,Standard,2009,10000,SUV,,Gasoline,,,,,GCC Specs,,,,,,Muscat,Seeb,Autos,Cars For Sale,,,,
For Sale: Mitsubishi Pajero 2015 – GLS No.1 Top Edition – Full Option,"4,000 OMR",https://om.opensooq.com/en/search/285177682,https://opensooq-images.os-cdn.com/previews/2048x0/fd/a3/fda3fc50cc43d01cc370d3be9233ce786238a881c3cd329d0eaa1570a7c78b42.jpg,Used,Mitsubishi,Pajero,GLS Top,2015,1000,SUV,,Gasoline,,,,,GCC Specs,,,,,,Muscat,Al Maabilah,Autos,Cars For Sale,,,,
تويوتا افالون 2006 قمة في النظافة Toyota,"1,000 OMR",https://om.opensooq.com/en/search/285190394,https://opensooq-images.os-cdn.com/previews/2048x0/a2/cf/a2cfdfd880987572bc26b51452e10713839a4ee4d1fb06fb7d792a4f3744d125.jpg,Used,Toyota,Avalon,XLS,2006,399000,Sedan,,Gasoline,,,,,American Specs,,,,,,Al Batinah,Suwaiq,Autos,Cars For Sale,,,,
Prado - for SALE,"8,500 OMR",https://om.opensooq.com/en/search/285190140,https://opensooq-images.os-cdn.com/previews/2048x0/a4/63/a463418ad55ce62581a5e0693455ec395adb7aeb14e9d1026bc65d4676b135f5.jpg,Used,Toyota,Prado,TXL,2015,199999,SUV,,Gasoline,,,,,GCC Specs,,,,,,Muscat,Qurm,Autos,Cars For Sale,,,,
FJ خليجي نضيف,"4,700 OMR",https://om.opensooq.com/en/search/285190084,https://opensooq-images.os-cdn.com/previews/2048x0/8f/81/8f8187ac30505eb1fdca3b4e480af435bb6215e5ee165926176043cf3ddff047.jpg,Used,Toyota,FJ,XTREME,2010,340000,SUV,,Gasoline,,,,,GCC Specs,,,,,,Al Batinah,Suwaiq,Autos,Cars For Sale,,,,
جيب جراند شيروكي ليمتيد 2014 خليجي,"2,950 OMR",https://om.opensooq.com/en/search/285189404,https://opensooq-images.os-cdn.com/previews/2048x0/f8/fe/f8fed63d7da4d77b7606f2b40f03de00683064cfb9a10f3a1fa8bfddc3e199c4.jpg,Used,Jeep,Grand Cherokee L,Limited 4X2,2014,266117,SUV,,Gasoline,,,,,GCC Specs,,,,,,Al Batinah,Rustaq,Autos,Cars For Sale,,,,
Mazda 3 2.0 Litre Sport ( 7 Years Precision Service History and Low Mileage),"2,350 OMR",https://om.opensooq.com/en/search/285189314,https://opensooq-images.os-cdn.com/previews/2048x0/3c/b4/3cb4b8aa517c8837f85d073deeb289fb503185c7bc6a5a54d758cd90efb59de7.jpg,Used,Mazda,3,S Select Sport,2017,125000,Sedan,,Gasoline,,,,,American Specs,,,,,,Muscat,Bosher,Autos,Cars For Sale,,,,
سيارة فوسو ميتسوبيشي 2024 شاحنة ديزل، لون أبيض، حالة ممتازة,"11,000 OMR",https://om.opensooq.com/en/search/285188996,https://opensooq-images.os-cdn.com/previews/2048x0/8d/53/8d539eb160bbf9c22c7150caee04eb407f899b976ceaa2a0a129d0f6dd3a47a7.jpg,Used,Mitsubishi,Fuso,Canter,2024,56769,,,Diesel,,,,,Japanese Specs,,,,,,Muscat,Ruwi,Autos,Cars For Sale,,,,
تويوتا راف فور 2017 XLE  للبيع,"4,500 OMR",https://om.opensooq.com/en/search/285188982,https://opensooq-images.os-cdn.com/previews/2048x0/e8/be/e8bec431a31f0ec82873742995c9f80efecf12232fc52594db9b0897ad6afff7.jpg,Used,Toyota,RAV 4,XLE,2017,180000,SUV,,Gasoline,,,,,American Specs,,,,,,Al Sharqiya,Dima and Al Taaiyin,Autos,Cars For Sale,,,,
ميتسوبيشي باجيرو 2016 للبيع,"3,900 OMR",https://om.opensooq.com/en/search/285188666,https://opensooq-images.os-cdn.com/previews/2048x0/9c/12/9c121788b3f98f42935c90bac3eaab21e7dd55a12c3b98c30ffd150f826da544.jpg,Used,Mitsubishi,Pajero,GLS,2016,162000,SUV,,Gasoline,,,,,GCC Specs,,,,,,Muscat,Ghubrah,Autos,Cars For Sale,,,,
لكسز GS350,"4,000 OMR",https://om.opensooq.com/en/search/285188144,https://opensooq-images.os-cdn.com/previews/2048x0/1a/f5/1af573d0379391d7e1aaede650f493c355b84d6fc8c16cef5412232120734553.jpg,Used,Lexus,GS,GS 350,2015,222367,Sedan,,Gasoline,,,,,American Specs,,,,,,Al Batinah,Al Masnaah,Autos,Cars For Sale,,,,
Dodge Durango 2017 GCC Spec for urgent sale,"3,800 OMR",https://om.opensooq.com/en/search/285187988,https://opensooq-images.os-cdn.com/previews/2048x0/a4/b7/a4b771bb0a7c0dfc6fcfca9aab6b8dbe109b14d8c0604c99d00131ca68af3285.jpg,Used,Dodge,Durango,SLT,2017,155000,SUV,,Gasoline,,,,,GCC Specs,,,,,,Muscat,Ghala,Autos,Cars For Sale,,,,
هوندا اكورد 2017 سعر اقل من السوق,"2,650 OMR",https://om.opensooq.com/en/search/285187484,https://opensooq-images.os-cdn.com/previews/2048x0/e8/cf/e8cfad935f23a2fa4e20f5d9f18a9a4ddc6ac3280352ef4ba435c3a1fceb45fb.jpg,Used,Honda,Accord,LX,2017,150000,Sedan,,Gasoline,,,,,American Specs,,,,,,Muscat,Azaiba,Autos,Cars For Sale,,,,
لكسر ES350  فول ابشن بنراما  تسجيل جديد,"7,800 OMR",https://om.opensooq.com/en/search/285186884,https://opensooq-images.os-cdn.com/previews/2048x0/00/98/0098c398911df82d83a39fd3bfb21000731f76cfb8f578e3a83bdb49a8aaf728.jpg,Used,Lexus,ES,ES 350,2018,179000,Sedan,,Gasoline,,,,,American Specs,,,,,,Muscat,Al Maabilah,Autos,Cars For Sale,,,,
MaZdA Cx-9 model 2024 from 1st Owner,"11,500 OMR",https://om.opensooq.com/en/search/285187028,https://opensooq-images.os-cdn.com/previews/2048x0/66/59/6659aecfc748afde1070bf963350a9c24376cd0c0e8cdd8dae2018d477bb854a.jpg,Used,Mazda,CX-9,Standard,2024,60000,Sedan,,Gasoline,,,,,GCC Specs,,,,,,Muscat,Amerat,Autos,Cars For Sale,,,,
دودج تشالنجر R/T 2012 كوبيه أبيض مستعملة بحالة ممتازة مع تأمين إلزامي,"2,000 OMR",https://om.opensooq.com/en/search/285181522,https://opensooq-images.os-cdn.com/previews/2048x0/6d/06/6d060448daa235daeb0e95d54d8372bdc9bda28690de10a72854eb77e87025a9.jpg,Used,Dodge,Challenger,R/T,2012,361500,Coupe,,Gasoline,,,,,American Specs,,,,,,Muscat,Al-Hail,Autos,Cars For Sale,,,,
كرولا 2015 للبيع,"2,600 OMR",https://om.opensooq.com/en/search/285186948,https://opensooq-images.os-cdn.com/previews/2048x0/df/f6/dff6c8af927a21a9ede329da76997dc9890a3f357090a4a4ad272c56327e18bd.jpg,Used,Toyota,Corolla,SE,2015,200000,Sedan,,Gasoline,,,,,GCC Specs,,,,,,Al Dhahirah,Ibri,Autos,Cars For Sale,,,,
سنتافى 2012 جاهزه للاستخدام,"1,900 OMR",https://om.opensooq.com/en/search/285186402,https://opensooq-images.os-cdn.com/previews/2048x0/db/10/db10d20b4b093cd4ce30a4a342e9dfdda84222e6da1689ba7fc398d894e580b0.jpg,Used,Hyundai,Santa Fe,Limited,2012,400000,SUV,,Gasoline,,,,,GCC Specs,,,,,,Al Dakhiliya,Nizwa,Autos,Cars For Sale,,,,
تكسي كيا ريو سبورت رقم واحد2018,"3,200 OMR",https://om.opensooq.com/en/search/285186660,https://opensooq-images.os-cdn.com/previews/2048x0/ed/78/ed78da350b7474f2e5b71cc441c8f68cd5db42df2daeff42f6ea0d6ee34551c1.jpg,Used,Kia,Rio,EX,2018,1000,Sedan,,Gasoline,,,,,GCC Specs,,,,,,Al Sharqiya,Ibra,Autos,Cars For Sale,,,,
تيوتا افلون 2001,780 OMR,https://om.opensooq.com/en/search/285132280,https://opensooq-images.os-cdn.com/previews/2048x0/7d/d7/7dd7fe4aed2de3278dd8f3a03c563ab4dd50c00a917e5790e00d76084068a3a1.jpg,Used,Toyota,Avalon,XLE,2001,1000000,Sedan,,Gasoline,,,,,European Specs,,,,,,Al Batinah,Al Masnaah,Autos,Cars For Sale,,,,
للبيع هيونداي سوناتا 2014,"1,550 OMR",https://om.opensooq.com/en/search/285104000,https://opensooq-images.os-cdn.com/previews/2048x0/b6/15/b615da7409c28489cff868ecdaa149fbc7367b394c1cf10df5f3917179deb803.jpg,Used,Hyundai,Sonata,Limited,2014,2000,Sedan,,Gasoline,,,,,American Specs,,,,,,Al Batinah,Al Masnaah,Autos,Cars For Sale,,,,
للبيع نيسان التمياء موديل 2019 مع الرقم تاكسي,"5,000 OMR",https://om.opensooq.com/en/search/285185950,https://opensooq-images.os-cdn.com/previews/2048x0/d9/b0/d9b0923ec9abe602aa7be33cb09558ddd6513c2f7301dc3595eb505a783306b3.jpg,Used,Nissan,Altima,S,2019,215670,Sedan,,Gasoline,,,,,American Specs,,,,,,Muscat,Al Khoud,Autos,Cars For Sale,,,,
لكزس اي اس 350 محول 2012,"1,600 OMR",https://om.opensooq.com/en/search/285185752,https://opensooq-images.os-cdn.com/previews/2048x0/02/88/028803754c8ed65c9132561aeab5a0385d199699772718e9228ca28873759d82.jpg,Used,Lexus,IS,IS 350,2006,40000,Sedan,,Gasoline,,,,,American Specs,,,,,,Muscat,Al Maabilah,Autos,Cars For Sale,,,,
رنج روفر فوج 2014 خليجي وكاله عمان محول 2023 نظيف جدا,"8,800 OMR",https://om.opensooq.com/en/search/285185856,https://opensooq-images.os-cdn.com/previews/2048x0/93/cd/93cdde84e5200c21093cb8bc067e11d5a1edf71446008ccccfbdd52e49178bf5.jpg,Used,Land Rover,Range Rover Sport,SVR,2014,1900,SUV,,Gasoline,,,,,GCC Specs,,,,,,Muscat,Al Maabilah,Autos,Cars For Sale,,,,
2020 تيسلا مودل Y long rang,"6,500 OMR",https://om.opensooq.com/en/search/285185572,https://opensooq-images.os-cdn.com/previews/2048x0/1d/6f/1d6f23829fa14af61bf379695c65d7aea616e35154916f663920a34cd6223718.jpg,Used,Tesla,Model Y,Long Range,2020,235000,SUV,,Electric,,,,,American Specs,,,,,,Al Dakhiliya,Sumail,Autos,Cars For Sale,,,,
مرسيدس بنز S350L خليجي الزواوي موديل 2012 من المستخدم الاول,"3,800 OMR",https://om.opensooq.com/en/search/285185754,https://opensooq-images.os-cdn.com/previews/2048x0/8b/22/8b222b88c40851d7a9c567d9ecdf68f42fc49172f1acf0df714a2c0c455448db.jpg,Used,Mercedes Benz,S-Class,S 350,2012,229000,SUV,,Gasoline,,,,,GCC Specs,,,,,,Muscat,Madinat As Sultan Qaboos,Autos,Cars For Sale,,,,
jeep wrangler tj 2002,"2,350 OMR",https://om.opensooq.com/en/search/285185350,https://opensooq-images.os-cdn.com/previews/2048x0/82/5a/825ad690df46e6870c12c8c88869808796d21d64074fdcae7f510ba301e7a5bf.jpg,Used,Jeep,Wrangler,Sport,2002,260000,SUV,,Gasoline,,,,,GCC Specs,,,,,,Muscat,Al Khoud,Autos,Cars For Sale,,,,
للبيع شنجان CS35 فل كامل موديل 2022,"4,900 OMR",https://om.opensooq.com/en/search/285185266,https://opensooq-images.os-cdn.com/previews/2048x0/c3/60/c3606b9fdc7f6e9e3416a4375e1d98522dd23ffdb941099310008e000cfad4dc.jpg,Used,Changan,CS35,CS35 Plus Trend,2022,78000,SUV,,Gasoline,,,,,GCC Specs,,,,,,Muscat,Al Maabilah,Autos,Cars For Sale,,,,
لبيع لكزس ES 350 موديل 2012 - رمادي، محتوية على مواصفات خليجية، مرخصة,"2,900 OMR",https://om.opensooq.com/en/search/285185240,https://opensooq-images.os-cdn.com/previews/2048x0/3e/dd/3edd4c9e822fdbe0032188998c696573e1f177a62c4f9532a56310f8d151ca2c.jpg,Used,Lexus,ES,ES 350,2012,300000,Sedan,,Gasoline,,,,,GCC Specs,,,,,,Al Batinah,Suwaiq,Autos,Cars For Sale,,,,
للبيع للجادين8500  موستنج فورد 2018بحالة ممتازه,"8,500 OMR",https://om.opensooq.com/en/search/285184918,https://opensooq-images.os-cdn.com/previews/2048x0/cf/6d/cf6def55a94a4ce1f3a694e97d58d463959352d4c3a9e46032251903e3255c29.jpg,Used,Ford,Mustang,GT,2018,120000,Coupe,,Gasoline,,,,,American Specs,,,,,,Al Batinah,Suwaiq,Autos,Cars For Sale,,,,
بورش كايين s للبيع,"3,500 OMR",https://om.opensooq.com/en/search/285184820,https://opensooq-images.os-cdn.com/previews/2048x0/65/9c/659c264b0f42270a56d0ce1a93068186a399ab328bf742b4575df9e58c1e2b24.jpg,Used,Porsche,Cayenne,Cayenne S,2013,267000,Coupe,,Gasoline,,,,,GCC Specs,,,,,,Muscat,Al Maabilah,Autos,Cars For Sale,,,,
كامري للبيع فقط,"3,800 OMR",https://om.opensooq.com/en/search/285184672,https://opensooq-images.os-cdn.com/previews/2048x0/eb/d2/ebd27323c23f2f932b99c27a69c2eff1f493a81ae75351d25d344bcd65ae9ba3.jpg,Used,Toyota,Camry,LE,2018,1777,Sedan,,Gasoline,,,,,American Specs,,,,,,Muscat,Bosher,Autos,Cars For Sale,,,,
"Hyundai Sonata,2019","3,000 OMR",https://om.opensooq.com/en/search/285184376,https://opensooq-images.os-cdn.com/previews/2048x0/ac/5c/ac5cb7a4b0af0b8dde30af727f90c4fc285f9e05aa9eb829febb2e9c67a55e11.jpg,Used,Hyundai,Sonata,SE,2019,145000,Sedan,,Gasoline,,,,,American Specs,,,,,,Muscat,Azaiba,Autos,Cars For Sale,,,,
رقم تاكسي للبيع 650,650 OMR,https://om.opensooq.com/en/search/285184430,https://opensooq-images.os-cdn.com/previews/2048x0/ce/46/ce460e424930e947cf202c6bc19dc38caca0a9d785320f29012561df86f7014b.jpg,Used,Toyota,Yaris,E,2019,1000,SUV,,Gasoline,,,,,GCC Specs,,,,,,Al Batinah,Suwaiq,Autos,Cars For Sale,,,,
كرولا 2004للببع,"1,800 OMR",https://om.opensooq.com/en/search/285184284,https://opensooq-images.os-cdn.com/previews/2048x0/46/fa/46fa5ebc3816e14943cf2bfd1af37793db912b464c9d6106e67dfab73c05e518.jpg,Used,Toyota,Corolla,XLI,2004,500000,Sedan,,Gasoline,,,,,GCC Specs,,,,,,Al Dakhiliya,Sumail,Autos,Cars For Sale,,,,
تويوتا هايس 2012 GL خليجي مستعمل بحالة جيدة مع كماليات مميزة,"4,000 OMR",https://om.opensooq.com/en/search/285183792,https://opensooq-images.os-cdn.com/previews/2048x0/9f/48/9f48ebcc062473aaf1f0189ec0bd87612627ee78b98a50c22a7015a089933668.jpg,Used,Toyota,Hiace,GL,2012,700000,,,Gasoline,,,,,GCC Specs,,,,,,Al Sharqiya,Sur,Autos,Cars For Sale,,,,
Honda civic 2016 urgent sale,"2,950 OMR",https://om.opensooq.com/en/search/285183750,https://opensooq-images.os-cdn.com/previews/2048x0/f6/d5/f6d5a97c7ad0df2ebb32bd486d2a4b0b6a959e4591147e1e2cea476ffb02b8e8.jpg,Used,Honda,Civic,EXi,2016,230000,Coupe,,Gasoline,,,,,GCC Specs,,,,,,Al Batinah,Al Masnaah,Autos,Cars For Sale,,,,
رام ريبيل Ram rebel2020,"11,400 OMR",https://om.opensooq.com/en/search/285183690,https://opensooq-images.os-cdn.com/previews/2048x0/e4/1c/e41c896b016022064cc589fe5efeeb135970d9868264340085ee47a0f09da684.jpg,Used,Dodge,Ram,Rebel,2020,130000,PickUp,,Gasoline,,,,,American Specs,,,,,,Muscat,Al Mawaleh,Autos,Cars For Sale,,,,
شيفروليت سبارك خليجي موديل 2018 بدون حوادث 4 سلندر فل أوتوماتيك اقتصادية للبيـــــــــــــع,"1,600 OMR",https://om.opensooq.com/en/search/285183500,https://opensooq-images.os-cdn.com/previews/2048x0/71/3f/713fd60d1623873b68d0d84418bb959aee2a9084173fe38f89319fefa8699a96.jpg,Used,Chevrolet,Spark,LS,2018,161000,SUV,,Gasoline,,,,,GCC Specs,,,,,,Muscat,Bosher,Autos,Cars For Sale,,,,
فتك سوبر سفاري,"13,500 OMR",https://om.opensooq.com/en/search/285182894,https://opensooq-images.os-cdn.com/previews/2048x0/73/53/7353a3e06cd3f0525433fa3aa7d41ccdb2c39c19be49069dff8c6069c265e4f2.jpg,Used,Nissan,Patrol,Safari,2020,177000,SUV,,Gasoline,,,,,GCC Specs,,,,,,Al Dakhiliya,Bahla,Autos,Cars For Sale,,,,
نيسان التيما 2023 أعلى فئه,"5,300 OMR",https://om.opensooq.com/en/search/285182354,https://opensooq-images.os-cdn.com/previews/2048x0/8f/be/8fbe66e5f445f067ea2f047d93d6434c09f9ad67dcffe5c6ad22fa441f23c9fc.jpg,Used,Nissan,Altima,SV,2023,52000,Sedan,,Gasoline,,,,,American Specs,,,,,,Muscat,Ghala,Autos,Cars For Sale,,,,
نيسان أرمادا بلاتينيوم فول أبشن 4×4 فورويل 2018,"9,550 OMR",https://om.opensooq.com/en/search/285182140,https://opensooq-images.os-cdn.com/previews/2048x0/f1/0a/f10ab9483ed91b796001eade8ae6e2f14571e9616becf2e8790be96c830b35b2.jpg,Used,Nissan,Armada,Platinum,2018,126000,SUV,,Gasoline,,,,,American Specs,,,,,,Muscat,Al Maabilah,Autos,Cars For Sale,,,,
Jac j7 very good conditions Gcc,"2,700 OMR",https://om.opensooq.com/en/search/285182246,https://opensooq-images.os-cdn.com/previews/2048x0/f8/98/f898d1777e2a0a601f84a0807a2fd2e1d77958b3dc6598f935ec2752e0342721.jpg,Used,JAC,J7,Standard,2021,52000,Sedan,,Gasoline,,,,,Dealership,,,,,,Muscat,Darsait,Autos,Cars For Sale,,,,
تويوتا افلون ليمتد 2015 خليجي للبيع,"4,500 OMR",https://om.opensooq.com/en/search/285182276,https://opensooq-images.os-cdn.com/previews/2048x0/39/9d/399d8a9fce9826aefa6032d658247311f8762fce7ac08c5a74497cc9ea63996b.jpg,Used,Toyota,Avalon,Limited,2015,197000,Sedan,,Gasoline,,,,,GCC Specs,,,,,,Al Batinah,Saham,Autos,Cars For Sale,,,,
land 2022 c,"3,000 OMR",https://om.opensooq.com/en/search/284813874,https://opensooq-images.os-cdn.com/previews/2048x0/ed/b8/edb841cc0d87831a81c5ebd79043a2355079b5078669ecde224b7b560f5c9ff4.jpg,Used,Toyota,Land Cruiser,Core Plus,2022,1000,Coupe,,Diesel,,,,,American Specs,,,,,,Muscat,Al Khoud,Autos,Cars For Sale,,,,
مرسدس c300,"13,000 OMR",https://om.opensooq.com/en/search/285181730,https://opensooq-images.os-cdn.com/previews/2048x0/f7/9e/f79e3d6e78d3b5f1466d2da3420cb58714c75e0fed2918ee411675285401ad0f.jpg,Used,Mercedes Benz,C-Class,C 300,2022,95000,Sedan,,Gasoline,,,,,European Specs,,,,,,Muscat,Seeb,Autos,Cars For Sale,,,,
BMW X6 2010 – Excellent Condition,"2,400 OMR",https://om.opensooq.com/en/search/285181614,https://opensooq-images.os-cdn.com/previews/2048x0/60/47/604711b4592237efdf5a4046afc1b6722748ec756c7f1a4a41610284cd311449.png,Used,BMW,X6 Series,Standard,2010,190000,SUV,,Gasoline,,,,,American Specs,,,,,,Muscat,Azaiba,Autos,Cars For Sale,,,,
Toyota corolla 2019 gulf xli تويوتا كورولا  2019 خليجي,"5,400 OMR",https://om.opensooq.com/en/search/285126036,https://opensooq-images.os-cdn.com/previews/2048x0/e0/a8/e0a83abf58f771ed337aecb15049a54fa83eb2e95cc6ff2f5ad7cf0684ec575c.jpg,Used,Toyota,Corolla,XLI,2019,179000,Sedan,,Gasoline,,,,,GCC Specs,,,,,,Muscat,Wadi Al Kabir,Autos,Cars For Sale,,,,
نيسان بيكاب نيفارا 2013,"2,600 OMR",https://om.opensooq.com/en/search/285181298,https://opensooq-images.os-cdn.com/previews/2048x0/a4/62/a4625320ec3a2fdc651dae9d8fd6b99e83e55e961d8844d2df96c796d5f0a3ea.jpg,Used,Nissan,Navara,SE,2012,323808,PickUp,,Gasoline,,,,,GCC Specs,,,,,,Al Dakhiliya,Bahla,Autos,Cars For Sale,,,,
الماركه هيونداي  سوناتا  خليجي,"1,600 OMR",https://om.opensooq.com/en/search/285181174,https://opensooq-images.os-cdn.com/previews/2048x0/07/56/0756442dac65de794938f15a2d78e6c8fbb09d54e58f23d451f1c4d3afa41956.jpg,Used,Hyundai,Sonata,SE,2015,266000,Sedan,,Gasoline,,,,,GCC Specs,,,,,,Muscat,Seeb,Autos,Cars For Sale,,,,
افلون للبيع 2006 ابيض,"1,400 OMR",https://om.opensooq.com/en/search/285181054,https://opensooq-images.os-cdn.com/previews/2048x0/41/9b/419b5abd83e5a8c382791e3e6d6306bcc5621462ac251f22ed3d7c493385ee8c.jpg,Used,Toyota,Avalon,XLE,2006,20000,Sedan,,Gasoline,,,,,American Specs,,,,,,Al Batinah,Al Masnaah,Autos,Cars For Sale,,,,
تيوتاهراف فور,"7,600 OMR",https://om.opensooq.com/en/search/285180418,https://opensooq-images.os-cdn.com/previews/2048x0/50/ce/50cef61ec08199b9b0445ce2e54028403b3da46950d9791393a4ddda342cfb43.jpg,Used,Toyota,RAV 4,XLE,2021,165112,HatchBack,,Gasoline,,,,,GCC Specs,,,,,,Al Batinah,Sohar,Autos,Cars For Sale,,,,
ميرسيدس CLA 250  سلندر 4 توربو  Mercedes CLA 250 4-cylinder turbo,"3,000 OMR",https://om.opensooq.com/en/search/285180412,https://opensooq-images.os-cdn.com/previews/2048x0/d3/68/d36879fad96290ca3536fdfa9c79a24785563f0e2e892e6f05971c52bce53072.jpg,Used,Mercedes Benz,CLA-CLass,CLA 250,2014,180000,Sedan,,Gasoline,,,,,American Specs,,,,,,Muscat,Other,Autos,Cars For Sale,,,,
تويوتا كامري  للبيع  موديل 2019 SE,"5,600 OMR",https://om.opensooq.com/en/search/285180618,https://opensooq-images.os-cdn.com/previews/2048x0/11/22/11222c412c73ab2798ffbcca27aefb300c01513c76908822a75f07a74bee7b73.jpg,Used,Toyota,Camry,SE,2019,74045,Sedan,,Gasoline,,,,,American Specs,,,,,,Al Batinah,Sohar,Autos,Cars For Sale,,,,
تويوتا كامري 2018 هايبرد camry 2018 hybrid,"2,930 OMR",https://om.opensooq.com/en/search/285180354,https://opensooq-images.os-cdn.com/previews/2048x0/18/3a/183a82bbf9a23f8d765f3aef68d3ea696e3d12fc2a9b5ad76f395cb9919f73d7.jpg,Used,Toyota,Camry,LE,2018,149000,Sedan,,Hybrid,,,,,GCC Specs,,,,,,Muscat,Al Khuwair,Autos,Cars For Sale,,,,
تويوتا لاند كروزر VXR 2013 خليجي مستعملة بأفضل حالة مع ميزات حديثة,"11,600 OMR",https://om.opensooq.com/en/search/285180048,https://opensooq-images.os-cdn.com/previews/2048x0/a5/f1/a5f1eef751dfb611a7d3a6b0bb2d8a46673831dc8c93cfb53294efd429c97fa1.jpg,Used,Toyota,Land Cruiser,VXR,2013,281000,SUV,,Gasoline,,,,,GCC Specs,,,,,,Al Dhahirah,Ibri,Autos,Cars For Sale,,,,
نيسان بيكب للبيع,"3,100 OMR",https://om.opensooq.com/en/search/285180144,https://opensooq-images.os-cdn.com/previews/2048x0/e5/d4/e5d479f4453afe914e436c9c05bd111dbce1158b706d502efe761720206a0c03.jpg,Used,Nissan,Datsun,,2014,156782,PickUp,,Gasoline,,,,,GCC Specs,,,,,,Al Batinah,Al Masnaah,Autos,Cars For Sale,,,,
"2013 Nissan Sentra Sedan for Sale - GCC Specs, Excellent Condition, Diesel Engine","1,350 OMR",https://om.opensooq.com/en/search/285179814,https://opensooq-images.os-cdn.com/previews/2048x0/19/56/1956652b48496818373dca851483d9fc30f77fcd2fceecedcfbde030b3f492dc.jpg,Used,Nissan,Sentra,Standard,2013,234000,Sedan,,Gasoline,,,,,GCC Specs,,,,,,Muscat,Ghubrah,Autos,Cars For Sale,,,,
تويوتا بيكب هايلوكس غماره 2015 للبيع,"4,750 OMR",https://om.opensooq.com/en/search/285179750,https://opensooq-images.os-cdn.com/previews/2048x0/2a/ff/2affcb90cddfaf3e8bec74d736e6b1e83c4260e55c43e22c07460e2ea4ac0bc0.jpg,Used,Toyota,Hilux,GL,2015,250000,PickUp,,Gasoline,,,,,GCC Specs,,,,,,Al Dhahirah,Yunqul,Autos,Cars For Sale,,,,
ألتيما 2020,"4,300 OMR",https://om.opensooq.com/en/search/285179628,https://opensooq-images.os-cdn.com/previews/2048x0/4c/1b/4c1b456b43956b425e27d0a89272827a9ed053ab74e96c1d83a6772027e2a195.jpg,Used,Nissan,Altima,SR,2020,186000,Sedan,,Gasoline,,,,,American Specs,,,,,,Al Dakhiliya,Nizwa,Autos,Cars For Sale,,,,
السياره جاهزه ما تحتاج لشي  استخدام شخصي ويمكن التمويل بدون دفعه مقدمه,"45,000 OMR",https://om.opensooq.com/en/search/285179454,https://opensooq-images.os-cdn.com/previews/2048x0/7b/90/7b900fcd27575bda9006f8b2b111df6263a4000138c0c8af43a547b7b04a1f44.jpg,Used,Nissan,Altima,SV,2021,199954,Sedan,,Gasoline,,,,,American Specs,,,,,,Al Batinah,Rustaq,Autos,Cars For Sale,,,,
جمس يوكن 2005 للبيع,800 OMR,https://om.opensooq.com/en/search/285179688,https://opensooq-images.os-cdn.com/previews/2048x0/2f/33/2f3303ddf323916ccabb483f40b413998ce9db58076beb5ca806aae53cb118a3.jpg,Used,GMC,Yukon,SLT,2005,284000,SUV,,Gasoline,,,,,American Specs,,,,,,Muscat,Al Khoud,Autos,Cars For Sale,,,,
2015 Malibu LTZ - 3.0L - وكالة عمان,"1,250 OMR",https://om.opensooq.com/en/search/285179632,https://opensooq-images.os-cdn.com/previews/2048x0/63/04/6304d636fd84f78cf3f490c58ec1bf1006c629f8a7261d3bb7393791e4a5710a.jpg,Used,Chevrolet,Malibu,LTZ,2015,250000,Sedan,,Gasoline,,,,,GCC Specs,,,,,,Muscat,Wadi Al Kabir,Autos,Cars For Sale,,,,
البييع مستعجلة السيارة يحتاج إلى شيء بسيطة أمورك فوق الطيبة وكالة,"2,600 OMR",https://om.opensooq.com/en/search/285179574,https://opensooq-images.os-cdn.com/previews/2048x0/ed/aa/edaa54b720dd8d554693dbc5afbb85070edcd4bbc722d494e46664bb98ac0663.jpg,Used,Ford,Mustang,EcoBoost,2015,500000,Coupe,,Gasoline,,,,,American Specs,,,,,,Buraimi,Other,Autos,Cars For Sale,,,,
نيسان التيما وارد امريكي مديل 2018 ،SL السيارة مصيونة بشكل كامل جاهزة للاستخدام .,"2,600 OMR",https://om.opensooq.com/en/search/285179466,https://opensooq-images.os-cdn.com/previews/2048x0/10/59/10597aa242d9ab6ac0e3a74f1bb3334257508962130fe6168b6965df9d84a696.jpg,Used,Nissan,Altima,SL,2018,200000,Sedan,,Gasoline,,,,,American Specs,,,,,,Al Dakhiliya,Sumail,Autos,Cars For Sale,,,,
Just buy& drive MG RX5,"4,700 OMR",https://om.opensooq.com/en/search/285179372,https://opensooq-images.os-cdn.com/previews/2048x0/df/4a/df4a9567d64c3b66d9510693e00b3a62dabf331efa60c8f4c5707094a1ca59d1.jpg,Used,MG,MG RX5,,2022,114000,SUV,,Gasoline,,,,,GCC Specs,,,,,,Muscat,Bosher,Autos,Cars For Sale,,,,
موستبيشي باجيرو,"1,900 OMR",https://om.opensooq.com/en/search/285179086,https://opensooq-images.os-cdn.com/previews/2048x0/47/ea/47ead75a12c6814d48f70d354611ad15ebe4e8874078e3858f71650fb9d6cc3a.jpg,Used,Mitsubishi,Pajero,GLX,2011,25400,SUV,,Gasoline,,,,,GCC Specs,,,,,,Al Dakhiliya,Izki,Autos,Cars For Sale,,,,
تويوتا برادوا رقم واحد قمه في النظافه,"8,000 OMR",https://om.opensooq.com/en/search/285178716,https://opensooq-images.os-cdn.com/previews/2048x0/ac/58/ac58ce09e44c5f4b218b039223a1027c581c8b4216a6565cb7d362c3ee6069c9.jpg,Used,Toyota,Prado,TXL,2013,200000,SUV,,Gasoline,,,,,GCC Specs,,,,,,Muscat,Seeb,Autos,Cars For Sale,,,,
تويوتا كامري للبيع xse 2021,"8,200 OMR",https://om.opensooq.com/en/search/285098498,https://opensooq-images.os-cdn.com/previews/2048x0/90/2d/902dc08d4e53600cc63da419a46c8633f0be1ece7224f33df923097d6007015d.jpg,Used,Toyota,Camry,XSE,2021,157000,Sedan,,Gasoline,,,,,American Specs,,,,,,Muscat,Amerat,Autos,Cars For Sale,,,,
التيما 2008 للبيع,700 OMR,https://om.opensooq.com/en/search/285178426,https://opensooq-images.os-cdn.com/previews/2048x0/50/d9/50d948f49292e66ac9a4d688570e8de5ed8ba586810da1a8f224edae00514307.jpg,Used,Nissan,Altima,SL,2008,450000,Sedan,,Gasoline,,,,,American Specs,,,,,,Muscat,Al Khuwair,Autos,Cars For Sale,,,,
Mitsubishi L200 2020 double cabin 4x4,"5,500 OMR",https://om.opensooq.com/en/search/285178466,https://opensooq-images.os-cdn.com/previews/2048x0/20/48/20489796ee486f5516c5c2a771e989b53f63564a84f25799b6af5910e762e4af.jpg,Used,Mitsubishi,L200,Double Cab GL,2020,80000,PickUp,,Gasoline,,,,,GCC Specs,,,,,,Muscat,Al-Hail,Autos,Cars For Sale,,,,
تم تخفيض السعر  نيسان التيما 2021,"3,150 OMR",https://om.opensooq.com/en/search/285178160,https://opensooq-images.os-cdn.com/previews/2048x0/47/bf/47bf62fc1427c8d62b2c9ce004064bfb99d061cd664681f3d449837776656d20.jpg,Used,Nissan,Altima,S,2021,196000,Sedan,,Gasoline,,,,,American Specs,,,,,,Al Dakhiliya,Sumail,Autos,Cars For Sale,,,,
جمس سييرا 2022 AT4,"14,000 OMR",https://om.opensooq.com/en/search/285178310,https://opensooq-images.os-cdn.com/previews/2048x0/df/39/df39ca2cea1d881dc347ed86a088cecae9c98f0b6a491a690b79be133ea5f8a8.jpg,Used,GMC,Sierra,"1,500 AT4",2022,100000,PickUp,,Gasoline,,,,,GCC Specs,,,,,,Muscat,Al Mawaleh,Autos,Cars For Sale,,,,
C250 خليجي عمان,"6,000 OMR",https://om.opensooq.com/en/search/285174444,https://opensooq-images.os-cdn.com/previews/2048x0/0a/1a/0a1a708a85d1560dda8a4f16cbfd43b1feaa9a16b436058756bfd3a255c527f9.jpg,Used,Mercedes Benz,C-Class,C 250,2016,300000,Sedan,,Gasoline,,,,,GCC Specs,,,,,,Al Batinah,Saham,Autos,Cars For Sale,,,,
مازدا بيكاب 2005,950 OMR,https://om.opensooq.com/en/search/284651604,https://opensooq-images.os-cdn.com/previews/2048x0/85/f6/85f640b0af9a25a06f7bb7fe811dd373a2bcc9d95ba6f76ef181a41c2c1a75ca.jpg,Used,Mazda,Other,,2005,300000,PickUp,,Gasoline,,,,,GCC Specs,,,,,,Muscat,Quriyat,Autos,Cars For Sale,,,,
ام جي GT موديل 2023 وكالة عمان بحالة ممتازة,"4,250 OMR",https://om.opensooq.com/en/search/285177992,https://opensooq-images.os-cdn.com/previews/2048x0/73/f8/73f8748ae6c5afec71f41d73be67a1d6c11bc9525d8a1721d7703c77bfa3cbd5.jpg,Used,MG,MG GT,,2023,79000,Sedan,,Gasoline,,,,,GCC Specs,,,,,,Muscat,Ghubrah,Autos,Cars For Sale,,,,
سيارة نيسان سنترا موديل 2015 خليجية نظيفة مرخصة ومجهزة بكافة المواصفات,"1,350 OMR",https://om.opensooq.com/en/search/285177780,https://opensooq-images.os-cdn.com/previews/2048x0/34/51/3451d68a93286473332f412185e0698c2695570e3b7df399cb145748ee9db7db.jpg,Used,Nissan,Sentra,Standard,2015,400000,Sedan,,Gasoline,,,,,GCC Specs,,,,,,Al Batinah,Saham,Autos,Cars For Sale,,,,
تويوتا كامري 2019  حاله ممتازة، لا تحتاج لاي مصروف,"5,000 OMR",https://om.opensooq.com/en/search/285177556,https://opensooq-images.os-cdn.com/previews/2048x0/a7/92/a792ffb8af2870b161b057ed1b42223a17cdbe90a483b852bc406247cba4377d.jpg,Used,Toyota,Camry,SE,2019,170000,Sedan,,Gasoline,,,,,American Specs,,,,,,Muscat,Amerat,Autos,Cars For Sale,,,,
تويوتا كامري موديل 2017,"2,950 OMR",https://om.opensooq.com/en/search/285177662,https://opensooq-images.os-cdn.com/previews/2048x0/f9/64/f96467e4ad515cd06fc48a32ff2283d9dcf132f1e56ec040238acac199def575.jpg,Used,Toyota,Camry,SE,2017,380000,Sedan,,Gasoline,,,,,American Specs,,,,,,Al Batinah,Al Masnaah,Autos,Cars For Sale,,,,
نيسان سنترا 2015 خليجية صالون/STANDARD مرخصة مع تأمين شامل ورخصة سارة، أبيض,"1,350 OMR",https://om.opensooq.com/en/search/285177624,https://opensooq-images.os-cdn.com/previews/2048x0/7b/54/7b5452f6619281fea09e5b5e6b19316ad17474ebbc373f97aed37fe31ff7382a.jpg,Used,Nissan,Sentra,Standard,2015,400000,Sedan,,Gasoline,,,,,GCC Specs,,,,,,Al Batinah,Saham,Autos,Cars For Sale,,,,
نيسان بافندر2017وارد,"2,900 OMR",https://om.opensooq.com/en/search/285177570,https://opensooq-images.os-cdn.com/previews/2048x0/45/1e/451e2dc035ef8992cf800edbcc3eb903334e32530980d42dfd82216ea1db8d65.jpg,Used,Nissan,Pathfinder,SL,2017,240232,SUV,,Gasoline,,,,,American Specs,,,,,,Al Dakhiliya,Bahla,Autos,Cars For Sale,,,,
تويوتا كرولا للبيع موديل 2012,"2,100 OMR",https://om.opensooq.com/en/search/285177412,https://opensooq-images.os-cdn.com/previews/2048x0/67/ee/67eea21ce8a6479a6cd08449258f47a5b28fba23e97f7e120ccfbd50b6b6c5a5.jpg,Used,Toyota,Corolla,LE,2012,288000,Sedan,,Gasoline,,,,,American Specs,,,,,,Al Dakhiliya,Nizwa,Autos,Cars For Sale,,,,
For Sale: Nissan Murano 2017 – Limited Edition – Full Option,"3,500 OMR",https://om.opensooq.com/en/search/285175512,https://opensooq-images.os-cdn.com/previews/2048x0/8e/d5/8ed55d0ced7362b41c4dfa729cfafa95f736ad420decf02685990698788e722d.jpg,Used,Nissan,Murano,SL,2017,1999,SUV,,Gasoline,,,,,American Specs,,,,,,Muscat,Al Maabilah,Autos,Cars For Sale,,,,
نيسان فيرسا 2012 هاتشباك مستعملة بأداء جيد مع مواصفات يابانية,"1,100 OMR",https://om.opensooq.com/en/search/285177060,https://opensooq-images.os-cdn.com/previews/2048x0/22/55/22553585359b598f98e5350fc6d78e84a3033e6d32e60e45079569561693bda7.jpg,Used,Nissan,Versa,Standard,2012,200000,HatchBack,,Gasoline,,,,,Japanese Specs,,,,,,Buraimi,Al Buraimi,Autos,Cars For Sale,,,,
مرسيدس c300 2024 بحادث بسيط / mercdes c 300,"15,900 OMR",https://om.opensooq.com/en/search/285176752,https://opensooq-images.os-cdn.com/previews/2048x0/42/ba/42baa2a6056e93819a7f6e3797a517a75cdfeeccd033b1dd63e02cbb33407783.png,Used,Mercedes Benz,C-Class,C 300,2024,27000,Sedan,,Gasoline,,,,,American Specs,,,,,,Muscat,Al Khuwair,Autos,Cars For Sale,,,,
شاحنه قلابة,"4,300 OMR",https://om.opensooq.com/en/search/285128056,https://opensooq-images.os-cdn.com/previews/2048x0/23/c9/23c9debd1d33cc1f8d0dbd590492066eedda73ef8641d507c24985bb3f2cb2c8.jpg,Used,Daihatsu,Other,,2010,124000,,,Diesel,,,,,GCC Specs,,,,,,Al Dakhiliya,Izki,Autos,Cars For Sale,,,,
للبيع افالون 2003 نظيف,750 OMR,https://om.opensooq.com/en/search/285176616,https://opensooq-images.os-cdn.com/previews/2048x0/4b/a5/4ba5ef4903ea3e721f42f3afd76f433b0a212cb11f1fa8d2fa348a14240bf1b3.jpg,Used,Toyota,Avalon,XLE,2003,300000,Sedan,,Gasoline,,,,,GCC Specs,,,,,,Al Sharqiya,Bidiya,Autos,Cars For Sale,,,,
كرولا 2012 رقم واحد,"2,200 OMR",https://om.opensooq.com/en/search/285174082,https://opensooq-images.os-cdn.com/previews/2048x0/7a/4c/7a4c128444ac4d8e822fdd2be9eb7f79917e87ad920f3eef7a731d0f52e9c6ff.jpg,Used,Toyota,Corolla,GLI,2012,270000,Sedan,,Gasoline,,,,,GCC Specs,,,,,,Al Batinah,Rustaq,Autos,Cars For Sale,,,,
Attrage 2016 for sale,"1,600 OMR",https://om.opensooq.com/en/search/285176302,https://opensooq-images.os-cdn.com/previews/2048x0/b8/eb/b8ebba58f89f4f2af4bb43ea039c1d5850a868fe26214787096c6b457266a0a6.jpg,Used,Mitsubishi,Attrage,Standard,2016,299847,HatchBack,,Gasoline,,,,,GCC Specs,,,,,,Muscat,Al Mawaleh,Autos,Cars For Sale,,,,
هوندا بايلوت Touring دفع رباعي موديل 2012 خليجي فل أوبشن,"3,450 OMR",https://om.opensooq.com/en/search/284977318,https://opensooq-images.os-cdn.com/previews/2048x0/30/79/3079a6ecf1d6a469a40ccd5460421dab3a2d56e7467183f9d7b679c590d1c824.jpg,Used,Honda,Pilot,Touring AWD,2012,237000,SUV,,Gasoline,,,,,GCC Specs,,,,,,Muscat,Ansab,Autos,Cars For Sale,,,,
تويوتا كامري 2004 للبيع,700 OMR,https://om.opensooq.com/en/search/285176306,https://opensooq-images.os-cdn.com/previews/2048x0/18/23/182361029396325fad254ce7849865deb6113fdb798c54e44f875b197be0f91b.jpg,Used,Toyota,Camry,SE,2004,300000,Sedan,,Gasoline,,,,,American Specs,,,,,,Al Batinah,Al Masnaah,Autos,Cars For Sale,,,,
Kia Cerato for sale,"1,200 OMR",https://om.opensooq.com/en/search/285176300,https://opensooq-images.os-cdn.com/previews/2048x0/66/10/6610c7451a38c264a8503bed5214c7af71299056bf6b20fb6263adda4a8b72a6.jpg,Used,Kia,Cerato,EX,2012,373112,Sedan,,Gasoline,,,,,GCC Specs,,,,,,Muscat,Bosher,Autos,Cars For Sale,,,,
هوندا اكورد 2018,"4,900 OMR",https://om.opensooq.com/en/search/285159708,https://opensooq-images.os-cdn.com/previews/2048x0/a3/fa/a3faa5932942a3a170ae4edb79c618a19706b81e74f30619629178b9e80b58f7.jpg,Used,Honda,Accord,Standard,2018,2188,SUV,,Gasoline,,,,,GCC Specs,,,,,,Muscat,Al Maabilah,Autos,Cars For Sale,,,,
رافور ليمتد موديل 2016 بحاله ممتازه,"4,600 OMR",https://om.opensooq.com/en/search/285176144,https://opensooq-images.os-cdn.com/previews/2048x0/89/e9/89e9a8ff91fb5ffa409f42e983ae9c20957f080c3e2faaa82be1fee4aa3099b6.jpg,Used,Toyota,RAV 4,Limited,2016,185000,SUV,,Gasoline,,,,,American Specs,,,,,,Al Dhahirah,Ibri,Autos,Cars For Sale,,,,
Corvette C7 lt2 ( argent sell ),"14,500 OMR",https://om.opensooq.com/en/search/285176070,https://opensooq-images.os-cdn.com/previews/2048x0/22/bc/22bc9df5935c757e8d345206c9cd880e6a40499b3addda4fc5c9b583932ab2be.jpg,Used,Chevrolet,Corvette,C7,2015,180000,Coupe,,Gasoline,,,,,American Specs,,,,,,Muscat,Seeb,Autos,Cars For Sale,,,,
شفرولية لومينا 2009 قابل للتفاوض   6 سلندر,750 OMR,https://om.opensooq.com/en/search/285175796,https://opensooq-images.os-cdn.com/previews/2048x0/01/3d/013d1cd0644ff6c36a32eea86c6f152a82d17d725eb94db4da6b81b43c9e8921.jpg,Used,Chevrolet,Lumina,SS,2008,393000,Sedan,,Gasoline,,,,,GCC Specs,,,,,,Al Batinah,Other,Autos,Cars For Sale,,,,
Subaru BRZ 2015,"1,450 OMR",https://om.opensooq.com/en/search/285175722,https://opensooq-images.os-cdn.com/previews/2048x0/eb/5e/eb5e2c434b6c689beb496599d3fece27af7b70c93a6368edf22c8eb5168144d5.jpg,Used,Subaru,BRZ,Premium,2015,122000,Coupe,,Gasoline,,,,,American Specs,,,,,,Muscat,Al Maabilah,Autos,Cars For Sale,,,,
للبيع لاندكروزر موديل 2010 جير عادي,"5,500 OMR",https://om.opensooq.com/en/search/285175496,https://opensooq-images.os-cdn.com/previews/2048x0/89/f1/89f184886dbb5bb0e9fbd28779a200d74d07f8cd06afa5afc72fafe77b0274bc.jpg,Used,Toyota,Land Cruiser,GXR,2008,593000,SUV,,Gasoline,,,,,GCC Specs,,,,,,Muscat,Other,Autos,Cars For Sale,,,,
لاندكروزر GXR 2008 محول 2014 خليجي الموتر نظيف تشغيل بصمه فتحت سقف,"5,400 OMR",https://om.opensooq.com/en/search/285175552,https://opensooq-images.os-cdn.com/previews/2048x0/f9/9b/f99bcf297c02cfb1dca398cc28ce4d25d5b522acd6ac1d5ff8ff9916768d71d4.jpg,Used,Toyota,Land Cruiser,GXR,2010,312000,SUV,,Gasoline,,,,,GCC Specs,,,,,,Muscat,Al-Hail,Autos,Cars For Sale,,,,
لانسر 2010 ممتازه,"1,320 OMR",https://om.opensooq.com/en/search/285175142,https://opensooq-images.os-cdn.com/previews/2048x0/12/4a/124a01badaab68c72c3bf599f6d60caec1ee9964706d578b08e6d06ae09eab57.jpg,Used,Mitsubishi,Lancer,Standard,2010,260000,Sedan,,Gasoline,,,,,GCC Specs,,,,,,Muscat,Al Mawaleh,Autos,Cars For Sale,,,,
تويوتا كامري موديل 2021 فئة SE وارد أمريكي السيارة بحالة الوكالة لاتفوت الفرصه وبادر با الحجز.......,"6,500 OMR",https://om.opensooq.com/en/search/285174982,https://opensooq-images.os-cdn.com/previews/2048x0/af/d0/afd0567735e6b22e04baabc86c7e3c7e21686842ee126f9bf6b3de758ca6139b.jpg,Used,Toyota,Camry,SE,2021,86000,Sedan,,Gasoline,,,,,American Specs,,,,,,Muscat,Al-Hail,Autos,Cars For Sale,,,,
بيكب نيسان غماره وحده 2013 اقرا الوصف,"2,800 OMR",https://om.opensooq.com/en/search/285174974,https://opensooq-images.os-cdn.com/previews/2048x0/7b/21/7b218cc052491e9d69b44a08ef26b91e516baaee82d6601c24e6628a40c5787c.jpg,Used,Nissan,Datsun,,2013,238815,PickUp,,Gasoline,,,,,GCC Specs,,,,,,Al Batinah,Suwaiq,Autos,Cars For Sale,,,,
التيما SV 2023 جديدد و نظيف جداً,"5,250 OMR",https://om.opensooq.com/en/search/285174916,https://opensooq-images.os-cdn.com/previews/2048x0/7f/c5/7fc5160faf93da709c8561f7745393af15e2c11825a1cb21fc4cbadd9174d4fd.jpg,New,Nissan,Altima,SV,2023,100,Sedan,,Gasoline,,,,,American Specs,,,,,,Al Batinah,Barka,Autos,Cars For Sale,,,,
نيسان التيما رقم واحد تكملة اقصاد اقرى الوصف,"2,400 OMR",https://om.opensooq.com/en/search/285174850,https://opensooq-images.os-cdn.com/previews/2048x0/f6/94/f6949550c3c955de248259eb63cba01e971c3f7625fef0f41edc082776e6c476.jpg,Used,Nissan,Altima,SL,2015,400000,Sedan,,Gasoline,,,,,American Specs,,,,,,Buraimi,Other,Autos,Cars For Sale,,,,
AUDI A7 2013 OMAN,"2,800 OMR",https://om.opensooq.com/en/search/285174826,https://opensooq-images.os-cdn.com/previews/2048x0/5b/17/5b17f2843903fe98d64a9e77b3e73cd775eda9204b2f01025e24d2608f41a826.jpg,Used,Audi,A7,Standard,2013,79000,Sedan,,Gasoline,,,,,GCC Specs,,,,,,Muscat,Al-Hail,Autos,Cars For Sale,,,,
تيوتا باص كوستر 2011,"9,700 OMR",https://om.opensooq.com/en/search/285174544,https://opensooq-images.os-cdn.com/previews/2048x0/f2/08/f20844026b89e9ec5885086a7b236d7c69993b6cbb7797d195f8fd73ef3a8bd7.jpg,Used,Toyota,Other,,2011,9700,,,Gasoline,,,,,American Specs,,,,,,Al Dakhiliya,Bidbid,Autos,Cars For Sale,,,,
فساتين للئجار,"1,000 OMR",https://om.opensooq.com/en/search/285174336,https://opensooq-images.os-cdn.com/previews/2048x0/27/f9/27f96de3f2ea14adf227655d7e32f2310cc153d545aaa39e904037161b3399c9.jpg,Used,Mercedes Benz,B-Class,B 250,2027,2200,SUV,,Gasoline,,,,,American Specs,,,,,,Al Batinah,Barka,Autos,Cars For Sale,,,,
لكزس 430 LS,"1,400 OMR",https://om.opensooq.com/en/search/285174410,https://opensooq-images.os-cdn.com/previews/2048x0/21/67/21674a0709a4e1ea60765524a831201b1f7fe38eb97d34528fb6715774bdeb1b.jpg,Used,Lexus,LS,LS 430,2003,38000,Coupe,,Gasoline,,,,,American Specs,,,,,,Muscat,Al Maabilah,Autos,Cars For Sale,,,,
مرسيدس بنز الفئة E موديل 2016 E 350 محول 63 خارجي,"3,350 OMR",https://om.opensooq.com/en/search/285166214,https://opensooq-images.os-cdn.com/previews/2048x0/30/b3/30b360152cf542d6e2de7e87e897fa338122f9a2fd7267c4a2f0011231c78af5.jpg,Used,Mercedes Benz,E-Class,E 350,2016,262000,Sedan,,Gasoline,,,,,American Specs,,,,,,Muscat,Muscat Hills,Autos,Cars For Sale,,,,
جاكور اف تايف وارد الكويت 2021,"12,900 OMR",https://om.opensooq.com/en/search/285143576,https://opensooq-images.os-cdn.com/previews/2048x0/35/e2/35e28d67a6d1e97642a9a8a6190ec417be4e144344ad0ae90b66d2ec4cf2124e.jpg,Used,Jaguar,F-Type,Standard,2021,35000,Coupe,,Gasoline,,,,,GCC Specs,,,,,,Muscat,Qurm,Autos,Cars For Sale,,,,
تويوتا اف جي كروزر (FJ Cruiser) 2014 خليجي,"6,800 OMR",https://om.opensooq.com/en/search/285174114,https://opensooq-images.os-cdn.com/previews/2048x0/1f/73/1f739549ed0bfec4c0b0f5ca971356b29c36653da8c6ff8d0823ffdc44c20398.jpg,Used,Toyota,FJ,Standard,2014,370000,SUV,,Gasoline,,,,,GCC Specs,,,,,,Muscat,Al-Hail,Autos,Cars For Sale,,,,
Changan Alsvin 2026 New 0 Km For Argent Sell سيارة جديدة من صالة عرض عمان الكاملة,"2,900 OMR",https://om.opensooq.com/en/search/285174076,https://opensooq-images.os-cdn.com/previews/2048x0/cb/0f/cb0f26005819ee9e9892ee99b26581f1f9896de7f80003547252202deb867a8e.jpg,New,Changan,Alsvin,Standard,2026,0,Sedan,,Gasoline,,,,,Chinese Specs,,,,,,Al Batinah,Barka,Autos,Cars For Sale,,,,
جيب رانجلر 2012 بحالة ممتازة,"2,960 OMR",https://om.opensooq.com/en/search/285160738,https://opensooq-images.os-cdn.com/previews/2048x0/8b/cd/8bcd7ce79b78dd7806798d1de1884b7addf09d23a0008e737d266aa9ec06ea67.jpg,Used,Jeep,Wrangler,Sport,2012,150000,SUV,,Gasoline,,,,,American Specs,,,,,,Muscat,Al Maabilah,Autos,Cars For Sale,,,,
شيفروليه أفيو 2014,850 OMR,https://om.opensooq.com/en/search/285124618,https://opensooq-images.os-cdn.com/previews/2048x0/21/bf/21bfacf66db13b8b2fc63d9f595afc9d9ff9d1a966708702eac28ac4541b1d66.jpg,Used,Chevrolet,Aveo,Base,2014,134000,Sedan,,Gasoline,,,,,Other Specs,,,,,,Al Wustaa,Haima,Autos,Cars For Sale,,,,
Renault Megane  2023  Oman Car  Excelent Condition,"3,050 OMR",https://om.opensooq.com/en/search/285173908,https://opensooq-images.os-cdn.com/previews/2048x0/e6/66/e666aa4dd05dd0fd559299b174420268bbd5d78fc69766e62d5ddb11462e4379.jpg,Used,Renault,Megane,Standard,2023,81000,Sedan,,Gasoline,,,,,GCC Specs,,,,,,Muscat,Ghala,Autos,Cars For Sale,,,,
نيسان اكستريل x trail موديل 2002 دفع رباعي,700 OMR,https://om.opensooq.com/en/search/285173814,https://opensooq-images.os-cdn.com/previews/2048x0/89/bf/89bf4b8b215c427f7aa102c14c9125f17c1c57b212a64a866b15786ca4e98ad4.jpg,Used,Nissan,X-Trail,Standard,2001,455000,SUV,,Gasoline,,,,,GCC Specs,,,,,,Al Dhahirah,Dhank,Autos,Cars For Sale,,,,
للبيع هيونداي النترا 2021 وارد كنداء بمواصفات الخليج بسعر مناسب للباحث عن سيارة اقتصادية,"4,400 OMR",https://om.opensooq.com/en/search/285173778,https://opensooq-images.os-cdn.com/previews/2048x0/70/49/7049ff8d4d2f29d6f0c382924eba1c8d8c0f9091e2fcfd5fedfbe349ca63bd9f.jpg,Used,Hyundai,Elantra,SEL,2021,123350,Sedan,,Gasoline,,,,,American Specs,,,,,,Muscat,Halban,Autos,Cars For Sale,,,,
تويوتا كامري 2019 للبيع,"5,200 OMR",https://om.opensooq.com/en/search/285173708,https://opensooq-images.os-cdn.com/previews/2048x0/65/32/6532c9208fc8697832e5421983e2c8ac89f492f39ed2f85a0fb4c868a6f0950a.jpg,Used,Toyota,Camry,SE,2019,200000,Sedan,,Gasoline,,,,,American Specs,,,,,,Al Dakhiliya,Nizwa,Autos,Cars For Sale,,,,
لاندكروسر برادو.2019 نظيفه ولا توجد أعطال.,"11,000 OMR",https://om.opensooq.com/en/search/285173598,https://opensooq-images.os-cdn.com/previews/2048x0/c0/46/c04649f45448a56a49effb43e30e9b7c5dedcae7705b322846f3d0e55a120b8f.jpg,Used,Toyota,Prado,Standard,2019,200000,SUV,,Gasoline,,,,,GCC Specs,,,,,,Muscat,Al Khoud,Autos,Cars For Sale,,,,
لاندكروسر للبيع بحالة ممتازة. Landcruiser for sale with no any complain at all. very good condition,"14,000 OMR",https://om.opensooq.com/en/search/285173516,https://opensooq-images.os-cdn.com/previews/2048x0/aa/fe/aafe1806a3403e442ea157bee3180d893dae46d4760dee229126730231e9e65b.jpg,Used,Toyota,Land Cruiser,Base,2019,200000,SUV,,Gasoline,,,,,GCC Specs,,,,,,Muscat,Al Khoud,Autos,Cars For Sale,,,,
النترا مستعمل,"1,400 OMR",https://om.opensooq.com/en/search/285173346,https://opensooq-images.os-cdn.com/previews/2048x0/d6/65/d665b925f46080101035948706bb40342f435ba46283bdcaca252d0af73a3426.jpg,Used,Hyundai,Elantra,Standard,2011,317214,Sedan,,Gasoline,,,,,GCC Specs,,,,,,Muscat,Seeb,Autos,Cars For Sale,,,,
لكسز صفقههه,"4,000 OMR",https://om.opensooq.com/en/search/285173204,https://opensooq-images.os-cdn.com/previews/2048x0/cf/ab/cfab39ed375f86152ede17e7be37b8737e4a19210f5a5f7474a1780444b1d2a1.jpg,Used,Lexus,ES,ES 350,2014,929000,Sedan,,Gasoline,,,,,American Specs,,,,,,Al Batinah,Al Khaboura,Autos,Cars For Sale,,,,
LEXUS ES350 FOR SALE,"1,200 OMR",https://om.opensooq.com/en/search/285152850,https://opensooq-images.os-cdn.com/previews/2048x0/d3/df/d3dfe71fbefb01512a121cad86d72bbe2d43123122405782b89cda2f3ef92118.jpg,Used,Lexus,ES,ES 350,2009,450000,Sedan,,Gasoline,,,,,GCC Specs,,,,,,Muscat,Ghubrah,Autos,Cars For Sale,,,,
جيب رانجلير  ريبكون موديل 2021خليجي  صبغ الوكالة رقم واحد مسرفسة بالكامل وجاهزة للاستخدام,"16,800 OMR",https://om.opensooq.com/en/search/285173016,https://opensooq-images.os-cdn.com/previews/2048x0/8c/18/8c189ad5a588d2e8b78fb8537d643dde1fbdeef6862ef2624486250e795f8c55.jpg,Used,Jeep,Wrangler,Rubicon,2021,88047,SUV,,Gasoline,,,,,GCC Specs,,,,,,Muscat,Al-Hail,Autos,Cars For Sale,,,,
كيا ريو للبيع العاجل,950 OMR,https://om.opensooq.com/en/search/285172972,https://opensooq-images.os-cdn.com/previews/2048x0/ef/07/ef07ad43407a32c2cc369e4c1a7e0438c5f555f8da531185a834e16fddcea0a7.jpg,Used,Kia,Rio,Standard,2010,40000,Sedan,,Gasoline,,,,,GCC Specs,,,,,,Al Dakhiliya,Nizwa,Autos,Cars For Sale,,,,
سوناتا 2017,"2,100 OMR",https://om.opensooq.com/en/search/285155978,https://opensooq-images.os-cdn.com/previews/2048x0/77/df/77df0340731a077bae8bbe863bd9da5e817626fe7157895aa4aeb01d49b04d79.jpg,Used,Hyundai,Sonata,SE,2017,130000,Sedan,,Gasoline,,,,,American Specs,,,,,,Al Dhahirah,Ibri,Autos,Cars For Sale,,,,
كيا ريو  اقتصاديه و نظيفه  للبيع بشكل عاجل,950 OMR,https://om.opensooq.com/en/search/285172884,https://opensooq-images.os-cdn.com/previews/2048x0/ef/07/ef07ad43407a32c2cc369e4c1a7e0438c5f555f8da531185a834e16fddcea0a7.jpg,Used,Kia,Rio,Standard,2010,40000,Sedan,,Gasoline,,,,,GCC Specs,,,,,,Al Dakhiliya,Nizwa,Autos,Cars For Sale,,,,
Toyota Fortuner,"15,000 OMR",https://om.opensooq.com/en/search/285172936,https://opensooq-images.os-cdn.com/previews/2048x0/c1/ec/c1ec293ad1f048d7c1d54bd76202a77404c4be1f2c131bb946130f16c439f78f.jpg,New,Toyota,Fortuner,Ultra,2024,25,HatchBack,,Gasoline,,,,,GCC Specs,,,,,,Al Batinah,Other,Autos,Cars For Sale,,,,
Nissan Altima 2012,"1,500 OMR",https://om.opensooq.com/en/search/285172860,https://opensooq-images.os-cdn.com/previews/2048x0/e6/b7/e6b7bc07d43b4403fc97a983ff5f0e596a8e50e68173f81f836dba383173104e.jpg,Used,Nissan,Altima,Standard,2012,173000,Sedan,,Gasoline,,,,,Dealership,,,,,,Muscat,Al Maabilah,Autos,Cars For Sale,,,,
تويوتا كامري 2015 SE,"2,950 OMR",https://om.opensooq.com/en/search/285144766,https://opensooq-images.os-cdn.com/previews/2048x0/e0/96/e096afb9574e23d85cf0f5cb3efdc31e64fc56e7f78abdc3fc683077a4550acf.jpg,Used,Toyota,Camry,SE,2015,332000,Sedan,,Gasoline,,,,,American Specs,,,,,,Muscat,Amerat,Autos,Cars For Sale,,,,
Nissan sunny 2015 for sale,"1,500 OMR",https://om.opensooq.com/en/search/285172656,https://opensooq-images.os-cdn.com/previews/2048x0/8b/82/8b82d087bea3771702e3729d0c44be389bdcf30d8d5841c2e9e8aa748b20d001.jpg,Used,Nissan,Sunny,Standard,2015,125000,Sedan,,Gasoline,,,,,Other Specs,,,,,,Al Batinah,Sohar,Autos,Cars For Sale,,,,
عز الطلب جيب جراند شيروكي لمتيد سبشل ادشن 2021 فورويل صبغة الوكاله بدون صبغ بدون حوادث او غرق NEW,"6,800 OMR",https://om.opensooq.com/en/search/285172508,https://opensooq-images.os-cdn.com/previews/2048x0/46/30/463092d45921bc089c70620ef5fa8a4713f13bc8025449728e9f96c7f3308a7a.jpg,Used,Jeep,Grand Cherokee,Limited,2021,163000,SUV,,Gasoline,,,,,American Specs,,,,,,Al Batinah,Sohar,Autos,Cars For Sale,,,,
Rubicon 2021,"12,400 OMR",https://om.opensooq.com/en/search/285172440,https://opensooq-images.os-cdn.com/previews/2048x0/7d/0f/7d0f41e0a91c50356247ddbda154268c10ca78870d7866a3b83278c414b4d3a9.jpg,Used,Jeep,Wrangler,Rubicon,2021,74000,SUV,,Gasoline,,,,,American Specs,,,,,,Muscat,Al Maabilah,Autos,Cars For Sale,,,,
