Name,Price,URL,Image,Condition,Car Make,Model,Trim,Year,Kilometers,Body Type,Number of Seats,Fuel,Transmission,Engine Size (cc),Exterior Color,Interior Color,Regional Specs,Car License,Insurance,Body Condition,Paint,Payment Method,City,Neighborhood,Category,Subcategory,Interior Options,Exterior Options,Technology Options,VIN Number
Used Mercedes Benz C-Class in Muscat,"7,900 OMR",https://om.opensooq.com/en/search/284821368,https://opensooq-images.os-cdn.com/previews/2048x0/f9/7b/f97b65d2ed96a201e40154bf6d1a28d1c749e6644b2f9edc33ba5ccc369f97ce.jpg,Used,Mercedes Benz,C-Class,C 200,2018,110000,Sedan,,Gasoline,,,,,GCC Specs,,,,,,Muscat,Azaiba,Autos,Cars For Sale,,,,
Used Lexus RX in Muscat,"9,700 OMR",https://om.opensooq.com/en/search/284819036,https://opensooq-images.os-cdn.com/previews/2048x0/86/38/86388a4dd76a3c63ce2144b1c8992f97b49d27b0a4a64a2ed25749f161dc5260.jpg,Used,Lexus,RX,RX 350,2017,150000,SUV,,Gasoline,,,,,GCC Specs,,,,,,Muscat,Al Khoud,Autos,Cars For Sale,,,,
Used Ford Mustang in Muscat,"2,200 OMR",https://om.opensooq.com/en/search/284803714,https://opensooq-images.os-cdn.com/previews/2048x0/cb/72/cb72e5484543bb2a042f456e8e1dfbe0a0d617155ed93180b6e110d678723723.png,Used,Ford,Mustang,GT,2012,287000,Coupe,,Gasoline,,,,,American Specs,,,,,,Muscat,Al Maabilah,Autos,Cars For Sale,,,,
Used Kia Rio in Al Sharqiya,"1,500 OMR",https://om.opensooq.com/en/search/284794416,https://opensooq-images.os-cdn.com/previews/2048x0/99/98/9998122cfeaeb015eaf199dddeaaaadf37caee18fc4a939e7443d11a889b45c6.jpg,Used,Kia,Rio,EX,2012,180000,HatchBack,,Gasoline,,,,,GCC Specs,,,,,,Al Sharqiya,Sur,Autos,Cars For Sale,,,,
Used Jeep Wrangler in Muscat,"3,900 OMR",https://om.opensooq.com/en/search/284829182,https://opensooq-images.os-cdn.com/previews/2048x0/25/5e/255efa5ffad3a7338353e2b02adc168eb017480891d6d931db2691109bf1a13b.jpg,Used,Jeep,Wrangler,Sahara,2013,573000,Convertible,,Gasoline,,,,,GCC Specs,,,,,,Muscat,Al Khoud,Autos,Cars For Sale,,,,
Used BMW 3 Series in Muscat,"31,000 OMR",https://om.opensooq.com/en/search/284828810,https://opensooq-images.os-cdn.com/previews/2048x0/34/7e/347ea5d073a4a13bef0761386e1ef5d9fe18e4fa2cf2558edf8c97d598c5607c.jpg,Used,BMW,3 Series,M3,2024,39000,Sedan,,Gasoline,,,,,American Specs,,,,,,Muscat,Al Mawaleh,Autos,Cars For Sale,,,,
Toyota Yaris 2019 with 169000km in  Mawalah,"3,150 OMR",https://om.opensooq.com/en/search/284807894,https://opensooq-images.os-cdn.com/previews/2048x0/a8/a9/a8a91e12889116388eaa5e240f26038e8839ffe57adef2fd39cfbcfeee9e9df7.jpg,Used,Toyota,Yaris,G,2019,169000,Sedan,,Gasoline,,,,,GCC Specs,,,,,,Muscat,Al Khoud,Autos,Cars For Sale,,,,
Used Hyundai Elantra in Muscat,"2,500 OMR",https://om.opensooq.com/en/search/284828008,https://opensooq-images.os-cdn.com/previews/2048x0/46/be/46beda7a45fe866b0d069534427af9d9a6a5a608451f9b6fa88344865593c495.jpg,Used,Hyundai,Elantra,Limited,2015,160000,Sedan,,Gasoline,,,,,GCC Specs,,,,,,Muscat,Al Khoud,Autos,Cars For Sale,,,,
Used Toyota Camry in Muscat,"6,800 OMR",https://om.opensooq.com/en/search/284827330,https://opensooq-images.os-cdn.com/previews/2048x0/47/b8/47b8bd8985ae32feb973e23b6dfe058fb79b85574d7c51fd3f1593d79d43aaf0.jpg,Used,Toyota,Camry,LE,2023,115000,Sedan,,Gasoline,,,,,GCC Specs,,,,,,Muscat,Ghubrah,Autos,Cars For Sale,,,,
Toyota 1.5 Yaris,"2,150 OMR",https://om.opensooq.com/en/search/284308806,https://opensooq-images.os-cdn.com/previews/2048x0/69/04/6904951ca061ba7f83c4edbc6db004614536b08e0b262e5e5df4681ad9e7dfb6.jpg,Used,Toyota,Yaris,E,2017,200000,Sedan,,Gasoline,,,,,GCC Specs,,,,,,Al Batinah,Al Masnaah,Autos,Cars For Sale,,,,
Used Toyota Camry in Muscat,"7,800 OMR",https://om.opensooq.com/en/search/284827548,https://opensooq-images.os-cdn.com/previews/2048x0/32/8d/328d7d75f31f3ed5195759a50a1970d8df31bb3c1276ebd21d764c5f10c99e6f.jpg,Used,Toyota,Camry,SE,2023,110000,Sedan,,Gasoline,,,,,GCC Specs,,,,,,Muscat,Ghubrah,Autos,Cars For Sale,,,,
Used Hyundai Tucson in Muscat,"1,990 OMR",https://om.opensooq.com/en/search/284425776,https://opensooq-images.os-cdn.com/previews/2048x0/10/8d/108d4ef5d579c9f1db48689e8bc8c8a11928de8654c0d4b242558e79fc3817cc.jpg,Used,Hyundai,Tucson,GL,2011,200000,SUV,,Gasoline,,,,,GCC Specs,,,,,,Muscat,Al Mawaleh,Autos,Cars For Sale,,,,
Used Cadillac CT5 in Muscat,"13,600 OMR",https://om.opensooq.com/en/search/284826870,https://opensooq-images.os-cdn.com/previews/2048x0/88/15/881503a1066a43de7d674e6e72da3a0edb59d188d215ee22f5e0998272f8aa8f.jpg,Used,Cadillac,CT5,Standard,2022,93000,Sedan,,Gasoline,,,,,American Specs,,,,,,Muscat,Qurm,Autos,Cars For Sale,,,,
Used Lexus GS in Buraimi,"1,700 OMR",https://om.opensooq.com/en/search/284826756,https://opensooq-images.os-cdn.com/previews/2048x0/f3/58/f358f5de13115740601198e6cca1ebe2aea40610e55d400bfd56ff1d937f0254.jpg,Used,Lexus,GS,GS 430,2006,500000,Sedan,,Gasoline,,,,,GCC Specs,,,,,,Buraimi,Al Buraimi,Autos,Cars For Sale,,,,
Used Hyundai Accent in Muscat,"1,480 OMR",https://om.opensooq.com/en/search/284825574,https://opensooq-images.os-cdn.com/previews/2048x0/30/b6/30b646d9730d408edcac5a4a2248596ff9f6ef935ca253483086107168da51b6.jpg,Used,Hyundai,Accent,Standard,2013,290000,Sedan,,Gasoline,,,,,GCC Specs,,,,,,Muscat,Amerat,Autos,Cars For Sale,,,,
renault koleos 2014,"1,400 OMR",https://om.opensooq.com/en/search/284825438,https://opensooq-images.os-cdn.com/previews/2048x0/a7/2e/a72e12aa1b1b5f0fb7d556a96f862ead8a6fa5ca381c58b51b0c0840e8906227.jpg,Used,Renault,Koleos,SE,2014,180000,SUV,,Gasoline,,,,,GCC Specs,,,,,,Muscat,Al Khuwair,Autos,Cars For Sale,,,,
Used Toyota RAV 4 in Al Dakhiliya,"8,100 OMR",https://om.opensooq.com/en/search/284824686,https://opensooq-images.os-cdn.com/previews/2048x0/e1/a7/e1a76ae4bfaf3d5d0611e4f0bbfcab2cb819a386e62d5681340da3ec204f1185.jpg,Used,Toyota,RAV 4,XLE,2021,80000,SUV,,Gasoline,,,,,American Specs,,,,,,Al Dakhiliya,Nizwa,Autos,Cars For Sale,,,,
Used Lexus LS in Al Batinah,900 OMR,https://om.opensooq.com/en/search/284824358,https://opensooq-images.os-cdn.com/previews/2048x0/0e/e1/0ee148e0927e7a9e06267e216707254ea30a28617eed7c495106fb3bba0d25e6.jpg,Used,Lexus,LS,LS 430,2002,200000,Sedan,,Gasoline,,,,,GCC Specs,,,,,,Al Batinah,Shinas,Autos,Cars For Sale,,,,
Hyundai Santa Fe 2018,"2,800 OMR",https://om.opensooq.com/en/search/284824364,https://opensooq-images.os-cdn.com/previews/2048x0/cd/4b/cd4b795230a34b0b1164dbdca8c028933b0beaff99122e7a26835c646ab425ed.jpg,Used,Hyundai,Santa Fe,Standard,2018,109000,Sedan,,Gasoline,,,,,American Specs,,,,,,Muscat,Al Mawaleh,Autos,Cars For Sale,,,,
"2013 Nissan Pathfinder SUV - GCC Specs, 7 Seats, Fully Equipped, Good Condition","2,900 OMR",https://om.opensooq.com/en/search/284824260,https://opensooq-images.os-cdn.com/previews/2048x0/2b/4c/2b4c2c938fe698da3b5735e5815d7233334da4804435b423d2827cdd9bc899c7.jpg,Used,Nissan,Pathfinder,Standard,2013,265000,SUV,,Gasoline,,,,,GCC Specs,,,,,,Muscat,Al-Hail,Autos,Cars For Sale,,,,
Used Lexus RX in Dhofar,"11,000 OMR",https://om.opensooq.com/en/search/284824264,https://opensooq-images.os-cdn.com/previews/2048x0/14/48/1448de5b8cc047f894f5891a8265839784c39edf1a7b9185f43755dbc3117a21.jpg,Used,Lexus,RX,RX 350 Premium+,2020,94000,SUV,,Gasoline,,,,,American Specs,,,,,,Dhofar,Salala,Autos,Cars For Sale,,,,
Used Mercedes Benz S-Class in Muscat,"12,700 OMR",https://om.opensooq.com/en/search/284824280,https://opensooq-images.os-cdn.com/previews/2048x0/3d/f5/3df5838ce200b2e8d94fab325ac420a3c1978ea4b00c95f19f3e0b3a5698b65f.jpg,Used,Mercedes Benz,S-Class,S 450,2018,128000,Sedan,,Gasoline,,,,,GCC Specs,,,,,,Muscat,Ansab,Autos,Cars For Sale,,,,
Used Nissan Sunny in Muscat,"3,200 OMR",https://om.opensooq.com/en/search/284824088,https://opensooq-images.os-cdn.com/previews/2048x0/03/68/0368e53241361e69e4cf650910b2bd2f351082eea78c9f7bebbd468a36ea8c05.jpg,Used,Nissan,Sunny,Standard,2021,135000,Sedan,,Gasoline,,,,,GCC Specs,,,,,,Muscat,Seeb,Autos,Cars For Sale,,,,
For Sale: 2016 Jeep Cherokee – Full Option – Oman Car,"3,000 OMR",https://om.opensooq.com/en/search/284823996,https://opensooq-images.os-cdn.com/previews/2048x0/a7/15/a715a4b52f40df74f18ece1d723de2381e6ab60d45c9a4cfe3d6b37f9e4f737f.jpg,Used,Jeep,Cherokee,Sport,2016,180000,SUV,,Gasoline,,,,,GCC Specs,,,,,,Muscat,Bosher,Autos,Cars For Sale,,,,
Used Honda Accord in Muscat,"8,500 OMR",https://om.opensooq.com/en/search/284822938,https://opensooq-images.os-cdn.com/previews/2048x0/b2/17/b217b90eef5edb3edb4daba943037151bf63a464564fb578f197d35e4a7ff720.jpg,Used,Honda,Accord,Sport,2022,16000,Sedan,,Gasoline,,,,,GCC Specs,,,,,,Muscat,Ghubrah,Autos,Cars For Sale,,,,
Used Toyota Land Cruiser in Al Sharqiya,"13,000 OMR",https://om.opensooq.com/en/search/284823182,https://opensooq-images.os-cdn.com/previews/2048x0/d4/f5/d4f5dc1955f3a6e84fb719cb188981ad70405d9174b79a97000edb4a1efb4332.jpg,Used,Toyota,Land Cruiser,Pickup - Shas,2022,160000,PickUp,,Gasoline,,,,,GCC Specs,,,,,,Al Sharqiya,Jalan Bani buhassan,Autos,Cars For Sale,,,,
Used Suzuki Vitara in Al Sharqiya,"1,400 OMR",https://om.opensooq.com/en/search/284785978,https://opensooq-images.os-cdn.com/previews/2048x0/52/b3/52b306b43841b918407d54e4b1ed21b15a81c3d9dc6df9bbbed8e30a6e2eb8a5.jpg,Used,Suzuki,Vitara,GLX,2009,1650,SUV,,Gasoline,,,,,American Specs,,,,,,Al Sharqiya,Al Mudaibi,Autos,Cars For Sale,,,,
Used Lexus LS in Al Batinah,700 OMR,https://om.opensooq.com/en/search/284794306,https://opensooq-images.os-cdn.com/previews/2048x0/25/91/2591f3a1f2ab8861be07fa8f230994461b18c0e4b4839df17d00121c01a121c7.jpg,Used,Lexus,LS,LS 400,1998,200000,Sedan,,Gasoline,,,,,American Specs,,,,,,Al Batinah,Suwaiq,Autos,Cars For Sale,,,,
Used JMC S350 in Buraimi,"1,200 OMR",https://om.opensooq.com/en/search/284735052,https://opensooq-images.os-cdn.com/previews/2048x0/64/c3/64c3eb6120a114c9836beb7108807c4f9cd4a78ad36697d0ac6ebad62481b61e.jpg,Used,JMC,S350,,2012,1000,SUV,,Gasoline,,,,,American Specs,,,,,,Buraimi,Al Buraimi,Autos,Cars For Sale,,,,
Used Ford F-150 in Al Dakhiliya,"9,200 OMR",https://om.opensooq.com/en/search/284821782,https://opensooq-images.os-cdn.com/previews/2048x0/58/43/5843844017ed23a3f0d3df701431486cd11b473da387c1a4bc5dedf5318c7535.jpg,Used,Ford,F-150,Lariat,2021,159000,PickUp,,Gasoline,,,,,American Specs,,,,,,Al Dakhiliya,Nizwa,Autos,Cars For Sale,,,,
hyundai elentra 2019 for sale,"2,700 OMR",https://om.opensooq.com/en/search/284775904,https://opensooq-images.os-cdn.com/previews/2048x0/fd/3e/fd3e5faa0e16f2110927e57fc9eff6609ecb5ca0f4d1c2954a48899ec8066916.jpg,Used,Hyundai,Elantra,Limited,2019,130000,Sedan,,Gasoline,,,,,American Specs,,,,,,Muscat,Amerat,Autos,Cars For Sale,,,,
Used Mercedes Benz CLA-CLass in Muscat,"4,200 OMR",https://om.opensooq.com/en/search/284821308,https://opensooq-images.os-cdn.com/previews/2048x0/c4/93/c4932d161d80841f97072c1e7a855f8585134d336597799a117909f80dca32ba.jpg,Used,Mercedes Benz,CLA-CLass,CLA 250,2017,135000,Sedan,,Gasoline,,,,,American Specs,,,,,,Muscat,Bosher,Autos,Cars For Sale,,,,
Used Toyota Camry in Al Batinah,"2,750 OMR",https://om.opensooq.com/en/search/284820804,https://opensooq-images.os-cdn.com/previews/2048x0/a1/fc/a1fce1b8866ab7a11c636d5f85c168dae497d9f2b1f293fa543ef2072cf47773.jpg,Used,Toyota,Camry,SE,2017,200000,Sedan,,Gasoline,,,,,American Specs,,,,,,Al Batinah,Saham,Autos,Cars For Sale,,,,
MG GT 2022 للـبـيــع,"4,100 OMR",https://om.opensooq.com/en/search/284821002,https://opensooq-images.os-cdn.com/previews/2048x0/ba/3d/ba3d3324b56c2d5685622df9765c245a3e2c33b5ffbc153ad61069cf1f356997.jpg,Used,MG,MG GT,,2022,119000,Sedan,,Gasoline,,,,,GCC Specs,,,,,,Muscat,Al Mawaleh,Autos,Cars For Sale,,,,
Used Nissan Armada in Al Dakhiliya,"1,800 OMR",https://om.opensooq.com/en/search/284820174,https://opensooq-images.os-cdn.com/previews/2048x0/21/13/21132e9b5040113ef2fc130758e13d3e7f8272cef94251414b95ec4a947bf726.jpg,Used,Nissan,Armada,SV,2008,329360,SUV,,Gasoline,,,,,American Specs,,,,,,Al Dakhiliya,Bahla,Autos,Cars For Sale,,,,
Used Tesla Model 3 in Muscat,"6,900 OMR",https://om.opensooq.com/en/search/284820768,https://opensooq-images.os-cdn.com/previews/2048x0/c9/f1/c9f1f091dcdd7161a84387756acde2b1312c419e3bcaef5f3f385ac7179f8f2e.jpg,Used,Tesla,Model 3,Long Range,2022,45000,Sedan,,Electric,,,,,American Specs,,,,,,Muscat,Al Maabilah,Autos,Cars For Sale,,,,
Used Chevrolet Trailblazer in Al Batinah,"4,400 OMR",https://om.opensooq.com/en/search/284820808,https://opensooq-images.os-cdn.com/previews/2048x0/f7/87/f787d739ad69f1f551fd68b29975e1e976b6440000c47047054616e98d5d8eef.jpg,Used,Chevrolet,Trailblazer,LTZ,2020,175000,SUV,,Gasoline,,,,,American Specs,,,,,,Al Batinah,Rustaq,Autos,Cars For Sale,,,,
Used Nissan Patrol in Al Batinah,"14,500 OMR",https://om.opensooq.com/en/search/284820468,https://opensooq-images.os-cdn.com/previews/2048x0/7f/94/7f94c5b4135fa2d63c0f8ef7e7b162cea013add56d0c78dc167270f9b14dc74e.jpg,Used,Nissan,Patrol,Safari,2021,960000,SUV,,Gasoline,,,,,GCC Specs,,,,,,Al Batinah,Sohar,Autos,Cars For Sale,,,,
Used Toyota Avalon in Al Dakhiliya,780 OMR,https://om.opensooq.com/en/search/284819556,https://opensooq-images.os-cdn.com/previews/2048x0/ee/f5/eef5c50f2c56efa525003c370f0e9bd5f9c7349f488b093e1b47e37654759d8b.jpg,Used,Toyota,Avalon,XLE,2001,200000,Sedan,,Gasoline,,,,,American Specs,,,,,,Al Dakhiliya,Bahla,Autos,Cars For Sale,,,,
Sell This car,"2,200 OMR",https://om.opensooq.com/en/search/284820014,https://opensooq-images.os-cdn.com/previews/2048x0/f4/f5/f4f5bf23d7174e03f7c1ad7cedf2f3f94341b02a8c511aa525d06ae24ecdf321.jpg,Used,Kia,Optima,Standard,2018,114000,Sedan,,Gasoline,,,,,GCC Specs,,,,,,Muscat,Al Khuwair,Autos,Cars For Sale,,,,
Used Lexus IS in Al Batinah,"4,800 OMR",https://om.opensooq.com/en/search/284820024,https://opensooq-images.os-cdn.com/previews/2048x0/ec/ec/ecec9980d4efcb99d88197717d9866fed1cfae5ce4b891faf5cd031e6d270421.jpg,Used,Lexus,IS,IS 250,2014,250000,Sedan,,Gasoline,,,,,American Specs,,,,,,Al Batinah,Saham,Autos,Cars For Sale,,,,
Used Hyundai Elantra in Muscat,"2,800 OMR",https://om.opensooq.com/en/search/284819662,https://opensooq-images.os-cdn.com/previews/2048x0/99/bc/99bc120a94555786db7381577106eeae8cb2c839c817c6a14183ce063ada7b07.jpg,Used,Hyundai,Elantra,Sport,2018,144000,Sedan,,Gasoline,,,,,American Specs,,,,,,Muscat,Ghala,Autos,Cars For Sale,,,,
Used Nissan Patrol in Al Dhahirah,"1,300 OMR",https://om.opensooq.com/en/search/284811150,https://opensooq-images.os-cdn.com/previews/2048x0/5b/94/5b94c69b6784baa206b18e7c4eda6c0b4e01937710cdc49290f5f8d841284521.png,Used,Nissan,Patrol,Nismo,2008,400000,PickUp,,Gasoline,,,,,Japanese Specs,,,,,,Al Dhahirah,Yunqul,Autos,Cars For Sale,,,,
Hyundai accent,"1,550 OMR",https://om.opensooq.com/en/search/284819198,https://opensooq-images.os-cdn.com/previews/2048x0/87/de/87de86d8937e1f4626cce54233b7833dc099f774f6bf2a751226ba704379042c.jpg,Used,Hyundai,Accent,SE,2016,196895,Sedan,,Gasoline,,,,,Korean Specs,,,,,,Al Batinah,Barka,Autos,Cars For Sale,,,,
Used Toyota Camry in Al Batinah,"5,000 OMR",https://om.opensooq.com/en/search/284819048,https://opensooq-images.os-cdn.com/previews/2048x0/eb/49/eb49e9666829a324cb18d6b998b0afc040d5c203ccb2681343c39f6bccbf086b.jpg,Used,Toyota,Camry,XSE,2018,20000,Sedan,,Gasoline,,,,,American Specs,,,,,,Al Batinah,Rustaq,Autos,Cars For Sale,,,,
For Sale: Nissan Altima 2018 – Excellent Condition,"2,490 OMR",https://om.opensooq.com/en/search/284819188,https://opensooq-images.os-cdn.com/previews/2048x0/14/a9/14a997b98bdfa6fd1988d6d9ba693d7d13fcd7080cf94da390ad1bfe207392bb.jpg,Used,Nissan,Altima,Standard,2018,129000,Sedan,,Gasoline,,,,,American Specs,,,,,,Muscat,Seeb,Autos,Cars For Sale,,,,
Used Lexus IS in Al Dhahirah,"1,800 OMR",https://om.opensooq.com/en/search/284818490,https://opensooq-images.os-cdn.com/previews/2048x0/84/9b/849b60f1c640896e256591382da567adde2b726daff7d63a197ad7f8ff2159ec.jpg,Used,Lexus,IS,IS 250,2008,3351,Sedan,,Gasoline,,,,,European Specs,,,,,,Al Dhahirah,Ibri,Autos,Cars For Sale,,,,
Used Toyota Camry in Al Batinah,"6,400 OMR",https://om.opensooq.com/en/search/284817990,https://opensooq-images.os-cdn.com/previews/2048x0/3b/46/3b4685f55921e76c5c1478b0c1d39b8e74bdcd2e2e5a69ac8d8ca670e36afe8a.jpg,Used,Toyota,Camry,LE,2023,143000,Sedan,,Gasoline,,,,,Japanese Specs,,,,,,Al Batinah,Suwaiq,Autos,Cars For Sale,,,,
Used Mercedes Benz S-Class in Muscat,"3,600 OMR",https://om.opensooq.com/en/search/284818584,https://opensooq-images.os-cdn.com/previews/2048x0/1d/69/1d693595c94edc7f6200bde5df2eac81009690eeb1886578fdd96b3c66164fe5.jpg,Used,Mercedes Benz,S-Class,S 350,2013,295000,Sedan,,Gasoline,,,,,GCC Specs,,,,,,Muscat,Bosher,Autos,Cars For Sale,,,,
Used Dodge Ram in Muscat,"4,000 OMR",https://om.opensooq.com/en/search/284818014,https://opensooq-images.os-cdn.com/previews/2048x0/df/1d/df1d1ae5da18b41c0fb9b4c3f1d58b1de997b238d7b2bdce9f7d28ed0a3ad172.jpg,Used,Dodge,Ram,Laramie,2014,200000,PickUp,,Gasoline,,,,,GCC Specs,,,,,,Muscat,Al Maabilah,Autos,Cars For Sale,,,,
2009 Dodge Durango 5.7L HEMI,"2,400 OMR",https://om.opensooq.com/en/search/284816682,https://opensooq-images.os-cdn.com/previews/2048x0/0a/e6/0ae6f8ce8465b3e465ea96f2624a4962a3affebc6eda01f463b1246d9d195c75.jpg,Used,Dodge,Durango,SLT,2009,300600,SUV,,Gasoline,,,,,GCC Specs,,,,,,Al Batinah,Barka,Autos,Cars For Sale,,,,
Toyota Camry 2004,"1,300 OMR",https://om.opensooq.com/en/search/284817854,https://opensooq-images.os-cdn.com/previews/2048x0/6f/44/6f447151571fe633bb2e3174327ab2140b575f47a0b00740f9e96213577312fa.jpg,Used,Toyota,Camry,XLE,2004,400000,Sedan,,Gasoline,,,,,GCC Specs,,,,,,Buraimi,Al Buraimi,Autos,Cars For Sale,,,,
"2024 HONDA ACCORD, EX","4,450 OMR",https://om.opensooq.com/en/search/284774024,https://opensooq-images.os-cdn.com/previews/2048x0/3f/82/3f82fdb07fa7b1704c7d3c482fa078891cf183f9852a532697df57e089c5d1a3.jpg,Used,Honda,Accord,EX,2024,30000,Sedan,,Gasoline,,,,,American Specs,,,,,,Muscat,Al Maabilah,Autos,Cars For Sale,,,,
Used Toyota Tacoma in Al Dakhiliya,"11,800 OMR",https://om.opensooq.com/en/search/284817952,https://opensooq-images.os-cdn.com/previews/2048x0/1a/c5/1ac525cc6a2603c62049a85f28b92a9f9513ef177dcb5b4d51f8d4f65b5f0137.png,Used,Toyota,Tacoma,TRD Off-Road,2020,90000,PickUp,,Gasoline,,,,,American Specs,,,,,,Al Dakhiliya,Bahla,Autos,Cars For Sale,,,,
MAZDA CX9 2012,"1,700 OMR",https://om.opensooq.com/en/search/284817918,https://opensooq-images.os-cdn.com/previews/2048x0/58/21/582193eabd9c03979b345326d85423c8184bda13abdf0df33205955d176e6a03.heic,Used,Mazda,CX-9,GS,2012,500000,SUV,,Gasoline,,,,,GCC Specs,,,,,,Muscat,sultan haitham city,Autos,Cars For Sale,,,,
Used Dodge Challenger in Al Batinah,"3,000 OMR",https://om.opensooq.com/en/search/284817652,https://opensooq-images.os-cdn.com/previews/2048x0/ca/85/ca8552f34847069783ee86262744dce752cf14485e87f427b0e07200b5a8104e.jpg,Used,Dodge,Challenger,SXT,2018,210409,Sedan,,Gasoline,,,,,Dealership,,,,,,Al Batinah,Shinas,Autos,Cars For Sale,,,,
Used Lexus ES in Al Batinah,"6,300 OMR",https://om.opensooq.com/en/search/284817472,https://opensooq-images.os-cdn.com/previews/2048x0/7f/fb/7ffb2aa37798d27c023bf10846971b3e97802a7c6957b3ff8a8c03cda7706f75.jpg,Used,Lexus,ES,ES 350,2027,132104,Sedan,,Gasoline,,,,,Japanese Specs,,,,,,Al Batinah,Suwaiq,Autos,Cars For Sale,,,,
Used Lexus GS in Al Batinah,"6,100 OMR",https://om.opensooq.com/en/search/284512560,https://opensooq-images.os-cdn.com/previews/2048x0/f7/ca/f7ca1656c1a8cf416613096cb4f8f91bf1d886d860e87c02ef8f95001cc0a872.jpg,Used,Lexus,GS,GS 350,2016,245000,Sedan,,Gasoline,,,,,American Specs,,,,,,Al Batinah,Liwa,Autos,Cars For Sale,,,,
Used Toyota Yaris in Al Dakhiliya,"2,200 OMR",https://om.opensooq.com/en/search/284817410,https://opensooq-images.os-cdn.com/previews/2048x0/17/a5/17a5452e46cacd0532bb13f4cc307175f0923e12c3756eff977119884ac6a955.jpg,Used,Toyota,Yaris,G,2016,430000,Sedan,,Gasoline,,,,,GCC Specs,,,,,,Al Dakhiliya,Nizwa,Autos,Cars For Sale,,,,
Used Nissan Altima in Al Dhahirah,"2,750 OMR",https://om.opensooq.com/en/search/284815192,https://opensooq-images.os-cdn.com/previews/2048x0/b0/30/b03075d2d89c6ced28f52caa759240137f89e7e026e36f03d5e2c964e0de4da8.jpg,Used,Nissan,Altima,SV,2018,134732,Sedan,,Gasoline,,,,,American Specs,,,,,,Al Dhahirah,Ibri,Autos,Cars For Sale,,,,
Used Toyota FJ in Al Batinah,"5,700 OMR",https://om.opensooq.com/en/search/284816612,https://opensooq-images.os-cdn.com/previews/2048x0/b6/79/b679abb9d79f3885c4e312c8800a70c28a05f71be8d6c025a83ce30f9c052af2.jpg,Used,Toyota,FJ,GXR,2012,328000,SUV,,Gasoline,,,,,GCC Specs,,,,,,Al Batinah,Al Khaboura,Autos,Cars For Sale,,,,
Used Honda Accord in Al Dakhiliya,"6,900 OMR",https://om.opensooq.com/en/search/284816414,https://opensooq-images.os-cdn.com/previews/2048x0/7c/c5/7cc545b17e192eaa3548a1e6b745e434ab2d103f5273959c8d70142f6ed45e36.jpg,Used,Honda,Accord,EX,2023,80000,Sedan,,Gasoline,,,,,American Specs,,,,,,Al Dakhiliya,Manah,Autos,Cars For Sale,,,,
Used Dodge Charger in Muscat,"4,900 OMR",https://om.opensooq.com/en/search/284816644,https://opensooq-images.os-cdn.com/previews/2048x0/34/2a/342a19aacab15d6f2864fbf2e7a68cfc3e6d6e686d5b69fd724b3ba215463cd8.jpg,Used,Dodge,Charger,SXT,2020,96000,Sedan,,Gasoline,,,,,American Specs,,,,,,Muscat,Seeb,Autos,Cars For Sale,,,,
Used Mitsubishi L200 in Muscat,"5,500 OMR",https://om.opensooq.com/en/search/284816502,https://opensooq-images.os-cdn.com/previews/2048x0/53/93/5393290e3500fd121b6657a9663f61870fbf59cef72219789a9f571a38a88b8c.jpg,Used,Mitsubishi,L200,Double Cab GLX,2022,72000,PickUp,,Gasoline,,,,,GCC Specs,,,,,,Muscat,Ansab,Autos,Cars For Sale,,,,
Used Hyundai Santa Fe in Muscat,"2,200 OMR",https://om.opensooq.com/en/search/284816358,https://opensooq-images.os-cdn.com/previews/2048x0/5f/da/5fda39392098bbae964d74e636fcde92c1f676290ba83106214ccb1ff5a812e3.jpg,Used,Hyundai,Santa Fe,GL,2016,350000,SUV,,Gasoline,,,,,GCC Specs,,,,,,Muscat,Al Maabilah,Autos,Cars For Sale,,,,
Nissan Patrol SE Platinum 2021 Low mileage  female owner  GCC Specs,"17,300 OMR",https://om.opensooq.com/en/search/284816472,https://opensooq-images.os-cdn.com/previews/2048x0/90/80/9080c8e9c583d0264b65779209693b19490766d1fd5b4e884fdcd933111d136c.jpg,Used,Nissan,Patrol,SE Platinum,2021,99000,SUV,,Gasoline,,,,,GCC Specs,,,,,,Muscat,Al Khoud,Autos,Cars For Sale,,,,
Used Nissan Sunny in Muscat,"1,250 OMR",https://om.opensooq.com/en/search/284816174,https://opensooq-images.os-cdn.com/previews/2048x0/ae/19/ae19b63b2019d0e1f6aea6b88c3ad579c7f1995e2135f5d1060882da871937dc.jpg,Used,Nissan,Sunny,S,2014,100000,Sedan,,Gasoline,,,,,GCC Specs,,,,,,Muscat,Al Maabilah,Autos,Cars For Sale,,,,
Used Toyota Camry in Al Dhahirah,"3,500 OMR",https://om.opensooq.com/en/search/284641786,https://opensooq-images.os-cdn.com/previews/2048x0/f5/ac/f5acdb79d149af0bd7df976f56589a3f0df856d41ce4dd0a3f1d62ca2177fa16.jpg,Used,Toyota,Camry,SE,2017,300000,Sedan,,Gasoline,,,,,American Specs,,,,,,Al Dhahirah,Ibri,Autos,Cars For Sale,,,,
Used Honda Accord in Al Batinah,"3,500 OMR",https://om.opensooq.com/en/search/284796338,https://opensooq-images.os-cdn.com/previews/2048x0/58/cd/58cd32c4079bae3c8225c4395d46d457232e7b0933f733668f8fcc63aa5732c1.jpg,Used,Honda,Accord,LX,2017,118000,Sedan,,Gasoline,,,,,American Specs,,,,,,Al Batinah,Suwaiq,Autos,Cars For Sale,,,,
Used Nissan X-Terra in Al Batinah,"3,700 OMR",https://om.opensooq.com/en/search/284816274,https://opensooq-images.os-cdn.com/previews/2048x0/1e/21/1e219475a3410702097749e1a507a91b3351e2a925b762a7dd9c9f9705a87e4e.jpg,Used,Nissan,X-Terra,Standard,2014,180000,SUV,,Gasoline,,,,,American Specs,,,,,,Al Batinah,Wadi Al Ma'awal,Autos,Cars For Sale,,,,
"2017 Hyundai Sonata Sedan for Sale - GCC Specs, Gasoline, Excellent Condition, Fully Licensed","2,100 OMR",https://om.opensooq.com/en/search/284816114,https://opensooq-images.os-cdn.com/previews/2048x0/d9/01/d901e95ee08bd60ee8d270f47d1f7b3f13ef1a31955731338d37c4b317228381.jpg,Used,Hyundai,Sonata,Blue,2017,272000,Sedan,,Gasoline,,,,,GCC Specs,,,,,,Muscat,Al Mawaleh,Autos,Cars For Sale,,,,
Used Nissan Armada in Muscat,"3,500 OMR",https://om.opensooq.com/en/search/284815962,https://opensooq-images.os-cdn.com/previews/2048x0/cb/f8/cbf8b552af91fa5cd5f6e43fe16d7142a802acb08c667f8037f7ecbed9e9aff8.jpg,Used,Nissan,Armada,Platinum,2015,190000,SUV,,Gasoline,,,,,American Specs,,,,,,Muscat,Al Maabilah,Autos,Cars For Sale,,,,
Used Toyota Avalon in Muscat,"11,000 OMR",https://om.opensooq.com/en/search/284815882,https://opensooq-images.os-cdn.com/previews/2048x0/d6/50/d65083a887d3c487f4c33bfda90c6ff9741631232b91e1d36c2ae1c6a31dfe46.jpg,Used,Toyota,Avalon,Exclusive,2022,82000,Sedan,,Gasoline,,,,,American Specs,,,,,,Muscat,Other,Autos,Cars For Sale,,,,
Used Ford Explorer in Muscat,"7,200 OMR",https://om.opensooq.com/en/search/284815938,https://opensooq-images.os-cdn.com/previews/2048x0/26/f9/26f92f44165552dc221471735a5e373b15b11e0cb0489261ee4ef8a7695e5c60.jpg,Used,Ford,Explorer,XLT,2022,50000,SUV,,Gasoline,,,,,European Specs,,,,,,Muscat,Seeb,Autos,Cars For Sale,,,,
Used Hyundai Accent in Dhofar,"1,300 OMR",https://om.opensooq.com/en/search/284815796,https://opensooq-images.os-cdn.com/previews/2048x0/d3/55/d355fc11e2e48e3d4b6580c40352efe17e36807d2ad048b1e5806c1cad9dc5e5.jpg,Used,Hyundai,Accent,GL,2013,245339,Sedan,,Gasoline,,,,,GCC Specs,,,,,,Dhofar,Salala,Autos,Cars For Sale,,,,
Used Lexus LS in Al Batinah,"5,500 OMR",https://om.opensooq.com/en/search/284815730,https://opensooq-images.os-cdn.com/previews/2048x0/7f/a5/7fa5f55ea8b9b9bb8a914317f8382763bdd647da0420ebc1edc440e03cff2b7f.jpg,Used,Lexus,LS,LS 500,2018,100000,Sedan,,Gasoline,,,,,American Specs,,,,,,Al Batinah,Barka,Autos,Cars For Sale,,,,
2027/07/13,"1,800 OMR",https://om.opensooq.com/en/search/284805678,https://opensooq-images.os-cdn.com/previews/2048x0/dd/7d/dd7ddf6902df0b5d9a588809ff19219332c19d6b678ed2af41e9a0e66a32395d.jpg,Used,Nissan,Patrol,GL,2015,180000,Sedan,,Hybrid,,,,,GCC Specs,,,,,,Al Batinah,Sohar,Autos,Cars For Sale,,,,
Used Volkswagen Passat in Muscat,"1,900 OMR",https://om.opensooq.com/en/search/284815534,https://opensooq-images.os-cdn.com/previews/2048x0/54/50/5450484301de1c9138ea100824505ee6b8f491d9563f6df80940affacd7d7748.jpg,Used,Volkswagen,Passat,R-Line,2014,243000,Sedan,,Gasoline,,,,,GCC Specs,,,,,,Muscat,Al-Hail,Autos,Cars For Sale,,,,
Used Nissan Altima in Al Batinah,"2,500 OMR",https://om.opensooq.com/en/search/284814870,https://opensooq-images.os-cdn.com/previews/2048x0/4e/7a/4e7ab8a6bc3027fe94d45ba9566fffb6bbb03b7c125b143b9e056c0409a7ebaf.jpg,Used,Nissan,Altima,Standard,2018,190000,SUV,,Gasoline,,,,,American Specs,,,,,,Al Batinah,Barka,Autos,Cars For Sale,,,,
Toyota Avalon موديل 2016 Limited رقم واحد فول أوبشن,"5,500 OMR",https://om.opensooq.com/en/search/284815344,https://opensooq-images.os-cdn.com/previews/2048x0/6f/ef/6fefe9287e7d9a2b0a0a38860ea9109e3cae026a5a496f27a7db2e01cb135ed3.jpg,Used,Toyota,Avalon,Limited,2016,135000,Sedan,,Gasoline,,,,,American Specs,,,,,,Al Batinah,Suwaiq,Autos,Cars For Sale,,,,
Used Nissan Altima in Al Batinah,"5,900 OMR",https://om.opensooq.com/en/search/284815294,https://opensooq-images.os-cdn.com/previews/2048x0/71/3a/713a0bbf0716dcaeaf94eab8db35a386797e77356a6e52a4d0bfe0f40f78871c.jpg,Used,Nissan,Altima,SV,2023,70000,Sedan,,Gasoline,,,,,American Specs,,,,,,Al Batinah,Sohar,Autos,Cars For Sale,,,,
Used Peugeot Partner in Al Batinah,"5,900 OMR",https://om.opensooq.com/en/search/284815268,https://opensooq-images.os-cdn.com/previews/2048x0/7f/e5/7fe5299bba23a6c0eec4c031fe6a8122f03ebe95861d91ebd71434b019e67733.jpg,Used,Peugeot,Partner,Van Short Body,2025,52000,,,Diesel,,,,,GCC Specs,,,,,,Al Batinah,Sohar,Autos,Cars For Sale,,,,
Used Nissan Pathfinder in Al Batinah,"6,500 OMR",https://om.opensooq.com/en/search/284814128,https://opensooq-images.os-cdn.com/previews/2048x0/27/5f/275fb35977f60f48a1be780dd567491dd953fc756843547da0a105acb0d2cb70.jpg,Used,Nissan,Pathfinder,SV,2019,152406,SUV,,Gasoline,,,,,GCC Specs,,,,,,Al Batinah,Sohar,Autos,Cars For Sale,,,,
Used Nissan Maxima in Al Sharqiya,650 OMR,https://om.opensooq.com/en/search/284811450,https://opensooq-images.os-cdn.com/previews/2048x0/b4/3a/b43ae1abad746d61c1c63e8d96f18022df049eb264fedd79b28f20f1328b6fec.jpg,Used,Nissan,Maxima,Standard,2001,400000,Sedan,,Gasoline,,,,,GCC Specs,,,,,,Al Sharqiya,Ibra,Autos,Cars For Sale,,,,
Used Dodge Dart in Muscat,"1,600 OMR",https://om.opensooq.com/en/search/284813866,https://opensooq-images.os-cdn.com/previews/2048x0/2f/22/2f225b21ee9f27d3442e00474ba2ab289037dad03c91a5977def2dd2a460c2e7.jpg,Used,Dodge,Dart,Standard,2015,150000,Sedan,,Gasoline,,,,,American Specs,,,,,,Muscat,Al Khuwair,Autos,Cars For Sale,,,,
Used Ford Taurus in Al Batinah,"4,600 OMR",https://om.opensooq.com/en/search/284784912,https://opensooq-images.os-cdn.com/previews/2048x0/b9/95/b995f5d1738acb4c4bfaa2cd1db3f1710bd0a044d301aba121573f38db8ecd29.jpg,Used,Ford,Taurus,SHO,2018,110000,Sedan,,Gasoline,,,,,American Specs,,,,,,Al Batinah,Rustaq,Autos,Cars For Sale,,,,
Used Honda Civic in Al Batinah,400 OMR,https://om.opensooq.com/en/search/284813324,https://opensooq-images.os-cdn.com/previews/2048x0/68/5a/685a81717e4c3333bd794d621b8994993f7e5027344562d33763f021b4a237bb.jpg,Used,Honda,Civic,LXi,1997,500000,Sedan,,Gasoline,,,,,GCC Specs,,,,,,Al Batinah,Al Masnaah,Autos,Cars For Sale,,,,
Suzuki Kizashi excellent condition 2015 very low mileage,"1,700 OMR",https://om.opensooq.com/en/search/284813460,https://opensooq-images.os-cdn.com/previews/2048x0/37/28/37287263b87c559c85f35e50e5934b4e57f3987744b271c1d8d787c5db468aa2.jpg,Used,Suzuki,Kizashi,Standard,2015,158000,Sedan,,Gasoline,,,,,GCC Specs,,,,,,Muscat,Al Mouj,Autos,Cars For Sale,,,,
Nissan Xterra,"1,750 OMR",https://om.opensooq.com/en/search/284812328,https://opensooq-images.os-cdn.com/previews/2048x0/41/08/4108380327f0a42ed342f59fb9409bf4df96a94b04b57561001b375f5212d70a.jpg,Used,Nissan,Other,,2009,500000,SUV,,Gasoline,,,,,American Specs,,,,,,Al Sharqiya,Dima and Al Taaiyin,Autos,Cars For Sale,,,,
Toyota Corolla,"4,600 OMR",https://om.opensooq.com/en/search/284800708,https://opensooq-images.os-cdn.com/previews/2048x0/74/6d/746dac1fe033dc000f2438e88d272a905e5206d2e34beee6124644696bd686cd.jpg,Used,Toyota,Corolla,XLI,2019,150000,Sedan,,Gasoline,,,,,GCC Specs,,,,,,Al Batinah,Suwaiq,Autos,Cars For Sale,,,,
TOYOTA AVALON 2001 MODEL SALE,"1,050 OMR",https://om.opensooq.com/en/search/284813242,https://opensooq-images.os-cdn.com/previews/2048x0/af/be/afbefe202fdd32eb0f346a4890ac9bf95b10d32eb430020a7be860e503cd5f8f.jpg,Used,Toyota,Avalon,XLE,2001,35000,Sedan,,Electric,,,,,Japanese Specs,,,,,,Al Batinah,Wadi Al Ma'awal,Autos,Cars For Sale,,,,
Used Jeep Wrangler in Al Batinah,"5,200 OMR",https://om.opensooq.com/en/search/284810908,https://opensooq-images.os-cdn.com/previews/2048x0/1f/ee/1fee85571e6e4a99cce03dd5a2b1a77ee5a2e8ff40820ed209370c975d7de082.jpg,Used,Jeep,Wrangler,Unlimited,2018,160000,SUV,,Gasoline,,,,,American Specs,,,,,,Al Batinah,Barka,Autos,Cars For Sale,,,,
Used GMC Yukon in Muscat,"9,800 OMR",https://om.opensooq.com/en/search/284813212,https://opensooq-images.os-cdn.com/previews/2048x0/a1/c8/a1c8ef7c963cfebfd8bc3cf10b31fbf92d12903df7c2f7b2c0816a9a026f9069.jpg,Used,GMC,Yukon,SLT,2017,245000,SUV,,Gasoline,,,,,GCC Specs,,,,,,Muscat,Ghubrah,Autos,Cars For Sale,,,,
Mercedes-Benz CLA 250 2018,"6,800 OMR",https://om.opensooq.com/en/search/284812896,https://opensooq-images.os-cdn.com/previews/2048x0/7f/9d/7f9d13bd8f7c00bb2c073ae84938ef9fb067fbba63176aa602c57cb15baeb153.jpg,Used,Mercedes Benz,CLA-CLass,CLA 250,2018,101200,Sedan,,Gasoline,,,,,American Specs,,,,,,Muscat,Al Mawaleh,Autos,Cars For Sale,,,,
Used Mercedes Benz C-Class in Muscat,"4,900 OMR",https://om.opensooq.com/en/search/284812020,https://opensooq-images.os-cdn.com/previews/2048x0/0c/93/0c939b930e128cf3895d09fb48a12700d7799b9d77f5465115c99112984c41f5.jpg,Used,Mercedes Benz,C-Class,C 300,2016,211971,Sedan,,Gasoline,,,,,American Specs,,,,,,Muscat,Al Maabilah,Autos,Cars For Sale,,,,
Used Jeep Grand Cherokee in Muscat,"9,950 OMR",https://om.opensooq.com/en/search/284812966,https://opensooq-images.os-cdn.com/previews/2048x0/0c/a3/0ca3e927be8b0d31b3075ea2141558897b78a8a08f78018f76e9412a76656e4c.jpg,Used,Jeep,Grand Cherokee,Limited,2021,40000,SUV,,Gasoline,,,,,American Specs,,,,,,Muscat,Azaiba,Autos,Cars For Sale,,,,
Ford escape 2014 for sale need only axcel repair and license (9/2025),"1,500 OMR",https://om.opensooq.com/en/search/284812878,https://opensooq-images.os-cdn.com/previews/2048x0/4a/53/4a5378be0ccbb80c62cad2a3289825b3c5c2fc0ec8d3c0634fd915fe65d2e22e.jpg,Used,Ford,Escape,Standard,2014,170000,SUV,,Diesel,,,,,American Specs,,,,,,Muscat,Ghala,Autos,Cars For Sale,,,,
Used Nissan Versa in Al Batinah,"1,300 OMR",https://om.opensooq.com/en/search/284810516,https://opensooq-images.os-cdn.com/previews/2048x0/60/bd/60bdc985180f3d7c3cf712ca5ba71bf1448f223e7dccc88f7e7e319065648236.jpg,Used,Nissan,Versa,SV,2010,930771,HatchBack,,Gasoline,,,,,Korean Specs,,,,,,Al Batinah,Barka,Autos,Cars For Sale,,,,
Mercedes c200,"1,450 OMR",https://om.opensooq.com/en/search/284812732,https://opensooq-images.os-cdn.com/previews/2048x0/a3/4d/a34d5288e8bb01c3bd744cc7a4b3a477d6f6ce826524ca7ed6153d93116d4ff5.jpg,Used,Mercedes Benz,C-Class,C 200,2008,368000,Sedan,,Gasoline,,,,,GCC Specs,,,,,,Muscat,Al Maabilah,Autos,Cars For Sale,,,,
Used BMW Other in Muscat,"1,200 OMR",https://om.opensooq.com/en/search/284738944,https://opensooq-images.os-cdn.com/previews/2048x0/71/40/71402e5b925e4b635db037925b80c8a5916a317470803e9ea046bd8dd2f884f6.jpg,Used,BMW,Other,,2007,6666,Sedan,,Gasoline,,,,,American Specs,,,,,,Muscat,Al Maabilah,Autos,Cars For Sale,,,,
Used Rox Rox 01 in Muscat,"21,950 OMR",https://om.opensooq.com/en/search/284812856,https://opensooq-images.os-cdn.com/previews/2048x0/6c/97/6c973caa0bc910577960a9d35c893d39873dd10e0256fb3bb6398447e99f132d.jpg,Used,Rox,Rox 1,,2025,1000,SUV,,Gasoline,,,,,Chinese Specs,,,,,,Muscat,Azaiba,Autos,Cars For Sale,,,,
Used Toyota Camry in Muscat,"1,900 OMR",https://om.opensooq.com/en/search/284812160,https://opensooq-images.os-cdn.com/previews/2048x0/9f/e9/9fe960a5291bd6fac98cc1c5f47bc9b5b51488733288bdded4bc41acb9132f7a.jpg,Used,Toyota,Camry,SE,2012,250000,Sedan,,Gasoline,,,,,American Specs,,,,,,Muscat,Amerat,Autos,Cars For Sale,,,,
Jeep cherokee full option 2016,"2,100 OMR",https://om.opensooq.com/en/search/284812130,https://opensooq-images.os-cdn.com/previews/2048x0/a0/6d/a06d4ef2eb84bb608bc00afc1b7a84c7f9aebadae71cbee9433070943cb2b283.jpg,Used,Jeep,Cherokee,Sport,2016,180000,SUV,,Gasoline,,,,,American Specs,,,,,,Muscat,Al Mouj,Autos,Cars For Sale,,,,
Used Land Rover Range Rover in Muscat,"21,900 OMR",https://om.opensooq.com/en/search/284812720,https://opensooq-images.os-cdn.com/previews/2048x0/04/33/043361e10d230638750f417ef4c13655ecf9db6f3498dd1951756a7e6b77935a.jpg,Used,Land Rover,Range Rover,Supercharged,2020,101000,SUV,,Gasoline,,,,,GCC Specs,,,,,,Muscat,Azaiba,Autos,Cars For Sale,,,,
Used BMW 5 Series in Al Batinah,"10,200 OMR",https://om.opensooq.com/en/search/284801856,https://opensooq-images.os-cdn.com/previews/2048x0/c1/18/c118dec7cc91606f6c6a3e3068f7e7e1ceb3950016d221c26ebc87f6e4f76ac4.jpg,Used,BMW,5 Series,520,2020,200000,Sedan,,Gasoline,,,,,GCC Specs,,,,,,Al Batinah,Suwaiq,Autos,Cars For Sale,,,,
New Nissan Pathfinder in Muscat,"2,500 OMR",https://om.opensooq.com/en/search/284812662,https://opensooq-images.os-cdn.com/previews/2048x0/9b/5c/9b5cc77aa5f18a7941d61885e6c8d3b07adf241358a7e371c7f7e4a954a6f4f1.jpg,New,Nissan,Pathfinder,SL,2012,185,SUV,,Gasoline,,,,,GCC Specs,,,,,,Muscat,Al Khuwair,Autos,Cars For Sale,,,,
Used Toyota Yaris in Muscat,"4,900 OMR",https://om.opensooq.com/en/search/284812670,https://opensooq-images.os-cdn.com/previews/2048x0/9d/b9/9db9030ffa2002e802411c8bfecfd634e3efbfcfb46d9c13b58b3cda745b50d2.jpg,Used,Toyota,Yaris,Basic,2023,71000,Sedan,,Gasoline,,,,,Chinese Specs,,,,,,Muscat,Azaiba,Autos,Cars For Sale,,,,
Used Nissan Patrol in Muscat,"18,500 OMR",https://om.opensooq.com/en/search/284812600,https://opensooq-images.os-cdn.com/previews/2048x0/ce/0c/ce0c5352beffbfc4006e65f88b1b3222e7a20af0d9c10ee456a41351d56b7e12.jpg,Used,Nissan,Patrol,LE Platinum,2021,111000,SUV,,Gasoline,,,,,GCC Specs,,,,,,Muscat,Amerat,Autos,Cars For Sale,,,,
Used Hyundai i20 in Al Batinah,"1,200 OMR",https://om.opensooq.com/en/search/284811510,https://opensooq-images.os-cdn.com/previews/2048x0/cd/b0/cdb02fa4eedcfee14e0c8e57b6836697a68b511b8f76b1a375b8547ee0adbe66.jpg,Used,Hyundai,i20,GL,2013,300000,HatchBack,,Gasoline,,,,,GCC Specs,,,,,,Al Batinah,Sohar,Autos,Cars For Sale,,,,
Used Jeep Wrangler in Muscat,"6,900 OMR",https://om.opensooq.com/en/search/284812478,https://opensooq-images.os-cdn.com/previews/2048x0/ac/1c/ac1c34aa29ce3501081437e77f2063ce913a9d1be3272f97562aae0b55bb0c2a.jpg,Used,Jeep,Wrangler,Rubicon,2019,88000,SUV,,Gasoline,,,,,American Specs,,,,,,Muscat,Azaiba,Autos,Cars For Sale,,,,
Used Toyota Yaris in Muscat,"4,950 OMR",https://om.opensooq.com/en/search/284812370,https://opensooq-images.os-cdn.com/previews/2048x0/ca/62/ca62e5c235f9be85936b84e75e7f43375274abba5ce2f6fdb397d4f4fee66097.jpg,Used,Toyota,Yaris,Basic,2023,62000,Sedan,,Gasoline,,,,,Chinese Specs,,,,,,Muscat,Azaiba,Autos,Cars For Sale,,,,
New Nissan Sentra in Muscat,"5,400 OMR",https://om.opensooq.com/en/search/284812346,https://opensooq-images.os-cdn.com/previews/2048x0/40/7f/407f83513160811dd6ba6c6c258a4e7040872440ec5ca9030132328d950eacf5.jpg,New,Nissan,Sentra,S,2025,0,Sedan,,Gasoline,,,,,American Specs,,,,,,Muscat,Azaiba,Autos,Cars For Sale,,,,
Used Toyota Avalon in Muscat,"7,900 OMR",https://om.opensooq.com/en/search/284812314,https://opensooq-images.os-cdn.com/previews/2048x0/0c/63/0c63304c09554814d4a60b2d9448cb6b38a1d2802006ad8271abb91e7e0ac691.jpg,Used,Toyota,Avalon,Limited,2019,140000,Sedan,,Gasoline,,,,,GCC Specs,,,,,,Muscat,Azaiba,Autos,Cars For Sale,,,,
Used Hyundai Elantra in Al Batinah,"3,200 OMR",https://om.opensooq.com/en/search/284812136,https://opensooq-images.os-cdn.com/previews/2048x0/93/c4/93c4f505158e0f8e3c32c56df901b93df0576608b657f131d2b0c8cae7fad2fc.jpg,Used,Hyundai,Elantra,Sport,2019,175000,Coupe,,Gasoline,,,,,American Specs,,,,,,Al Batinah,Saham,Autos,Cars For Sale,,,,
Used Toyota Corolla in Muscat,"4,900 OMR",https://om.opensooq.com/en/search/284812264,https://opensooq-images.os-cdn.com/previews/2048x0/fe/fc/fefc9f1a6e52161989b00002229b20b73c539af6f339c566d9f518ee4d94e4df.jpg,Used,Toyota,Corolla,LE,2022,38000,Sedan,,Gasoline,,,,,GCC Specs,,,,,,Muscat,Azaiba,Autos,Cars For Sale,,,,
Used Nissan Altima in Al Batinah,"5,500 OMR",https://om.opensooq.com/en/search/284812190,https://opensooq-images.os-cdn.com/previews/2048x0/ed/e2/ede22e601ad3047117f7469433388651239fc95f892fc5f93c78de3bc217094d.jpg,Used,Nissan,Altima,SL,2020,100600,Sedan,,Gasoline,,,,,American Specs,,,,,,Al Batinah,Sohar,Autos,Cars For Sale,,,,
subaru legacy gt for sale in good condition,"1,200 OMR",https://om.opensooq.com/en/search/284810872,https://opensooq-images.os-cdn.com/previews/2048x0/44/d5/44d5724fd1021118a7f4ae6ca098a64ca3973dff7c324f2230b05f7fb91b04ff.jpg,Used,Subaru,Legacy,GT,2013,300000,Sedan,,Gasoline,,,,,GCC Specs,,,,,,Muscat,Amerat,Autos,Cars For Sale,,,,
Used BMW X6 Series in Muscat,"3,700 OMR",https://om.opensooq.com/en/search/284812188,https://opensooq-images.os-cdn.com/previews/2048x0/4a/99/4a99d84ab377df8d1fc76cc7d11abd38236a7557c76514d6a0f4e522e3b57c53.jpg,Used,BMW,X6 Series,Standard,2011,185000,SUV,,Gasoline,,,,,GCC Specs,,,,,,Muscat,Azaiba,Autos,Cars For Sale,,,,
Used 2009 Hyundai Accent Sedan Good Body Condition,750 OMR,https://om.opensooq.com/en/search/284811846,https://opensooq-images.os-cdn.com/previews/2048x0/36/7f/367fd01a30ba8d0eb50689c12c39d6685ba7a3f52ce72d3026bf20809f3f9c4d.jpg,Used,Hyundai,Accent,Standard,2009,445000,Sedan,,Gasoline,,,,,Other Specs,,,,,,Muscat,Ansab,Autos,Cars For Sale,,,,
Used Lexus RX in Muscat,"4,900 OMR",https://om.opensooq.com/en/search/284812114,https://opensooq-images.os-cdn.com/previews/2048x0/86/cf/86cfdb2b40a83b07dc1c9eaa3fc3e5cba1fe6fdd63a4565614b1fcf78805f225.jpg,Used,Lexus,RX,RX 350,2013,268000,SUV,,Gasoline,,,,,GCC Specs,,,,,,Muscat,Azaiba,Autos,Cars For Sale,,,,
Used Lexus IS in Al Batinah,"1,750 OMR",https://om.opensooq.com/en/search/284812078,https://opensooq-images.os-cdn.com/previews/2048x0/c1/c2/c1c2a5164843ba0017e15abfe1ff129f456ba9cd9a6ceed87c5687e96a7f6902.jpg,Used,Lexus,IS,IS 350,2007,453797,Sedan,,Gasoline,,,,,Other Specs,,,,,,Al Batinah,Saham,Autos,Cars For Sale,,,,
Used Toyota Camry in Al Dakhiliya,"2,500 OMR",https://om.opensooq.com/en/search/284380968,https://opensooq-images.os-cdn.com/previews/2048x0/62/70/6270482930cd359dadf105bd5dcbf33e0b9b367e1ead1eaec8f2e748055c8d54.jpg,Used,Toyota,Camry,GL,2014,270000,Sedan,,Gasoline,,,,,Japanese Specs,,,,,,Al Dakhiliya,Bahla,Autos,Cars For Sale,,,,
Used Audi A1 in Muscat,"2,300 OMR",https://om.opensooq.com/en/search/284811668,https://opensooq-images.os-cdn.com/previews/2048x0/94/15/941567b338ae920f999ee9b989caeff6f550f22182333aadc5469dbc8bebee78.jpg,Used,Audi,A1,A1 Sportback,2012,283000,HatchBack,,Gasoline,,,,,GCC Specs,,,,,,Muscat,Al-Hail,Autos,Cars For Sale,,,,
Used Lexus IS in Muscat,"3,000 OMR",https://om.opensooq.com/en/search/284810998,https://opensooq-images.os-cdn.com/previews/2048x0/90/be/90bee7677859890d4b2decbaea182f824f6358b72b55135aa4257683d248540c.jpg,Used,Lexus,IS,IS 250,2012,280359,Sedan,,Gasoline,,,,,American Specs,,,,,,Muscat,Quriyat,Autos,Cars For Sale,,,,
Mini Cooper 2018,"5,000 OMR",https://om.opensooq.com/en/search/284069550,https://opensooq-images.os-cdn.com/previews/2048x0/76/55/76550ad8e4ed88b84abbda1674534b2dd2dc1e292fb99cf8d1f1b6fa6f7dd5b2.jpg,Used,MINI,Other,,2018,174131,HatchBack,,Gasoline,,,,,Other Specs,,,,,,Muscat,Al Maabilah,Autos,Cars For Sale,,,,
Used Pontiac Bonneville in Al Batinah,"3,200 OMR",https://om.opensooq.com/en/search/284811614,https://opensooq-images.os-cdn.com/previews/2048x0/90/99/9099b0f47f2f57b0ca2e118db9fb3497706f0d60af653742f73b9d871b42255e.jpg,Used,Pontiac,Bonneville,,1993,85000,Sedan,,Gasoline,,,,,American Specs,,,,,,Al Batinah,Rustaq,Autos,Cars For Sale,,,,
Used Toyota Land Cruiser in Dhofar,"5,000 OMR",https://om.opensooq.com/en/search/284811576,https://opensooq-images.os-cdn.com/previews/2048x0/b8/81/b881205df26f7fa39886c716087ee329c314140eded97a231b7b550e0bd28283.jpg,Used,Toyota,Land Cruiser,VXR,1997,500000,SUV,,Gasoline,,,,,GCC Specs,,,,,,Dhofar,Salala,Autos,Cars For Sale,,,,
Used Toyota Land Cruiser in Buraimi,"2,000 OMR",https://om.opensooq.com/en/search/284811316,https://opensooq-images.os-cdn.com/previews/2048x0/31/36/3136700d31e263d88eceedb67189bac843a87916d087cc46158a3b30d59bb58b.jpg,Used,Toyota,Land Cruiser,GXR,2004,225000,SUV,,Gasoline,,,,,GCC Specs,,,,,,Buraimi,Al Buraimi,Autos,Cars For Sale,,,,
Used Volkswagen Jetta in Muscat,950 OMR,https://om.opensooq.com/en/search/284808562,https://opensooq-images.os-cdn.com/previews/2048x0/30/d4/30d46d688b0bbe57715cb7339cee108c32a30ee31e63ab49d1afa24410ac3208.jpg,Used,Volkswagen,Jetta,SE,2012,132000,Sedan,,Gasoline,,,,,GCC Specs,,,,,,Muscat,Al Khuwair,Autos,Cars For Sale,,,,
Used Nissan Patrol in Al Dakhiliya,"7,200 OMR",https://om.opensooq.com/en/search/284810958,https://opensooq-images.os-cdn.com/previews/2048x0/fa/19/fa19694efb1afb8663eeee0644fd3dcffe67ae6b2d04e5222e236c26da181bc6.jpg,Used,Nissan,Patrol,SE,2013,238000,SUV,,Gasoline,,,,,GCC Specs,,,,,,Al Dakhiliya,Nizwa,Autos,Cars For Sale,,,,
Used Toyota Avalon in Dhofar,"2,000 OMR",https://om.opensooq.com/en/search/284769438,https://opensooq-images.os-cdn.com/previews/2048x0/cf/3a/cf3a1b2b3e3f24735523f2b9336ed4b548e8ecf19b0435b1e91f4aa3158d8d40.jpg,Used,Toyota,Avalon,XLE,2011,320000,Sedan,,Gasoline,,,,,American Specs,,,,,,Dhofar,Salala,Autos,Cars For Sale,,,,
Used Ford F-150 in Muscat,"20,900 OMR",https://om.opensooq.com/en/search/284810372,https://opensooq-images.os-cdn.com/previews/2048x0/5e/92/5e92a802b9e71805c04bf52489fffd3c2f7d383f3593996d1dffbefd3df9be07.jpg,Used,Ford,F-150,Raptor,2022,100000,PickUp,,Gasoline,,,,,American Specs,,,,,,Muscat,Al-Hail,Autos,Cars For Sale,,,,
RENAULT DUSTER 2017 MODEL,450 OMR,https://om.opensooq.com/en/search/284809478,https://opensooq-images.os-cdn.com/previews/2048x0/33/ef/33ef2426ace27446f0cfd463b3e8323c5d9d8cf907604b78d232b0ec3b837127.jpg,Used,Renault,Duster,Standard,2017,250000,SUV,,Gasoline,,,,,GCC Specs,,,,,,Al Sharqiya,Al Kamil and Al Waafi,Autos,Cars For Sale,,,,
CHEVROLET GROOVE 2024,"6,600 OMR",https://om.opensooq.com/en/search/284810302,https://opensooq-images.os-cdn.com/previews/2048x0/82/2e/822edf5247fb1106a17041590da941b8564f11247730855bb3bde61c38f3b889.jpg,Used,Chevrolet,Groove,Premiere,2024,4000,SUV,,Gasoline,,,,,GCC Specs,,,,,,Muscat,Ghubrah,Autos,Cars For Sale,,,,
MITSUBISHI ATTRAGE 2019,"3,350 OMR",https://om.opensooq.com/en/search/284810238,https://opensooq-images.os-cdn.com/previews/2048x0/22/d9/22d998ac58481fd2c616fde27cc7747e87f069306831295f43c7cd1ec8e0b94f.jpg,Used,Mitsubishi,Attrage,Standard,2019,89000,Sedan,,Gasoline,,,,,GCC Specs,,,,,,Muscat,Azaiba,Autos,Cars For Sale,,,,
MITSUBISHI LANCER  2016,"3,750 OMR",https://om.opensooq.com/en/search/284810204,https://opensooq-images.os-cdn.com/previews/2048x0/55/32/55320c640efb554cabc5d678cace84bc79b42024be3564f67fc292320d3cc949.jpg,Used,Mitsubishi,Lancer,GL Plus,2016,112000,Sedan,,Gasoline,,,,,GCC Specs,,,,,,Muscat,Ghubrah,Autos,Cars For Sale,,,,
HYUNDAI CRETA 2022,"6,350 OMR",https://om.opensooq.com/en/search/284810176,https://opensooq-images.os-cdn.com/previews/2048x0/3c/93/3c935d6d553b9d5a7bfc4c20cce6391f5527af168229ce38e92d07d7cca0b4e5.jpg,Used,Hyundai,Creta,Standard,2022,7300,SUV,,Gasoline,,,,,GCC Specs,,,,,,Muscat,Ghubrah,Autos,Cars For Sale,,,,
Nissna Maxima 2017,"5,450 OMR",https://om.opensooq.com/en/search/284810144,https://opensooq-images.os-cdn.com/previews/2048x0/30/9e/309ef1825c8b926d2f5e88355be9348347c8706e70e322088e47e2925f675da9.jpg,Used,Nissan,Maxima,SV,2017,121000,Sedan,,Gasoline,,,,,GCC Specs,,,,,,Muscat,Ghubrah,Autos,Cars For Sale,,,,
GAC GS3 2020,"3,850 OMR",https://om.opensooq.com/en/search/284810080,https://opensooq-images.os-cdn.com/previews/2048x0/7b/08/7b083c60be0829fbe0651f5bc3f4788170a4b0f0938dd6cec4c06f4def91ea18.jpg,Used,GAC,GS3,Standard,2020,41000,SUV,,Gasoline,,,,,GCC Specs,,,,,,Muscat,Ghubrah,Autos,Cars For Sale,,,,
2021 BMW530I,"12,500 OMR",https://om.opensooq.com/en/search/284809988,https://opensooq-images.os-cdn.com/previews/2048x0/05/37/0537ce221ca4b0951bdac9f36740f4c0a06220f47990ff0e077509cdc9650ca4.jpg,Used,BMW,5 Series,530,2021,85000,SUV,,Gasoline,,,,,American Specs,,,,,,Muscat,Seeb,Autos,Cars For Sale,,,,
Used Toyota 4 Runner in Al Batinah,"2,800 OMR",https://om.opensooq.com/en/search/284751152,https://opensooq-images.os-cdn.com/previews/2048x0/59/53/59535e468dd165859d83c8a7b3c9de452b431e30db0d7af24add8ed6c3c31c44.jpg,Used,Toyota,4 Runner,Limited,2009,28052,SUV,,Gasoline,,,,,European Specs,,,,,,Al Batinah,Saham,Autos,Cars For Sale,,,,
Nissan Maxima 2019 86000km Gcc Oman,"6,300 OMR",https://om.opensooq.com/en/search/284809994,https://opensooq-images.os-cdn.com/previews/2048x0/a6/41/a64180253113131aa2c2b17a19b0d9d5ec460d086710998b28effcea420b2629.jpg,Used,Nissan,Maxima,S,2020,86000,Sedan,,Gasoline,,,,,GCC Specs,,,,,,Muscat,Azaiba,Autos,Cars For Sale,,,,
Used Toyota Camry in Muscat,"1,200 OMR",https://om.opensooq.com/en/search/284808204,https://opensooq-images.os-cdn.com/previews/2048x0/51/55/5155b45aabbea178330fb8253bd943d6b8a8df98b666c5d002f666c36fcc106b.jpg,Used,Toyota,Camry,Core,2006,502200,Sedan,,Gasoline,,,,,American Specs,,,,,,Muscat,Al Maabilah,Autos,Cars For Sale,,,,
Chevrolet Trax 2019 Gcc Oman,"3,500 OMR",https://om.opensooq.com/en/search/284809912,https://opensooq-images.os-cdn.com/previews/2048x0/b5/bf/b5bf4ef4abdb502d9e57bab5b74641676dc3103abd2466d606306d67ce29dce4.jpg,Used,Chevrolet,Trax,Standard,2019,140000,SUV,,Gasoline,,,,,GCC Specs,,,,,,Muscat,Ghubrah,Autos,Cars For Sale,,,,
Mazda CX9 Luxury 2018,"7,350 OMR",https://om.opensooq.com/en/search/284809862,https://opensooq-images.os-cdn.com/previews/2048x0/01/17/011706567ff4d2c93af869eec7a93681220cfbe155b5c66d7ada8cf08c0a75b6.jpg,Used,Mazda,CX-9,Touring Plus,2018,153000,SUV,,Gasoline,,,,,GCC Specs,,,,,,Muscat,Azaiba,Autos,Cars For Sale,,,,
Toyota Corolla 1.6 XLI PWR,"6,200 OMR",https://om.opensooq.com/en/search/284809834,https://opensooq-images.os-cdn.com/previews/2048x0/da/0f/da0fb0ea5db21925966a40daa6db6da023ca1b8c697d5614da4d8d70ccf673c1.jpg,Used,Toyota,Corolla,XLI,2023,121000,Sedan,,Gasoline,,,,,GCC Specs,,,,,,Muscat,Azaiba,Autos,Cars For Sale,,,,
Used Toyota Hilux in Al Sharqiya,"11,700 OMR",https://om.opensooq.com/en/search/284809528,https://opensooq-images.os-cdn.com/previews/2048x0/5f/e2/5fe203db52d4534c23572f104c793618f59a30b9d4a27d35f26ce57427f18e8b.jpg,Used,Toyota,Hilux,DLS,2025,97000,PickUp,,Gasoline,,,,,GCC Specs,,,,,,Al Sharqiya,Ja'alan Bani Bu Ali,Autos,Cars For Sale,,,,
Used Lexus ES in Al Sharqiya,"11,300 OMR",https://om.opensooq.com/en/search/284809350,https://opensooq-images.os-cdn.com/previews/2048x0/25/15/2515351738843943e067424304bfa2562ba318c6eee35ee068aad2761df7cdcc.jpg,Used,Lexus,ES,ES 350,2021,50000,Sedan,,Gasoline,,,,,American Specs,,,,,,Al Sharqiya,Ja'alan Bani Bu Ali,Autos,Cars For Sale,,,,
Used Ford F-150 in Al Dakhiliya,"22,000 OMR",https://om.opensooq.com/en/search/284372658,https://opensooq-images.os-cdn.com/previews/2048x0/0f/61/0f61411d212db6f3019a033aa9776861707c59723140974ff04fda8830bd7205.jpg,Used,Ford,F-150,Raptor,2022,35000,PickUp,,Gasoline,,,,,American Specs,,,,,,Al Dakhiliya,Nizwa,Autos,Cars For Sale,,,,
suzuki grand vitara,"1,850 OMR",https://om.opensooq.com/en/search/284808820,https://opensooq-images.os-cdn.com/previews/2048x0/a9/df/a9dfef834d2744fceb7e8d0542787dd7cd05ce66c657bf25929519d479301213.jpg,Used,Suzuki,Grand Vitara,DLX,2015,381650,SUV,,Gasoline,,,,,GCC Specs,,,,,,Muscat,Ruwi,Autos,Cars For Sale,,,,
Used Land Rover Range Rover in Buraimi,"7,500 OMR",https://om.opensooq.com/en/search/284808882,https://opensooq-images.os-cdn.com/previews/2048x0/09/45/094583e237fbf719ee6152e0779a13886a64b42bed60f421593aab94c4084059.jpg,Used,Land Rover,Range Rover,Vogue,2013,270000,SUV,,Gasoline,,,,,GCC Specs,,,,,,Buraimi,Al Buraimi,Autos,Cars For Sale,,,,
Mercedes benz GL450,"2,500 OMR",https://om.opensooq.com/en/search/284808356,https://opensooq-images.os-cdn.com/previews/2048x0/e1/36/e1369f173a502c360d61eefd332327dbf6a839aee814f86c165c576032d54372.jpg,Used,Mercedes Benz,GL-Class,GL 450,2011,400000,SUV,,Gasoline,,,,,American Specs,,,,,,Muscat,Al Maabilah,Autos,Cars For Sale,,,,
Used Mercedes Benz E-Class in Muscat,"5,200 OMR",https://om.opensooq.com/en/search/284808416,https://opensooq-images.os-cdn.com/previews/2048x0/e9/ce/e9ce760c495f4a153af70ee7ef10350f0784862e22692d7731fe2e762447b356.jpg,Used,Mercedes Benz,E-Class,E 400,2015,189000,Sedan,,Gasoline,,,,,American Specs,,,,,,Muscat,Al Khoud,Autos,Cars For Sale,,,,
Used Fiat 500 in Muscat,"2,000 OMR",https://om.opensooq.com/en/search/284766750,https://opensooq-images.os-cdn.com/previews/2048x0/e7/34/e734d07951873b8e878df728a704c44a1ca6aed5d00f0c7b4020cfbf1c174feb.jpg,Used,Fiat,500,500c,2016,90000,HatchBack,,Gasoline,,,,,GCC Specs,,,,,,Muscat,Bosher,Autos,Cars For Sale,,,,
Used Toyota Camry in Muscat,"3,200 OMR",https://om.opensooq.com/en/search/284808326,https://opensooq-images.os-cdn.com/previews/2048x0/ff/0e/ff0ead3a9085485117f812a0731e95d6fb5fec85436723001f22c8ab06a51885.jpg,Used,Toyota,Camry,GL,2017,310000,Sedan,,Gasoline,,,,,GCC Specs,,,,,,Muscat,Seeb,Autos,Cars For Sale,,,,
Used Nissan Z in Al Dakhiliya,"1,900 OMR",https://om.opensooq.com/en/search/284807480,https://opensooq-images.os-cdn.com/previews/2048x0/36/3d/363d91b8c89eff6d6d4842071d2fd089158fe9d98592d904922fbac63daa98e2.jpg,Used,Nissan,Z,350,2006,260000,Coupe,,Gasoline,,,,,Japanese Specs,,,,,,Al Dakhiliya,Nizwa,Autos,Cars For Sale,,,,
Used Nissan Armada in Al Dakhiliya,"1,800 OMR",https://om.opensooq.com/en/search/284806948,https://opensooq-images.os-cdn.com/previews/2048x0/01/6b/016bdcd89778afd02a9720189a2c085c5c96db27d76a6f0d466d637cdde87399.jpg,Used,Nissan,Armada,SV,2009,329360,SUV,,Gasoline,,,,,GCC Specs,,,,,,Al Dakhiliya,Nizwa,Autos,Cars For Sale,,,,
Used Toyota Camry in Muscat,"6,900 OMR",https://om.opensooq.com/en/search/284807852,https://opensooq-images.os-cdn.com/previews/2048x0/11/08/11089985f63bbff04394f2f76edbaa1f74ab9c1032a6786f9303fc3de8c7d3f8.jpg,Used,Toyota,Camry,XSE,2021,70000,Sedan,,Gasoline,,,,,Dealership,,,,,,Muscat,Azaiba,Autos,Cars For Sale,,,,
Used Lexus ES in Muscat,"3,450 OMR",https://om.opensooq.com/en/search/284807742,https://opensooq-images.os-cdn.com/previews/2048x0/a8/1e/a81e28417de192bdff4f7dc7f55fbad0c69352e97fd023b8ae9a88e2cda9ec71.jpg,Used,Lexus,ES,ES 350,2013,199000,Sedan,,Gasoline,,,,,Dealership,,,,,,Muscat,Al Maabilah,Autos,Cars For Sale,,,,
Used Other Other in Muscat,"2,100 OMR",https://om.opensooq.com/en/search/284807034,https://opensooq-images.os-cdn.com/previews/2048x0/48/4a/484a8454063c6fd93d330b802c0981a5316864e743b5c60ef0e8f0fa39480e0f.jpg,Used,Other,Other,,2017,50000,,,Gasoline,,,,,GCC Specs,,,,,,Muscat,Al Maabilah,Autos,Cars For Sale,,,,
Used Nissan Datsun in Al Batinah,"2,550 OMR",https://om.opensooq.com/en/search/284807354,https://opensooq-images.os-cdn.com/previews/2048x0/50/23/50234dd5837d0f3d7b60e122470432aef70de21aa31be6e9841b05e60f1c479c.jpg,Used,Nissan,Datsun,,2013,500000,Sedan,,Gasoline,,,,,GCC Specs,,,,,,Al Batinah,Al Masnaah,Autos,Cars For Sale,,,,
Rav 4 2008,"2,300 OMR",https://om.opensooq.com/en/search/284807244,https://opensooq-images.os-cdn.com/previews/2048x0/af/c6/afc640f3f6f57a055cbbe286118046abb267f4a94100373684d5dd2a50d71b7b.jpg,Used,Toyota,RAV 4,XLE,2008,200000,SUV,,Gasoline,,,,,GCC Specs,,,,,,Muscat,Al Khoud,Autos,Cars For Sale,,,,
Used BMW 3 Series in Al Batinah,600 OMR,https://om.opensooq.com/en/search/284807180,https://opensooq-images.os-cdn.com/previews/2048x0/3f/c9/3fc982847f217dd9aa3b1e90696d73936d2eef76e04d1c461492ec0b82445cc4.jpg,Used,BMW,3 Series,320,2001,360000,Sedan,,Gasoline,,,,,Japanese Specs,,,,,,Al Batinah,Nakhl,Autos,Cars For Sale,,,,
Used Nissan Versa in Muscat,"1,650 OMR",https://om.opensooq.com/en/search/284807022,https://opensooq-images.os-cdn.com/previews/2048x0/f0/2b/f02b62e96b2df6d9812b10fef7e7598ff03b42d9064697e6b4016152dd485871.jpg,Used,Nissan,Versa,Standard,2016,157000,HatchBack,,Gasoline,,,,,American Specs,,,,,,Muscat,Al Maabilah,Autos,Cars For Sale,,,,
Used Jeep Wrangler in Muscat,"9,900 OMR",https://om.opensooq.com/en/search/284806804,https://opensooq-images.os-cdn.com/previews/2048x0/56/c1/56c1365b5fb8e3f479024693e08e8a402bb7f14dbcc27e7575abbc49a14bd1ed.jpg,Used,Jeep,Wrangler,Willys,2020,120000,PickUp,,Gasoline,,,,,American Specs,,,,,,Muscat,Amerat,Autos,Cars For Sale,,,,
"2012 Ford Focus Sedan for Sale - Grey, Excellent Condition, American Specs","1,250 OMR",https://om.opensooq.com/en/search/284806170,https://opensooq-images.os-cdn.com/previews/2048x0/1b/1f/1b1f1cceab772df8f55a82ed636c5c72f8ad0e574e64fdeeac9c470318e07e4e.jpg,Used,Ford,Focus,Standard,2012,198000,Sedan,,Gasoline,,,,,American Specs,,,,,,Muscat,Wadi Al Kabir,Autos,Cars For Sale,,,,
Used Kia Rio in Muscat,"3,400 OMR",https://om.opensooq.com/en/search/284806742,https://opensooq-images.os-cdn.com/previews/2048x0/57/a6/57a68ef5df84c3f8842afe25eb788d1b658a72895b47d5f51fe32daf903fa89f.jpg,Used,Kia,Rio,S,2021,33000,Sedan,,Gasoline,,,,,American Specs,,,,,,Muscat,Halban,Autos,Cars For Sale,,,,
Used Lexus LX in Muscat,"26,500 OMR",https://om.opensooq.com/en/search/284806736,https://opensooq-images.os-cdn.com/previews/2048x0/ed/1e/ed1e19bdc803b164bca7b4343fbff6867459928bfd6e343af0ca46d7ee9c1ac9.jpg,Used,Lexus,LX,LX 570,2019,158000,SUV,,Gasoline,,,,,GCC Specs,,,,,,Muscat,Al-Hail,Autos,Cars For Sale,,,,
Used Toyota Aurion in Muscat,"2,800 OMR",https://om.opensooq.com/en/search/284786414,https://opensooq-images.os-cdn.com/previews/2048x0/e9/d1/e9d12429d4a58d54293e7fd6577ea611fedfaf4c04cb39eab5627373fe8b77c3.jpg,Used,Toyota,Aurion,Grande,2013,2000,Sedan,,Gasoline,,,,,GCC Specs,,,,,,Muscat,Al Khoud,Autos,Cars For Sale,,,,
Used Honda Civic in Muscat,"1,500 OMR",https://om.opensooq.com/en/search/284806374,https://opensooq-images.os-cdn.com/previews/2048x0/7b/fa/7bfada4250476ec69259c1872cd7a62bf96bb33ef5739efc8d4f3b3177ce2c2b.jpg,Used,Honda,Civic,LX,2008,36000,Sedan,,Gasoline,,,,,GCC Specs,,,,,,Muscat,Bosher,Autos,Cars For Sale,,,,
Used Toyota Land Cruiser in Muscat,"22,800 OMR",https://om.opensooq.com/en/search/284806578,https://opensooq-images.os-cdn.com/previews/2048x0/20/99/2099ae03be18ef08f538eae5ca9a083846a5738125647948e069b1fe804892e0.jpg,Used,Toyota,Land Cruiser,GXR,2022,108000,SUV,,Gasoline,,,,,GCC Specs,,,,,,Muscat,Al-Hail,Autos,Cars For Sale,,,,
New Toyota Camry in Al Batinah,"5,000 OMR",https://om.opensooq.com/en/search/284793808,https://opensooq-images.os-cdn.com/previews/2048x0/00/1c/001c38102e086e4d770e2e110a7397a076c99e31ec64f8ecd265acfaee601363.jpg,New,Toyota,Camry,XSE,2017,82,Sedan,,Gasoline,,,,,American Specs,,,,,,Al Batinah,Suwaiq,Autos,Cars For Sale,,,,
Used Dodge Charger in Al Dhahirah,"6,400 OMR",https://om.opensooq.com/en/search/284806006,https://opensooq-images.os-cdn.com/previews/2048x0/91/82/9182189a16718a713cf6486aa20825296e37990a81dcd77045a054ebcc73a150.jpg,Used,Dodge,Charger,GT,2023,41000,Sedan,,Gasoline,,,,,American Specs,,,,,,Al Dhahirah,Ibri,Autos,Cars For Sale,,,,
Used Honda Civic in Muscat,"3,000 OMR",https://om.opensooq.com/en/search/284805744,https://opensooq-images.os-cdn.com/previews/2048x0/71/4c/714c2f54e2d36474ad911c3d9b317da07c790a311645284d7c181f9c542d09fc.jpg,Used,Honda,Civic,EX,2017,162000,Sedan,,Gasoline,,,,,American Specs,,,,,,Muscat,Al Maabilah,Autos,Cars For Sale,,,,
Mercedes Benz For Sale,"1,250 OMR",https://om.opensooq.com/en/search/284805570,https://opensooq-images.os-cdn.com/previews/2048x0/f2/a7/f2a739c9eeb8136f2ea4c426a4d7b3b259bfe4132f780b58d5b6c7b814859dc0.jpg,Used,Mercedes Benz,C-Class,C 250,2013,10000,Sedan,,Gasoline,,,,,European Specs,,,,,,Dhofar,Salala,Autos,Cars For Sale,,,,
Used Dodge Challenger in Al Dhahirah,"6,500 OMR",https://om.opensooq.com/en/search/284805420,https://opensooq-images.os-cdn.com/previews/2048x0/d2/52/d2526b665a763999291be70afcd6c47f6f29db3dba03d919b97316e93bba559c.jpg,Used,Dodge,Challenger,SXT Plus,2023,41000,Sedan,,Gasoline,,,,,American Specs,,,,,,Al Dhahirah,Ibri,Autos,Cars For Sale,,,,
Used Toyota Hilux in Muscat,"6,200 OMR",https://om.opensooq.com/en/search/284805510,https://opensooq-images.os-cdn.com/previews/2048x0/bc/4f/bc4f6506a01d14032dfba77499f456a32392f16ccd93d2e32aaecc32c0381ca7.jpg,Used,Toyota,Hilux,GLX,2015,200000,PickUp,,Gasoline,,,,,GCC Specs,,,,,,Muscat,Rusail,Autos,Cars For Sale,,,,
Used BMW 3 Series in Al Dakhiliya,"2,000 OMR",https://om.opensooq.com/en/search/284804514,https://opensooq-images.os-cdn.com/previews/2048x0/b9/5f/b95f507d5d24732d706c8bf1d3495d23b3d65a33abab4cb2ea4b3f2ac47c9201.jpg,Used,BMW,3 Series,328,2013,300000,Sedan,,Gasoline,,,,,European Specs,,,,,,Al Dakhiliya,Sumail,Autos,Cars For Sale,,,,
Used Nissan Altima in Buraimi,"4,500 OMR",https://om.opensooq.com/en/search/284805168,https://opensooq-images.os-cdn.com/previews/2048x0/b6/d6/b6d6c563c64268a3ebaf864c14089dd48035883b8beb02a7d1411a3b9a1335eb.jpg,Used,Nissan,Altima,SR,2020,32000,Sedan,,Gasoline,,,,,American Specs,,,,,,Buraimi,Al Buraimi,Autos,Cars For Sale,,,,
Used Toyota Camry in Al Sharqiya,"5,200 OMR",https://om.opensooq.com/en/search/284793914,https://opensooq-images.os-cdn.com/previews/2048x0/6b/23/6b23a69c7837633d98dd1599db303e267fc17ee5e0645d2bf25a79fc5d4ebcf3.jpg,Used,Toyota,Camry,LE,2019,159738,Sedan,,Gasoline,,,,,American Specs,,,,,,Al Sharqiya,Al Qabil,Autos,Cars For Sale,,,,
Used Toyota Prado in Muscat,"12,800 OMR",https://om.opensooq.com/en/search/284804942,https://opensooq-images.os-cdn.com/previews/2048x0/bc/85/bc855abdaad9d3be3bada9cca66645a99acfeb7ec80b797e9e0e21a5ceb175d5.jpg,Used,Toyota,Prado,GXR,2020,196000,SUV,,Gasoline,,,,,GCC Specs,,,,,,Muscat,Al Khoud,Autos,Cars For Sale,,,,
Honda Accord 2016 EXL,"3,250 OMR",https://om.opensooq.com/en/search/284804380,https://opensooq-images.os-cdn.com/previews/2048x0/81/55/8155f6b27b928973740f15191150a32962d629a723a9b61e705fa47e013464e3.jpg,Used,Honda,Accord,EX-L,2016,17700,Sedan,,Gasoline,,,,,American Specs,,,,,,Muscat,Al Maabilah,Autos,Cars For Sale,,,,
Used Hyundai Elantra in Muscat,"1,900 OMR",https://om.opensooq.com/en/search/284803102,https://opensooq-images.os-cdn.com/previews/2048x0/a2/60/a2601847bae966092109cf65928d0fbbac20d6dad28c4af5186b40beefed84a0.jpg,Used,Hyundai,Elantra,GLS,2016,300000,Sedan,,Gasoline,,,,,GCC Specs,,,,,,Muscat,Al Khoud,Autos,Cars For Sale,,,,
Used Lexus LX in Al Sharqiya,"5,800 OMR",https://om.opensooq.com/en/search/284114586,https://opensooq-images.os-cdn.com/previews/2048x0/83/96/839654f00105dd0a66c314b368f11e1b8e502bcdc66d046b36e490e9c0e48f25.jpg,Used,Lexus,LX,LX 470,2007,450000,SUV,,Gasoline,,,,,GCC Specs,,,,,,Al Sharqiya,Al Mudaibi,Autos,Cars For Sale,,,,
Used Peugeot 301 in Muscat,"1,650 OMR",https://om.opensooq.com/en/search/284804088,https://opensooq-images.os-cdn.com/previews/2048x0/5e/8d/5e8d33f07e6b92e4a3f51e375f0adfe720c6275d37f222c55a5936bb5b1da26a.jpg,Used,Peugeot,301,Access,2020,140000,Sedan,,Gasoline,,,,,GCC Specs,,,,,,Muscat,Al Khoud,Autos,Cars For Sale,,,,
Used Mitsubishi Canter in Muscat,"4,700 OMR",https://om.opensooq.com/en/search/284798158,https://opensooq-images.os-cdn.com/previews/2048x0/e1/02/e102ddd4ea32c35243aab2cedbab9e0453678934d459c2ffb9b68bcb6fbd8399.jpg,Used,Mitsubishi,Canter,,2015,250000,,,Gasoline,,,,,GCC Specs,,,,,,Muscat,Ghala,Autos,Cars For Sale,,,,
Used Mazda 6 in Muscat,"4,200 OMR",https://om.opensooq.com/en/search/284803830,https://opensooq-images.os-cdn.com/previews/2048x0/d3/fe/d3fe9104785b44f7b39667667e96122a94aa8f09862c791805f47e857fe4ff32.jpg,Used,Mazda,6,Core,2018,100000,Sedan,,Gasoline,,,,,American Specs,,,,,,Muscat,Seeb,Autos,Cars For Sale,,,,
Used Honda Accord in Al Batinah,"5,250 OMR",https://om.opensooq.com/en/search/284803580,https://opensooq-images.os-cdn.com/previews/2048x0/ca/34/ca34049d6e3c102d096350052e0724acb469207d00e1a6326b3cf43278df9988.jpg,Used,Honda,Accord,EX-L,2018,140000,Sedan,,Gasoline,,,,,American Specs,,,,,,Al Batinah,Al Khaboura,Autos,Cars For Sale,,,,
Used Jeep Wrangler in Muscat,"4,800 OMR",https://om.opensooq.com/en/search/284803470,https://opensooq-images.os-cdn.com/previews/2048x0/1c/03/1c03096fb5677ae652ab01360670e4c15e11f8bd49f51d9072615d9d3738a2a8.jpg,Used,Jeep,Wrangler,Sahara,2016,102000,SUV,,Gasoline,,,,,American Specs,,,,,,Muscat,Seeb,Autos,Cars For Sale,,,,
Used Toyota Land Cruiser in Muscat,"6,900 OMR",https://om.opensooq.com/en/search/284803014,https://opensooq-images.os-cdn.com/previews/2048x0/6f/24/6f2419a1c9bce9f429c77b592e680f5c33f791ad07a3ba1fb0f0ce983587615b.jpg,Used,Toyota,Land Cruiser,GX,2009,300000,SUV,,Gasoline,,,,,GCC Specs,,,,,,Muscat,Amerat,Autos,Cars For Sale,,,,
Used Lexus LS in Muscat,850 OMR,https://om.opensooq.com/en/search/284449814,https://opensooq-images.os-cdn.com/previews/2048x0/1a/b1/1ab1fd441d45298f2702429b3b7045fba25e976cbea8a481e3bf7ae49e675b20.jpg,Used,Lexus,LS,LS 430,2002,400000,Sedan,,Gasoline,,,,,American Specs,,,,,,Muscat,Al Khoud,Autos,Cars For Sale,,,,
Hyundai Elantra Model 2018,"2,700 OMR",https://om.opensooq.com/en/search/284802924,https://opensooq-images.os-cdn.com/previews/2048x0/46/89/468928154018963d6cedce3b6b8758a24a5bde6d3f8245e4984f431663dae60f.jpg,Used,Hyundai,Elantra,Standard,2018,120000,Sedan,,Electric,,,,,American Specs,,,,,,Dhofar,Other,Autos,Cars For Sale,,,,
Used BMW X1 Series in Al Batinah,"1,400 OMR",https://om.opensooq.com/en/search/284802038,https://opensooq-images.os-cdn.com/previews/2048x0/ce/f4/cef4c25b4dbe78d447502fb77e005308dbabf89ed7fcf2b1085d70250bb760ad.jpg,Used,BMW,X1 Series,Standard,2011,100000,HatchBack,,Gasoline,,,,,European Specs,,,,,,Al Batinah,Sohar,Autos,Cars For Sale,,,,
Used Chevrolet Tahoe in Al Batinah,"5,500 OMR",https://om.opensooq.com/en/search/284802642,https://opensooq-images.os-cdn.com/previews/2048x0/f9/dc/f9dcea738b8b6340b354dfb67e10e52bda8a6e9bbe47ff88a3a53a18d0014d25.jpg,Used,Chevrolet,Tahoe,1LT,2015,200000,SUV,,Gasoline,,,,,American Specs,,,,,,Al Batinah,Barka,Autos,Cars For Sale,,,,
"BMW M2 2017  76,000 km","13,900 OMR",https://om.opensooq.com/en/search/284802822,https://opensooq-images.os-cdn.com/previews/2048x0/dc/bb/dcbb97cd8ea3aa07912715c83fb38ed9fddfaf38acd3d3c36ae1a0f3a5484552.jpg,Used,BMW,2 Series,M2,2017,76000,Coupe,,Gasoline,,,,,GCC Specs,,,,,,Muscat,Qurm,Autos,Cars For Sale,,,,
Used Changan UNI-V in Muscat,"6,300 OMR",https://om.opensooq.com/en/search/284802618,https://opensooq-images.os-cdn.com/previews/2048x0/ba/5c/ba5cc1b6ce98f058af03725279741ff27c84feab7ad16fc052849ebb79e8ad85.jpg,Used,Changan,UNI-V,,2024,43000,Sedan,,Gasoline,,,,,GCC Specs,,,,,,Muscat,Al Khoud,Autos,Cars For Sale,,,,
Used Toyota Previa in Muscat,"6,000 OMR",https://om.opensooq.com/en/search/284802520,https://opensooq-images.os-cdn.com/previews/2048x0/78/bf/78bf73dcca43d5fdf1374919d67f66d97ff247fd7818c5576d410d638a8645eb.jpg,Used,Toyota,Previa,Limited,2018,155000,SUV,,Gasoline,,,,,GCC Specs,,,,,,Muscat,Al Khuwair,Autos,Cars For Sale,,,,
Used Hyundai Santa Fe in Muscat,"3,000 OMR",https://om.opensooq.com/en/search/284802406,https://opensooq-images.os-cdn.com/previews/2048x0/11/4e/114e11b735275239e506c2cd52ece68c70a0dfec7d7a642d8454ff63f7ca7e7c.jpg,Used,Hyundai,Santa Fe,Standard,2017,188000,SUV,,Gasoline,,,,,GCC Specs,,,,,,Muscat,Al Maabilah,Autos,Cars For Sale,,,,
Used Toyota Camry in Buraimi,"1,500 OMR",https://om.opensooq.com/en/search/284802408,https://opensooq-images.os-cdn.com/previews/2048x0/f3/02/f302fb02cb89871e37d5c39b126ce37a2dc098f043300e03040da2fcb16b8aeb.jpg,Used,Toyota,Camry,XLE,2007,350000,Sedan,,Gasoline,,,,,Japanese Specs,,,,,,Buraimi,Al Buraimi,Autos,Cars For Sale,,,,
TOYOTA RAV4,"6,200 OMR",https://om.opensooq.com/en/search/284802292,https://opensooq-images.os-cdn.com/previews/2048x0/7b/b1/7bb175f64f3dcc4596d71f8c1fb760fb68defe7f7b5d4206ab399cef0d5dcad5.jpg,Used,Toyota,RAV 4,LE,2018,166000,SUV,,Gasoline,,,,,GCC Specs,,,,,,Muscat,Ghubrah,Autos,Cars For Sale,,,,
Used Nissan Patrol in Muscat,"4,200 OMR",https://om.opensooq.com/en/search/284754028,https://opensooq-images.os-cdn.com/previews/2048x0/32/0b/320ba399135d17aaf0ac0a19fdf33c031709ad5018d04d3aabf167d8b66ccf96.jpg,Used,Nissan,Patrol,LE Platinum,2010,200000,SUV,,Gasoline,,,,,GCC Specs,,,,,,Muscat,Seeb,Autos,Cars For Sale,,,,
Bmw  m340i xdive,"12,900 OMR",https://om.opensooq.com/en/search/284801892,https://opensooq-images.os-cdn.com/previews/2048x0/d9/d7/d9d74fc8945e353f329500ef7739a00eac8961ed48dd4b2fb2a131b7c4786a8e.jpg,Used,BMW,3 Series,M340i xDrive,2021,39000,Sedan,,Gasoline,,,,,American Specs,,,,,,Muscat,Ansab,Autos,Cars For Sale,,,,
Used Toyota Avalon in Al Dakhiliya,"2,850 OMR",https://om.opensooq.com/en/search/284796420,https://opensooq-images.os-cdn.com/previews/2048x0/64/43/64434d89c50a39489a140e859fc843fa401f6c47840d375c0d7a195a0c743c89.jpg,Used,Toyota,Avalon,XLE,2011,50000,Sedan,,Gasoline,,,,,GCC Specs,,,,,,Al Dakhiliya,Manah,Autos,Cars For Sale,,,,
Used Nissan Patrol in Dhofar,"10,500 OMR",https://om.opensooq.com/en/search/284801614,https://opensooq-images.os-cdn.com/previews/2048x0/3d/73/3d7305800220c5cfa6f14e73fbf4647aec222883f0334a476f4dbb2499e8be74.jpg,Used,Nissan,Patrol,LE Platinum,2015,300000,SUV,,Gasoline,,,,,GCC Specs,,,,,,Dhofar,Salala,Autos,Cars For Sale,,,,
Used Volkswagen Jetta GLI in Muscat,"1,700 OMR",https://om.opensooq.com/en/search/284801080,https://opensooq-images.os-cdn.com/previews/2048x0/9f/63/9f634bcdc1201786aac1b6b5359daaa178faad8f1fd0b0cdb665c39d9dc5061b.jpg,Used,Volkswagen,Jetta GLI,Autobahn,2015,300000,Sedan,,Gasoline,,,,,American Specs,,,,,,Muscat,Seeb,Autos,Cars For Sale,,,,
Used Honda Accord in Al Batinah,"4,000 OMR",https://om.opensooq.com/en/search/284800286,https://opensooq-images.os-cdn.com/previews/2048x0/fd/1c/fd1c501d1484c42ed1c665c41fed91fb41d32fe62836aa908c924594ce21d940.jpg,Used,Honda,Accord,EX-L,2017,50088,Sedan,,Gasoline,,,,,American Specs,,,,,,Al Batinah,Liwa,Autos,Cars For Sale,,,,
Used Land Rover Range Rover Sport in Al Batinah,"12,900 OMR",https://om.opensooq.com/en/search/284800548,https://opensooq-images.os-cdn.com/previews/2048x0/9c/b4/9cb4433c6008d02f39ed1d672ed4ee3cc36ff76a119ec02a35183c3bf0eb337b.jpg,Used,Land Rover,Range Rover Sport,HSE,2020,80000,SUV,,Gasoline,,,,,GCC Specs,,,,,,Al Batinah,Saham,Autos,Cars For Sale,,,,
LX 600 Turbo Sport,"56,500 OMR",https://om.opensooq.com/en/search/284800048,https://opensooq-images.os-cdn.com/previews/2048x0/56/f9/56f9c5c4209760ec7bfaee8372e8514ce374612ee032e7ac113f27b4d9b7b8e9.jpg,Used,Lexus,LX,LX 600,2025,19000,SUV,,Gasoline,,,,,GCC Specs,,,,,,Muscat,Bosher,Autos,Cars For Sale,,,,
Used Toyota RAV 4 in Al Batinah,"4,300 OMR",https://om.opensooq.com/en/search/284800192,https://opensooq-images.os-cdn.com/previews/2048x0/92/fe/92fe1c8cf99d71f39dbaddfb675c6827d040f1e286086b53069447c1599cde79.jpg,Used,Toyota,RAV 4,Limited,2015,94627,SUV,,Gasoline,,,,,American Specs,,,,,,Al Batinah,Al Khaboura,Autos,Cars For Sale,,,,
Used Dodge Charger in Al Batinah,"5,700 OMR",https://om.opensooq.com/en/search/284800122,https://opensooq-images.os-cdn.com/previews/2048x0/0f/d3/0fd39839f0da4e54b96953eb68f355a7ba914c139a8f8cd935c83b8fb38ef4bb.jpg,Used,Dodge,Charger,R/T,2021,2000,Sedan,,Gasoline,,,,,American Specs,,,,,,Al Batinah,Liwa,Autos,Cars For Sale,,,,
Used Mercedes Benz E-Class in Al Dhahirah,"4,300 OMR",https://om.opensooq.com/en/search/284799924,https://opensooq-images.os-cdn.com/previews/2048x0/ad/b2/adb28ed9dd157fe2af20c4b2bbb90d8e67381f72e9a865dcf8caa9330434cd1a.jpg,Used,Mercedes Benz,E-Class,E 350,2016,280000,Sedan,,Gasoline,,,,,American Specs,,,,,,Al Dhahirah,Ibri,Autos,Cars For Sale,,,,
Jeep Renegade Longitude 4×4 2017  2.4L  أوتوماتيك  بحالة ممتازة,"2,400 OMR",https://om.opensooq.com/en/search/284799444,https://opensooq-images.os-cdn.com/previews/2048x0/f9/9b/f99be70085bf59150ee69f5e5d8e5d3e4325eff6a5ba4af3668cc23bb1058a5a.jpg,Used,Jeep,Renegade,Limited,2017,195000,SUV,,Gasoline,,,,,American Specs,,,,,,Muscat,Al Mawaleh,Autos,Cars For Sale,,,,
Used Mercedes Benz E-Class in Al Dhahirah,"4,300 OMR",https://om.opensooq.com/en/search/284799860,https://opensooq-images.os-cdn.com/previews/2048x0/d3/1f/d31fc48801cc73f48027aaef747b4b0e5b367c456d9143b7aa8ab59a4b7e46a4.jpg,Used,Mercedes Benz,E-Class,E 350,2016,270000,Sedan,,Gasoline,,,,,European Specs,,,,,,Al Dhahirah,Ibri,Autos,Cars For Sale,,,,
Used Toyota Land Cruiser in Muscat,"7,500 OMR",https://om.opensooq.com/en/search/284799242,https://opensooq-images.os-cdn.com/previews/2048x0/ae/e5/aee522691d7c4e20fc282fb2c90f8f66ac66bc66dfaafe25f45a44f788e38cb6.jpg,Used,Toyota,Land Cruiser,GXR,1999,100000,SUV,,Gasoline,,,,,GCC Specs,,,,,,Muscat,Bosher,Autos,Cars For Sale,,,,
Used Toyota Tundra in Muscat,"11,800 OMR",https://om.opensooq.com/en/search/284798860,https://opensooq-images.os-cdn.com/previews/2048x0/56/89/5689d6d780fd18d085bf16f72fc9c5451446c38668f0b56f14ee0ee0c1349223.jpg,Used,Toyota,Tundra,TRD Pro,2020,100000,PickUp,,Gasoline,,,,,American Specs,,,,,,Muscat,Bosher,Autos,Cars For Sale,,,,
BMW 740 Li 2011,"2,200 OMR",https://om.opensooq.com/en/search/284798814,https://opensooq-images.os-cdn.com/previews/2048x0/fa/19/fa19596ddeb55d216518ba8410b6a6f23005a12a88a1d2bd0d5bd5234cb0f930.jpg,Used,BMW,7 Series,740i Sedan,2011,210000,Sedan,,Gasoline,,,,,GCC Specs,,,,,,Muscat,Al Mawaleh,Autos,Cars For Sale,,,,
Used Toyota Fortuner in Al Batinah,"8,900 OMR",https://om.opensooq.com/en/search/284260666,https://opensooq-images.os-cdn.com/previews/2048x0/68/10/6810f09b784020d3a03e5cc214c3facaa0d05e7b34fd1b779a30f670c36500ba.jpg,Used,Toyota,Fortuner,GXR,2018,160000,SUV,,Gasoline,,,,,GCC Specs,,,,,,Al Batinah,Rustaq,Autos,Cars For Sale,,,,
BMW 749 Li 2011,"2,200 OMR",https://om.opensooq.com/en/search/284798530,https://opensooq-images.os-cdn.com/previews/2048x0/fa/19/fa19596ddeb55d216518ba8410b6a6f23005a12a88a1d2bd0d5bd5234cb0f930.jpg,Used,BMW,7 Series,740i Sedan,2011,210000,Sedan,,Gasoline,,,,,European Specs,,,,,,Muscat,Al Mawaleh,Autos,Cars For Sale,,,,
2023 MG 5 Sedan for Sale  GCC Specs  Silver Used Car with Full Features,"3,400 OMR",https://om.opensooq.com/en/search/284797828,https://opensooq-images.os-cdn.com/previews/2048x0/98/9b/989bea4b7f6d874a159ae6b8a7cb396d5dbf6082a93a0a0ce23f2cb0c5af4222.jpg,Used,MG,MG 5,,2023,39000,Sedan,,Gasoline,,,,,GCC Specs,,,,,,Muscat,Ghubrah,Autos,Cars For Sale,,,,
Used Kia Optima in Al Sharqiya,"1,300 OMR",https://om.opensooq.com/en/search/284797816,https://opensooq-images.os-cdn.com/previews/2048x0/89/ca/89ca0b55d7a2053ff955a6bb6c5c64e7e8e9445abc915cc96ac710b97eadaf67.jpg,Used,Kia,Optima,GT-Line,2012,633000,Sedan,,Gasoline,,,,,GCC Specs,,,,,,Al Sharqiya,Sur,Autos,Cars For Sale,,,,
Used Nissan Pathfinder in Al Sharqiya,"2,500 OMR",https://om.opensooq.com/en/search/284797302,https://opensooq-images.os-cdn.com/previews/2048x0/1c/24/1c244d1187e3ac0cb07cc4fc62758de8868428e7786fe2a0d3adcffff0e97b20.jpg,Used,Nissan,Pathfinder,SL,2012,290000,SUV,,Gasoline,,,,,GCC Specs,,,,,,Al Sharqiya,Ja'alan Bani Bu Ali,Autos,Cars For Sale,,,,
Used Nissan Patrol in Al Batinah,"22,500 OMR",https://om.opensooq.com/en/search/284796728,https://opensooq-images.os-cdn.com/previews/2048x0/ac/74/ac74e21cb222aa5101e1e79302262544d924b831c24cced93396b9bb5659830c.jpg,Used,Nissan,Patrol,SE Platinum,2024,40000,SUV,,Gasoline,,,,,GCC Specs,,,,,,Al Batinah,Liwa,Autos,Cars For Sale,,,,
2019 /C300 Mercedes للبيع,"7,200 OMR",https://om.opensooq.com/en/search/284796410,https://opensooq-images.os-cdn.com/previews/2048x0/85/79/8579ccd13ddb6c28fd432f5b67f0b8a392eec8c46af6d72a678d1116eac80e98.jpg,Used,Mercedes Benz,C-Class,C 300,2019,155000,Sedan,,Gasoline,,,,,American Specs,,,,,,Al Batinah,Al Khaboura,Autos,Cars For Sale,,,,
2008 Suzuki SX4 Sedan with Xenon Lights and GCC Specs - Excellent Condition,950 OMR,https://om.opensooq.com/en/search/284796770,https://opensooq-images.os-cdn.com/previews/2048x0/70/a5/70a5d260baa68fdd1bc6a3fce17a31b227636e0e9f4a7a1ba5ac75eef0579883.jpg,Used,Suzuki,SX4,Standard,2008,258000,Sedan,,Gasoline,,,,,GCC Specs,,,,,,Muscat,Bosher,Autos,Cars For Sale,,,,
Used Toyota Echo 2005 Hatchback for Sale with GCC Specs and Gasoline Engine,"1,000 OMR",https://om.opensooq.com/en/search/284796330,https://opensooq-images.os-cdn.com/previews/2048x0/ea/71/ea71d7413313ece9afe112f1c33a2d5dc321064cd3c351e2a39485ed3e9015c6.jpg,Used,Toyota,Echo,XLI,2005,200000,HatchBack,,Gasoline,,,,,GCC Specs,,,,,,Muscat,Ghubrah,Autos,Cars For Sale,,,,
Used Toyota Yaris in Muscat,"1,900 OMR",https://om.opensooq.com/en/search/284796604,https://opensooq-images.os-cdn.com/previews/2048x0/f0/11/f0110cd5a670338b93f9eed0962b130852505987f02986251221c526ba0cfc92.jpg,Used,Toyota,Yaris,E,2012,161000,HatchBack,,Gasoline,,,,,American Specs,,,,,,Muscat,Other,Autos,Cars For Sale,,,,
Jeep Grand cherokee 2014 5.7 v8 Hemi,"5,800 OMR",https://om.opensooq.com/en/search/284796256,https://opensooq-images.os-cdn.com/previews/2048x0/52/2d/522d4e5e21506c024164a86f5a014728d0c1eb731f8c9a1de32605d947632680.jpg,Used,Jeep,Grand Cherokee,Overland,2014,200000,SUV,,Gasoline,,,,,GCC Specs,,,,,,Muscat,Ruwi,Autos,Cars For Sale,,,,
Used Nissan Pathfinder in Muscat,"2,200 OMR",https://om.opensooq.com/en/search/284795872,https://opensooq-images.os-cdn.com/previews/2048x0/07/6e/076e083125ff8c7c21b92ab5e7f98b95bb7f28169e93cf6ac5e718aabd837e40.jpg,Used,Nissan,Pathfinder,XE,2012,99000,Sedan,,Gasoline,,,,,American Specs,,,,,,Muscat,Al Maabilah,Autos,Cars For Sale,,,,
Used Land Rover Range Rover Evoque in Al Dakhiliya,"8,000 OMR",https://om.opensooq.com/en/search/284796214,https://opensooq-images.os-cdn.com/previews/2048x0/33/24/3324305252c4a3eea81ac4f5af3c527806b14c1d2d7e4975bbb642754ec02326.jpg,Used,Land Rover,Range Rover Evoque,Dynamic SE,2016,240000,SUV,,Gasoline,,,,,GCC Specs,,,,,,Al Dakhiliya,Nizwa,Autos,Cars For Sale,,,,
BMWx for sale,"5,000 OMR",https://om.opensooq.com/en/search/284795348,https://opensooq-images.os-cdn.com/previews/2048x0/ec/25/ec2502a27b18079f59a9b047bcc667c3305a6166a1b297b2ec5e398669a52ebb.jpg,Used,BMW,5 Series,523,2014,221000,HatchBack,,Gasoline,,,,,GCC Specs,,,,,,Muscat,Bosher,Autos,Cars For Sale,,,,
Subaru WRX 2017 gcc / سوبارو وكالة عمان جير عادي,"4,900 OMR",https://om.opensooq.com/en/search/284795724,https://opensooq-images.os-cdn.com/previews/2048x0/9b/58/9b588fa286d520cac10af35e07d351457b8c508615abc7fbd653624833ad1658.png,Used,Subaru,WRX,WRX,2017,150000,Sedan,,Gasoline,,,,,GCC Specs,,,,,,Muscat,Al Khuwair,Autos,Cars For Sale,,,,
Used Lexus ES in Al Batinah,"2,200 OMR",https://om.opensooq.com/en/search/284795334,https://opensooq-images.os-cdn.com/previews/2048x0/c1/52/c152f650eb85e106c1e8bedc35bd54ef3fb433c492260bcd028caa4ae480e3ef.jpg,Used,Lexus,ES,ES 350,2009,230295,Sedan,,Gasoline,,,,,American Specs,,,,,,Al Batinah,Liwa,Autos,Cars For Sale,,,,
Ford Fusion SE 2012,950 OMR,https://om.opensooq.com/en/search/284795180,https://opensooq-images.os-cdn.com/previews/2048x0/6b/95/6b951ee353a3f50c6d99c7e3156b4f47d1c94146ddd431ce42e79887c3aa5444.jpg,Used,Ford,Fusion,SE,2012,184400,Sedan,,Gasoline,,,,,GCC Specs,,,,,,Dhofar,Sadah,Autos,Cars For Sale,,,,
Used Toyota Camry in Al Batinah,"8,000 OMR",https://om.opensooq.com/en/search/284794870,https://opensooq-images.os-cdn.com/previews/2048x0/c7/c8/c7c8b552f7515c8032188f827b271e50fde70831f67549779eaf69faf92cf9b1.jpg,Used,Toyota,Camry,TRD,2024,89000,Sedan,,Gasoline,,,,,American Specs,,,,,,Al Batinah,Suwaiq,Autos,Cars For Sale,,,,
Used Toyota Avalon in Al Dakhiliya,"1,900 OMR",https://om.opensooq.com/en/search/284748642,https://opensooq-images.os-cdn.com/previews/2048x0/f0/37/f03727bf9c5014e369ac6ea05f2ba6622d9dae9653232e1993d249d2c360e4cb.jpg,Used,Toyota,Avalon,XLE,2009,100000,Sedan,,Gasoline,,,,,American Specs,,,,,,Al Dakhiliya,Manah,Autos,Cars For Sale,,,,
Used Infiniti G25 in Muscat,"1,500 OMR",https://om.opensooq.com/en/search/284790470,https://opensooq-images.os-cdn.com/previews/2048x0/6d/5d/6d5d81ea9856d2d10e21cadf17d8e13e2ea419292851fe7f17a3b6f478eba7e4.jpg,Used,Infiniti,G25,,2012,300000,Sedan,,Gasoline,,,,,GCC Specs,,,,,,Muscat,Ghubrah,Autos,Cars For Sale,,,,
Nissan Patrol for sale,"14,250 OMR",https://om.opensooq.com/en/search/284794158,https://opensooq-images.os-cdn.com/previews/2048x0/83/41/8341eb5c218c5f8733ee788395a5e073265d47351b1e90e43791cf236cd09103.jpg,Used,Nissan,Patrol,SE Platinum,2020,73000,SUV,,Gasoline,,,,,GCC Specs,,,,,,Muscat,Ghubrah,Autos,Cars For Sale,,,,
Used Toyota Sequoia in Al Batinah,"14,700 OMR",https://om.opensooq.com/en/search/283817136,https://opensooq-images.os-cdn.com/previews/2048x0/1c/b3/1cb3c7f99e2c37056e4b447c9bf02c71862e9837e2bbdc202fb9ae22057ae3cb.jpg,Used,Toyota,Sequoia,SR 5,2021,61000,SUV,,Gasoline,,,,,American Specs,,,,,,Al Batinah,Sohar,Autos,Cars For Sale,,,,
Used Jetour Dasheng in Al Batinah,"6,500 OMR",https://om.opensooq.com/en/search/284794494,https://opensooq-images.os-cdn.com/previews/2048x0/5b/3f/5b3f0c57d60782309fc14ec0c219481eb30a9fe028dd6ea738b07870b361183c.jpg,Used,Jetour,Dasheng,,2026,21000,SUV,,Gasoline,,,,,GCC Specs,,,,,,Al Batinah,Barka,Autos,Cars For Sale,,,,
Used Changan UNI-T in Muscat,"5,900 OMR",https://om.opensooq.com/en/search/284747982,https://opensooq-images.os-cdn.com/previews/2048x0/97/9c/979c2daacc91de8e3513727d766c1ead46168560b4e842ffbbbe2c3bba1e8d63.jpg,Used,Changan,UNI-T,,2023,144000,Coupe,,Gasoline,,,,,GCC Specs,,,,,,Muscat,Seeb,Autos,Cars For Sale,,,,
Maserati 2014,"6,500 OMR",https://om.opensooq.com/en/search/284794018,https://opensooq-images.os-cdn.com/previews/2048x0/60/4a/604ab4e758096ac26debe66fe4a2098ee820b2971adf3ab4e3ad6a337f0f8705.jpg,Used,Maserati,Ghibli,GT,2014,64000,Coupe,,Gasoline,,,,,GCC Specs,,,,,,Muscat,Azaiba,Autos,Cars For Sale,,,,
Pajero 3500 cc,"3,990 OMR",https://om.opensooq.com/en/search/284793806,https://opensooq-images.os-cdn.com/previews/2048x0/18/40/1840b603b6258744467410c7c729b469d6e91b68fe209b187e91d774d15080bf.jpg,Used,Mitsubishi,Pajero,Standard,2015,188000,SUV,,Gasoline,,,,,GCC Specs,,,,,,Al Dakhiliya,Nizwa,Autos,Cars For Sale,,,,
سيارة شانجان CS95 موديل 2023 فيراني مستعملة بمواصفات خليجية فاخرة,"5,200 OMR",https://om.opensooq.com/en/search/284849950,https://opensooq-images.os-cdn.com/previews/2048x0/5a/aa/5aaa2102944d6d35c84359b24f9068bc8dbb83c26cc770c8d1d874f29672e240.jpg,Used,Changan,CS95,Classic,2023,100000,SUV,,Gasoline,,,,,GCC Specs,,,,,,Muscat,Al Khuwair,Autos,Cars For Sale,,,,
مرسيدس GLE 350 موديل 2021 ممشى قليل,"14,100 OMR",https://om.opensooq.com/en/search/284831544,https://opensooq-images.os-cdn.com/previews/2048x0/df/5f/df5f00649779ae4bc1b5c16b6119ea82ee3c9addeb58bf8b50b9f0032e8c06d1.jpg,Used,Mercedes Benz,GLE-Class,GLE 350,2021,45000,SUV,,Gasoline,,,,,American Specs,,,,,,Muscat,Seeb,Autos,Cars For Sale,,,,
ميتسوبيشي جالنت  2010,800 OMR,https://om.opensooq.com/en/search/284852312,https://opensooq-images.os-cdn.com/previews/2048x0/e2/b4/e2b4ef3c659d1f9e5c04f70541f2fc3e2506a62688c0722e49d9ad4f7a9a2b47.jpg,Used,Mitsubishi,Galant,DL,2010,470000,Sedan,,Gasoline,,,,,GCC Specs,,,,,,Muscat,Al Khoud,Autos,Cars For Sale,,,,
من النوادر فرصة الي حاب يستخدم او يتاجر,"3,590 OMR",https://om.opensooq.com/en/search/284852414,https://opensooq-images.os-cdn.com/previews/2048x0/5c/13/5c1314537a80e62ae012e626139c0f3cdd95308de833c506de94fcefe77e2727.jpg,Used,Nissan,Altima,SL,2023,80000,Sedan,,Gasoline,,,,,American Specs,,,,,,Al Batinah,Saham,Autos,Cars For Sale,,,,
لكزس اي اس 2007 للبيع او بدل,"1,300 OMR",https://om.opensooq.com/en/search/284842036,https://opensooq-images.os-cdn.com/previews/2048x0/51/6d/516da96a0ae12589f934d8d0918ab580e172fe28464d62a8d6ce10d8177ea816.jpg,Used,Lexus,IS,IS 250,2007,200000,Sedan,,Gasoline,,,,,American Specs,,,,,,Muscat,Seeb,Autos,Cars For Sale,,,,
تويوتا كورولا هاتش باك 2021,"5,800 OMR",https://om.opensooq.com/en/search/284852058,https://opensooq-images.os-cdn.com/previews/2048x0/d1/b6/d1b6a8ff9bc0e71768abf6ee2b30b6df4731b1999b3814da224dd55edcecd3e2.jpg,Used,Toyota,Corolla,SE,2021,130000,HatchBack,,Gasoline,,,,,American Specs,,,,,,Muscat,Seeb,Autos,Cars For Sale,,,,
لكسز اي اس 350 إف سبورت 2023 Lexus ES350 F-Sport,"13,500 OMR",https://om.opensooq.com/en/search/284851906,https://opensooq-images.os-cdn.com/previews/2048x0/43/d6/43d6d0a8f7265779fd883d074e14efd0bb096a9e5df837f2346b92c18f4928e1.jpg,Used,Lexus,ES,ES 350,2023,53000,Sedan,,Gasoline,,,,,American Specs,,,,,,Muscat,Al Maabilah,Autos,Cars For Sale,,,,
للبيع  تويوتا لاندكروزر 2020 وارد قطر,"13,700 OMR",https://om.opensooq.com/en/search/284851622,https://opensooq-images.os-cdn.com/previews/2048x0/14/94/14942fb94322c7bee045075261ab7d6328d1490461c20e2a5c290eafeb99651a.jpg,Used,Toyota,Land Cruiser,GXR,2020,234000,SUV,,Gasoline,,,,,GCC Specs,,,,,,Muscat,Halban,Autos,Cars For Sale,,,,
تويوتا الدفع الرباعي اف جي كروزر,"16,000 OMR",https://om.opensooq.com/en/search/284851632,https://opensooq-images.os-cdn.com/previews/2048x0/4d/fe/4dfe52e29147f6609cd3223e8a413a5b0345ada6317866150bbfd1f7d3c32c8d.jpg,Used,Toyota,FJ,Standard,2023,60000,SUV,,Gasoline,,,,,GCC Specs,,,,,,Dhofar,Salala,Autos,Cars For Sale,,,,
تويوتا افلون 2019,"8,500 OMR",https://om.opensooq.com/en/search/284851522,https://opensooq-images.os-cdn.com/previews/2048x0/6b/15/6b15d9badaca8075f7dd31b8cfe2bdb1d261b8be059d1d719a9b9fc2f1edb991.jpg,Used,Toyota,Avalon,Exclusive,2019,261600,Sedan,,Gasoline,,,,,Chinese Specs,,,,,,Al Batinah,Sohar,Autos,Cars For Sale,,,,
هايونداي ستيشن واجن كونا للبيع,"4,000 OMR",https://om.opensooq.com/en/search/284851302,https://opensooq-images.os-cdn.com/previews/2048x0/cf/a1/cfa18f51d846aec95eb5a5aa9063575fa21fd73658b2ee769b6aa7c46c2e85d7.jpg,Used,Hyundai,Kona,2 I4 FWD,2019,92000,HatchBack,,Gasoline,,,,,American Specs,,,,,,Muscat,Azaiba,Autos,Cars For Sale,,,,
مرسيدس 350 ML خليجي,"1,800 OMR",https://om.opensooq.com/en/search/284851104,https://opensooq-images.os-cdn.com/previews/2048x0/cc/f9/ccf9365b29aa8bdd6c8bdeb5dbc4be685ab7abb9e1ad8490864c0d0ef59960e7.jpg,Used,Mercedes Benz,M-Class,ML 250,2008,300000,SUV,,Gasoline,,,,,GCC Specs,,,,,,Al Dakhiliya,Nizwa,Autos,Cars For Sale,,,,
التيما 2014,"1,500 OMR",https://om.opensooq.com/en/search/284851164,https://opensooq-images.os-cdn.com/previews/2048x0/1c/9d/1c9df987b97f7ef4a434c06b5a0b6c69b2d5f3e6e86a7138c9755dadad1cca67.jpg,Used,Nissan,Altima,S,2014,287530,Sedan,,Gasoline,,,,,GCC Specs,,,,,,Al Batinah,Sohar,Autos,Cars For Sale,,,,
Civic 2006 for sale and exchange,"1,235 OMR",https://om.opensooq.com/en/search/284841726,https://opensooq-images.os-cdn.com/previews/2048x0/f7/3c/f73cac11827fe8741f2a5d48cae56269ed78f56079aedaf2297e0879b0245074.jpg,Used,Honda,Civic,EXi,2006,450000,Sedan,,Gasoline,,,,,GCC Specs,,,,,,Muscat,Al Maabilah,Autos,Cars For Sale,,,,
RAM TRX 2022,"24,000 OMR",https://om.opensooq.com/en/search/284850982,https://opensooq-images.os-cdn.com/previews/2048x0/7b/a7/7ba7e23e187cd06a431d72e4d6da7a999024c836c98448ab5a21b742e5d000a7.jpg,Used,Dodge,Ram,TRX,2022,85000,PickUp,,Gasoline,,,,,American Specs,,,,,,Muscat,Ansab,Autos,Cars For Sale,,,,
باجيرو سبورت 3.8 ممشى بسيط,"5,500 OMR",https://om.opensooq.com/en/search/284851064,https://opensooq-images.os-cdn.com/previews/2048x0/08/8e/088e4e944f7a849cfc480e993f2bb5fbf9d174e74abbab153fe57a9b34988071.jpg,Used,Mitsubishi,Pajero,GLS,2016,77000,SUV,,Gasoline,,,,,GCC Specs,,,,,,Al Dakhiliya,Nizwa,Autos,Cars For Sale,,,,
Hyundai Elantra for Sale 2014 Model 1.6 Engine,"1,640 OMR",https://om.opensooq.com/en/search/284850740,https://opensooq-images.os-cdn.com/previews/2048x0/e6/46/e646d47e24438388f3915c76bbaae7fec69126139566079864e48bcde3334ed6.jpg,Used,Hyundai,Elantra,Standard,2014,254000,Sedan,,Gasoline,,,,,GCC Specs,,,,,,Muscat,Ghubrah,Autos,Cars For Sale,,,,
LS 97  اموره طيبه,800 OMR,https://om.opensooq.com/en/search/284830094,https://opensooq-images.os-cdn.com/previews/2048x0/bd/b0/bdb068c77fcf0f2815177db7916dd14f695fac39217d32885ed01ecaba571299.jpg,Used,Lexus,LS,LS 400,1997,60000,Sedan,,Gasoline,,,,,Other Specs,,,,,,Al Batinah,Shinas,Autos,Cars For Sale,,,,
للبيع  Tesla Model 3 موديل 2023,"6,500 OMR",https://om.opensooq.com/en/search/284850800,https://opensooq-images.os-cdn.com/previews/2048x0/74/c7/74c732ce8f542b2be418e00a7e314f436526994e63046bef58abb78232220926.jpg,Used,Tesla,Model 3,Standard,2023,159000,Sedan,,Gasoline,,,,,GCC Specs,,,,,,Muscat,Halban,Autos,Cars For Sale,,,,
جي ام سي يوكن 2013 نظيف,"3,300 OMR",https://om.opensooq.com/en/search/284850440,https://opensooq-images.os-cdn.com/previews/2048x0/26/a9/26a96aa58de6cce8f9aa39b2ff882975cfc94e5a51ce69a457df648513d71095.jpg,Used,GMC,Yukon,SLT,2013,220000,,,Gasoline,,,,,American Specs,,,,,,Muscat,Al Jafnayn,Autos,Cars For Sale,,,,
نيسان ميكرا موديل 2016 بحالة ممتازة ( استخدام طبيب)  للبيع بدواعي السفر,"1,500 OMR",https://om.opensooq.com/en/search/284850060,https://opensooq-images.os-cdn.com/previews/2048x0/78/cc/78cc67d6fc998f79ba2c53260ccd1df6d1e2e5c7b35e89d929a73c6ba2cb9129.jpg,Used,Nissan,Micra,S,2016,350000,HatchBack,,Gasoline,,,,,GCC Specs,,,,,,Al Dakhiliya,Bidbid,Autos,Cars For Sale,,,,
للبيع  لكزس ES 350 F Sport موديل 2024,"14,700 OMR",https://om.opensooq.com/en/search/284850420,https://opensooq-images.os-cdn.com/previews/2048x0/02/a5/02a530db8fa09a81e7ec6dc5cdb1fc9e4bb3ae5c934d168376bde4fb25d2f6ef.jpg,Used,Lexus,ES,ES 350 F Sport Handling,2024,15712,Sedan,,Gasoline,,,,,GCC Specs,,,,,,Muscat,Halban,Autos,Cars For Sale,,,,
انفنتي Q50 نظيفه,"3,400 OMR",https://om.opensooq.com/en/search/284849932,https://opensooq-images.os-cdn.com/previews/2048x0/97/9b/979bd1648d7e9d01b8fab8626b2d73b4cae0f34a455e8d3a70762dc33eafa1c1.jpg,Used,Infiniti,Q50,Sport,2017,100007,Sedan,,Gasoline,,,,,Japanese Specs,,,,,,Muscat,Al-Hail,Autos,Cars For Sale,,,,
Jeep Grand Cherokee Limited 2018,"5,500 OMR",https://om.opensooq.com/en/search/284850172,https://opensooq-images.os-cdn.com/previews/2048x0/35/41/35412fa9d40efc727a827d0c7dad7bd7a88c08d67090d617344ce908c361c59c.jpg,Used,Jeep,Grand Cherokee,Limited,2018,191000,SUV,,Gasoline,,,,,American Specs,,,,,,Muscat,Qurm,Autos,Cars For Sale,,,,
صني 2019 تواير جديدات ، تأمين سنة ، نظيفة افحص وتوكل ، تواصل واتس,"1,900 OMR",https://om.opensooq.com/en/search/284849856,https://opensooq-images.os-cdn.com/previews/2048x0/82/aa/82aa1bc74a0f4534737729658b801c4529b36f730bd8ce3a7a5749d537efd23a.jpg,Used,Nissan,Sunny,SV,2019,200000,Sedan,,Gasoline,,,,,Other Specs,,,,,,Al Batinah,Sohar,Autos,Cars For Sale,,,,
للبيع: سيارة كورولا 2018 ممتازة نظيفة بحالة الوكالة,"3,500 OMR",https://om.opensooq.com/en/search/284849992,https://opensooq-images.os-cdn.com/previews/2048x0/85/3d/853d97947930c89e0163f692003ccc1214ecba4ab8bf14dce524ce8ad3350904.jpg,Used,Toyota,Corolla,Allex,2018,55000,Sedan,,Gasoline,,,,,American Specs,,,,,,Muscat,Ghubrah,Autos,Cars For Sale,,,,
التيما sr 2018 تسجيل جديد,"3,100 OMR",https://om.opensooq.com/en/search/284849572,https://opensooq-images.os-cdn.com/previews/2048x0/9a/2c/9a2c7a353b552d6f8ed60b14e4cd5446af84703434a5cb25bbfeee86ddf3901c.jpg,Used,Nissan,Altima,SR,2018,150000,Sedan,,Gasoline,,,,,American Specs,,,,,,Al Batinah,Saham,Autos,Cars For Sale,,,,
BMW 328i sport line 2015,"3,900 OMR",https://om.opensooq.com/en/search/284849494,https://opensooq-images.os-cdn.com/previews/2048x0/c5/f3/c5f32797f493dd61d6a48a03dc51e219630a2f025f3b1afbd7f434b7ce7c4677.jpg,Used,BMW,3 Series,328,2015,200000,Sedan,,Gasoline,,,,,GCC Specs,,,,,,Muscat,Wadi Al Kabir,Autos,Cars For Sale,,,,
هيونداي صالون سنتينيال VS5000,"3,500 OMR",https://om.opensooq.com/en/search/284843086,https://opensooq-images.os-cdn.com/previews/2048x0/a1/20/a1202825fb6e6f13cc7974ef97ed96bf61fd85ae8b6e1d8d06aa2f78edca8f63.jpg,Used,Hyundai,Centennial,Standard,2014,235000,Sedan,,Gasoline,,,,,Korean Specs,,,,,,Muscat,Amerat,Autos,Cars For Sale,,,,
نيسان بلاتينيوم 2014المكينه الصغيره 320  نضيف جدا في قمة النضافه المواصفات في الوصف,"7,500 OMR",https://om.opensooq.com/en/search/284849252,https://opensooq-images.os-cdn.com/previews/2048x0/82/59/82595ac041dcc33256dddeb758ce10bf7b9abcdbf7fb06acff4a41d0c966ba3c.jpg,Used,Nissan,Other,,2014,160000,SUV,,Gasoline,,,,,GCC Specs,,,,,,Buraimi,Al Buraimi,Autos,Cars For Sale,,,,
تويوتا افالون 2020 مع ضمان سنه,"8,900 OMR",https://om.opensooq.com/en/search/284849174,https://opensooq-images.os-cdn.com/previews/2048x0/e2/08/e208e514840e04cac861806e1f0f6d59ba127224a0ceb9d7b3156e5f053ac961.jpg,Used,Toyota,Avalon,Limited,2020,156000,Sedan,,Gasoline,,,,,American Specs,,,,,,Muscat,Halban,Autos,Cars For Sale,,,,
شيري تيجو 2016 مستعملة بحالة ممتازة، لون أسود، مواصفات خليجية، مرخصة، بنزين,"1,300 OMR",https://om.opensooq.com/en/search/284848810,https://opensooq-images.os-cdn.com/previews/2048x0/9c/aa/9caa78765b60fff815f5dae2b5ffc19c61628c5715801d6aeebd291ca27762a4.jpg,Used,Chery,Tiggo,Tiggo 5,2016,265000,HatchBack,,Gasoline,,,,,GCC Specs,,,,,,Muscat,Al Mawaleh,Autos,Cars For Sale,,,,
كورولا بحالة الوكالة المستخدم الاول في عمان,"4,600 OMR",https://om.opensooq.com/en/search/284848684,https://opensooq-images.os-cdn.com/previews/2048x0/c4/9d/c49d737baee7c1a3ab7092e82a62bd31510a7824b373faf2f7e4ebba3e8a9804.jpg,Used,Toyota,Corolla,SE,2020,150000,Sedan,,Gasoline,,,,,American Specs,,,,,,Muscat,Al-Hail,Autos,Cars For Sale,,,,
Mercedes Benz A220,"6,000 OMR",https://om.opensooq.com/en/search/284812778,https://opensooq-images.os-cdn.com/previews/2048x0/ce/d3/ced3b62ea53e21cfec165ee0bcf52e9a19d73b4d64cd21c2d7cf34a46883700f.jpg,Used,Mercedes Benz,A-Class,A 220,2020,109000,Sedan,,Gasoline,,,,,American Specs,,,,,,Muscat,Amerat,Autos,Cars For Sale,,,,
للبيع  هوينداي فلستر  وكاله عمان,"2,500 OMR",https://om.opensooq.com/en/search/284848122,https://opensooq-images.os-cdn.com/previews/2048x0/80/df/80df71bfaa18ad31ded1b283f0b4705be96bd10990643b33e129d2dcbaed0bec.jpg,Used,Hyundai,Veloster,Turbo-R,2015,300000,HatchBack,,Gasoline,,,,,GCC Specs,,,,,,Al Batinah,Sohar,Autos,Cars For Sale,,,,
راف فور للبيع موديل 1998,950 OMR,https://om.opensooq.com/en/search/284847094,https://opensooq-images.os-cdn.com/previews/2048x0/ee/6e/ee6e515fcbe0d3701a249f2ade887b0d603b4a5815f02213612a253d2c302308.jpg,Used,Toyota,RAV 4,Sport,1998,3000,SUV,,Gasoline,,,,,American Specs,,,,,,Al Sharqiya,Jalan Bani buhassan,Autos,Cars For Sale,,,,
Lexus Lx570 black edition -KURO,"33,000 OMR",https://om.opensooq.com/en/search/284847746,https://opensooq-images.os-cdn.com/previews/2048x0/97/6c/976c5dbe84ff71c0503faf39e4c7164513a3c7335f09e0708f15d7c05cf57b6e.jpg,Used,Lexus,LX,LX 570,2020,74000,SUV,,Gasoline,,,,,GCC Specs,,,,,,Muscat,Ghubrah,Autos,Cars For Sale,,,,
ياريس 2017 للبيع,"2,200 OMR",https://om.opensooq.com/en/search/284767356,https://opensooq-images.os-cdn.com/previews/2048x0/dd/ce/ddce0cd257c3674d1c02d156a20908299351d266be1039680341bd018b32cc9e.jpg,Used,Toyota,Other,,2017,160000,HatchBack,,Gasoline,,,,,American Specs,,,,,,Muscat,Seeb,Autos,Cars For Sale,,,,
رينو كانجو 2010,500 OMR,https://om.opensooq.com/en/search/284847046,https://opensooq-images.os-cdn.com/previews/2048x0/dd/fa/ddfa025a7a753787d95b6ca92d68ad3fd8c0b098bc98f659cb2a3bac5083064b.jpg,Used,Renault,Other,,2010,1111,,,Gasoline,,,,,European Specs,,,,,,Al Batinah,Sohar,Autos,Cars For Sale,,,,
سييرا سنقل تيربو +650 حصان ديلي جاهزه ومجهزه,"7,000 OMR",https://om.opensooq.com/en/search/284847038,https://opensooq-images.os-cdn.com/previews/2048x0/29/83/2983777567978285aa7f44471241cbe746ec9c4811867a816a69a21cd66ca679.jpg,Used,GMC,Sierra,"1,500 SLT",2015,219000,PickUp,,Gasoline,,,,,GCC Specs,,,,,,Al Batinah,Sohar,Autos,Cars For Sale,,,,
تويوتا كامري 2019,"6,200 OMR",https://om.opensooq.com/en/search/284846410,https://opensooq-images.os-cdn.com/previews/2048x0/a7/92/a792ffb8af2870b161b057ed1b42223a17cdbe90a483b852bc406247cba4377d.jpg,New,Toyota,Camry,SE,2019,170,Sedan,,Gasoline,,,,,American Specs,,,,,,Muscat,Amerat,Autos,Cars For Sale,,,,
نيسان باترول 2014 LE Platinum مع Kiajum خليجي مرخصة ومبين حالتها الممتازة,"7,600 OMR",https://om.opensooq.com/en/search/284846468,https://opensooq-images.os-cdn.com/previews/2048x0/28/1c/281c471d677e8ac9e73ed12c6dd88a5c89f77bde9e9f09b1501016ee0f47e9fd.jpg,Used,Nissan,Patrol,LE Platinum,2014,200000,,,Gasoline,,,,,GCC Specs,,,,,,Buraimi,Al Buraimi,Autos,Cars For Sale,,,,
لكزس ES 330 موديل 2004 مرخصة بحالة ممتازة,"1,300 OMR",https://om.opensooq.com/en/search/284845074,https://opensooq-images.os-cdn.com/previews/2048x0/3e/46/3e46a876806ba835270cbafee731f0520313e8ca360a013434eaa69dfdbe74ed.jpg,Used,Lexus,ES,ES 350,2004,600000,Sedan,,Gasoline,,,,,American Specs,,,,,,Al Sharqiya,Ibra,Autos,Cars For Sale,,,,
تويوتا كامري1998,"1,150 OMR",https://om.opensooq.com/en/search/284846194,https://opensooq-images.os-cdn.com/previews/2048x0/8a/b9/8ab9fb36bac18b28397cf2ffd6bebcb68a7020b4ee549ffb849dfe8cb745a80c.jpg,Used,Toyota,Camry,LE,1998,247000,Sedan,,Gasoline,,,,,Japanese Specs,,,,,,Al Sharqiya,Dima and Al Taaiyin,Autos,Cars For Sale,,,,
انفنتي Q50 Red Sport 400 2016,"4,200 OMR",https://om.opensooq.com/en/search/284845876,https://opensooq-images.os-cdn.com/previews/2048x0/95/c8/95c89f87c9bd6bac39e7c924203d1acdfaae1617c9afb8c13a2cf5db8e0fc6e2.jpg,Used,Infiniti,Q50,Red Sport,2016,200000,Sedan,,Gasoline,,,,,American Specs,,,,,,Al Batinah,Suwaiq,Autos,Cars For Sale,,,,
Toyota Corolla 2019,"4,700 OMR",https://om.opensooq.com/en/search/284845856,https://opensooq-images.os-cdn.com/previews/2048x0/3a/31/3a31622770343dd20b0d277d0f5ded49541d33cf14c27937b6b098654862c69a.jpg,Used,Toyota,Corolla,XLI,2019,300000,Sedan,,Gasoline,,,,,GCC Specs,,,,,,Muscat,Hamriya,Autos,Cars For Sale,,,,
سزوكي جراند فيتارا 2007 كبسوله,"1,050 OMR",https://om.opensooq.com/en/search/284845530,https://opensooq-images.os-cdn.com/previews/2048x0/bc/df/bcdf2577f5be61fd976b41185bdd2f18e4a756ad950a417dc84c12d74deb01ee.jpg,Used,Suzuki,Grand Vitara,JLX,2007,300000,SUV,,Gasoline,,,,,Dealership,,,,,,Al Sharqiya,Al Qabil,Autos,Cars For Sale,,,,
لكزس GX460 خليجي أعلى مواصفات بلاتينيوم بدون حوادث ولاصبغ سيرفس وكاله المالك الاول شبه جديده شاشات,"16,900 OMR",https://om.opensooq.com/en/search/284845520,https://opensooq-images.os-cdn.com/previews/2048x0/97/10/97103fcc25a2ff729da48e3d633e497bab067adf52e8c03c3ebd3a2bd09e9dd0.jpg,Used,Lexus,GX,GX 460 Luxury,2020,104000,SUV,,Gasoline,,,,,GCC Specs,,,,,,Al Batinah,Barka,Autos,Cars For Sale,,,,
هيونداي سنتافي موديل 2016 بحالة ممتازه للبيع,"3,900 OMR",https://om.opensooq.com/en/search/284845488,https://opensooq-images.os-cdn.com/previews/2048x0/54/f9/54f9286adf35086060a6122a75186172b8c36bbe31ad5d1dcfa01db0d0260b05.jpg,Used,Hyundai,Santa Fe,Standard,2016,260000,SUV,,Gasoline,,,,,GCC Specs,,,,,,Muscat,Amerat,Autos,Cars For Sale,,,,
هيونداي سوناتا 2020,"3,300 OMR",https://om.opensooq.com/en/search/284844964,https://opensooq-images.os-cdn.com/previews/2048x0/64/2f/642f73d0676b2d53a2a776f2e8e8ff81f9b5043ec4910d347e9e1213c8999b95.jpg,Used,Hyundai,Sonata,SE,2020,115000,Sedan,,Gasoline,,,,,American Specs,,,,,,Muscat,Seeb,Autos,Cars For Sale,,,,
جينيسيس G80 2018 مستعملة مرخصة بحالة ممتازة مع مواصفات أمريكية,"6,500 OMR",https://om.opensooq.com/en/search/284844312,https://opensooq-images.os-cdn.com/previews/2048x0/4c/db/4cdbd09d2f8230b6a9f9e8fc8332b2cf393d66dd4b98c8628ccb3a6cc0225d6e.jpg,Used,Genesis,G80,,2018,135000,Sedan,,Gasoline,,,,,American Specs,,,,,,Al Dakhiliya,Nizwa,Autos,Cars For Sale,,,,
هوندا اكورد 2017,"3,400 OMR",https://om.opensooq.com/en/search/284843974,https://opensooq-images.os-cdn.com/previews/2048x0/a2/4f/a24fc2bada029bcd6327e4e5763eb27fd711a986430e8494f20d20b83f30209b.jpg,Used,Honda,Accord,Sport,2017,127000,Sedan,,Gasoline,,,,,American Specs,,,,,,Muscat,Al Maabilah,Autos,Cars For Sale,,,,
دودج رام 2018,"5,500 OMR",https://om.opensooq.com/en/search/284844404,https://opensooq-images.os-cdn.com/previews/2048x0/24/a1/24a19d674e29e7967be6f70bac7888c3951933a922e21ea1e5c30a307725c4e6.jpg,Used,Dodge,Ram,Classic,2018,195000,PickUp,,Gasoline,,,,,American Specs,,,,,,Muscat,Amerat,Autos,Cars For Sale,,,,
Leopard 7 ultra  2025,"16,000 OMR",https://om.opensooq.com/en/search/284508990,https://opensooq-images.os-cdn.com/previews/2048x0/13/b7/13b70aac304bb4f069477fe9b2fc15f3ef8d98dc9c458f20dec51b0e5239e47b.jpg,New,BYD,Leopard 7,,2025,3,SUV,,Plug-in - Hybrid,,,,,Chinese Specs,,,,,,Al Batinah,Sohar,Autos,Cars For Sale,,,,
تويوتا كامري هايبرد LE موديل 2022,"4,450 OMR",https://om.opensooq.com/en/search/284844154,https://opensooq-images.os-cdn.com/previews/2048x0/4b/70/4b70ea33e2d32fa2f1a3667428723170c748249b12e8061345d2357192b54d63.jpg,Used,Toyota,Camry,LE,2022,121000,Sedan,,Hybrid,,,,,GCC Specs,,,,,,Al Batinah,Saham,Autos,Cars For Sale,,,,
hundai elantra model 2017 2.0cc excellent condition family used car location al hail south,"2,250 OMR",https://om.opensooq.com/en/search/284844270,https://opensooq-images.os-cdn.com/previews/2048x0/83/22/8322fb1954a955a57fd032d185b12d802c3e74fc56296543093e0cd10a0ce98c.jpg,Used,Hyundai,Elantra,Limited,2017,219000,Sedan,,Gasoline,,,,,American Specs,,,,,,Muscat,Al-Hail,Autos,Cars For Sale,,,,
للبيع افلون,"3,500 OMR",https://om.opensooq.com/en/search/284842662,https://opensooq-images.os-cdn.com/previews/2048x0/63/37/63378f9c98116e297fd974a776b3a612ac079ec3e874f401daf28b9bd9c70952.jpg,Used,Toyota,Avalon,XLS,2013,3005,SUV,,Gasoline,,,,,Dealership,,,,,,Al Batinah,Barka,Autos,Cars For Sale,,,,
Mazda 3 2011,"1,100 OMR",https://om.opensooq.com/en/search/284840258,https://opensooq-images.os-cdn.com/previews/2048x0/9f/d8/9fd8aae4f8f4490155b905b52584ea1b174d4703d270b7fe0700e7b53d376147.jpg,Used,Mazda,3,Standard,2011,500000,Sedan,,Gasoline,,,,,GCC Specs,,,,,,Muscat,Qurm,Autos,Cars For Sale,,,,
تويوتا كامري للبيع 2000,"1,300 OMR",https://om.opensooq.com/en/search/284842796,https://opensooq-images.os-cdn.com/previews/2048x0/d4/18/d418a001c36417e7640bf16b2e81c151613bac63e25fa869547981b888013b42.jpg,Used,Toyota,Camry,Core,2000,3333,Sedan,,Gasoline,,,,,Other Specs,,,,,,Muscat,Qurm,Autos,Cars For Sale,,,,
لكزس ES 350 Luxury موديل 2019,"9,500 OMR",https://om.opensooq.com/en/search/284842776,https://opensooq-images.os-cdn.com/previews/2048x0/47/a9/47a9f13f60f1dc0ea3bcc22f45590b5ff5fb8e9db5be54ada45ab83a66b0497d.jpg,Used,Lexus,ES,ES 350 Luxury,2019,96000,Sedan,,Gasoline,,,,,American Specs,,,,,,Muscat,Al Maabilah,Autos,Cars For Sale,,,,
فيتارا اقتصادية  4سلندر  اطارات جدد تامين شامل  صبغة وكالة,"2,250 OMR",https://om.opensooq.com/en/search/284842674,https://opensooq-images.os-cdn.com/previews/2048x0/70/00/7000570dada648b89f0d65b98808d5ee0656922d3419a96e844d42560b6cae50.jpg,Used,Suzuki,Vitara,GLX,2018,200000,SUV,,Gasoline,,,,,GCC Specs,,,,,,Muscat,Quriyat,Autos,Cars For Sale,,,,
كرولا 1992,650 OMR,https://om.opensooq.com/en/search/284842272,https://opensooq-images.os-cdn.com/previews/2048x0/55/ea/55eab5b5362dc7871b2c1df50ff66b00a626c7cc443adc417a69f313c80cc9b9.jpg,Used,Toyota,Corolla,Limited,1992,300000,Sedan,,Gasoline,,,,,GCC Specs,,,,,,Buraimi,Al Buraimi,Autos,Cars For Sale,,,,
نيسان بيكب 2003,"1,450 OMR",https://om.opensooq.com/en/search/284840818,https://opensooq-images.os-cdn.com/previews/2048x0/d4/dd/d4ddcd2c115de9e2551484119ff2d474e7e4187ca0b4971201088b6185c6225b.jpg,Used,Nissan,Other,,2003,400000,PickUp,,Gasoline,,,,,Other Specs,,,,,,Al Dhahirah,Ibri,Autos,Cars For Sale,,,,
للبيع نيسان بلاتنيوم موديل 2012 رقم 1جلد بيج وفتحة سقف وغيره من الميزات موقع تواجد السيارة-صلاله,"4,300 OMR",https://om.opensooq.com/en/search/284841834,https://opensooq-images.os-cdn.com/previews/2048x0/5a/b4/5ab455ec6f2f3616113df164960cc56d67dab05cb935086633c35f5011e211a2.jpg,Used,Nissan,Patrol,LE Platinum,2012,150000,HatchBack,,Gasoline,,,,,GCC Specs,,,,,,Dhofar,Salala,Autos,Cars For Sale,,,,
للبيع نيسان مكسيما SV فول ابشن  بنوراما خليجي نظيف جداا سرفس وكاله  الحشار,"6,200 OMR",https://om.opensooq.com/en/search/284841790,https://opensooq-images.os-cdn.com/previews/2048x0/b0/c2/b0c2ee5363b5503a2b6cf9e2d1d4010681212cf413d3d7acdd6d3e887aaf9809.jpg,Used,Nissan,Maxima,SV,2020,119000,Sedan,,Gasoline,,,,,GCC Specs,,,,,,Muscat,Azaiba,Autos,Cars For Sale,,,,
للبيع تويوتا كامري خليجي 6 سلندر ابيض اللؤلؤي داخل بيج نظيف جداا,"7,300 OMR",https://om.opensooq.com/en/search/284841086,https://opensooq-images.os-cdn.com/previews/2048x0/48/de/48dedadacc38f59af0f9f1679b936792f7ad518a27d53c2a1d36d26ee65a4fd5.jpg,Used,Toyota,Camry,GL,2019,116666,Sedan,,Gasoline,,,,,GCC Specs,,,,,,Muscat,Azaiba,Autos,Cars For Sale,,,,
للبيع جيب ربيكون وكاله عمان المالك اول بسرفس الوكاله شبه جديد,"12,700 OMR",https://om.opensooq.com/en/search/284840990,https://opensooq-images.os-cdn.com/previews/2048x0/ab/cf/abcf8034cae7e4c0e6a7d60b28f868a115981327654e4e3ce4aff9ddd64abbc3.jpg,Used,Jeep,Wrangler,Rubicon,2020,157000,SUV,,Gasoline,,,,,GCC Specs,,,,,,Muscat,Azaiba,Autos,Cars For Sale,,,,
لكزس es350,"3,550 OMR",https://om.opensooq.com/en/search/284840862,https://opensooq-images.os-cdn.com/previews/2048x0/55/1c/551c7f97afc0206f7a8ada348416d06df6e2e3c1430aca1cb4671a16f29d4088.jpg,Used,Lexus,ES,ES 300,2013,300000,Sedan,,Gasoline,,,,,Japanese Specs,,,,,,Al Batinah,Barka,Autos,Cars For Sale,,,,
هوندا بايلوت 2011 نظيف,"1,750 OMR",https://om.opensooq.com/en/search/284840468,https://opensooq-images.os-cdn.com/previews/2048x0/2f/95/2f95e53ce9f98c4e702bf671500d1e64c3ce7567d13409f595f172e1916674a4.jpg,Used,Honda,Pilot,EX,2011,245000,SUV,,Gasoline,,,,,GCC Specs,,,,,,Dhofar,Salala,Autos,Cars For Sale,,,,
kia sportage Model 2013,"1,950 OMR",https://om.opensooq.com/en/search/284840426,https://opensooq-images.os-cdn.com/previews/2048x0/b7/07/b70720ba662250beb20fa964970d2e7e256b101b60626f7b51db71c96a117799.jpg,Used,Kia,Sportage,Sportage X-Pro Prestige,2013,190000,SUV,,Gasoline,,,,,Korean Specs,,,,,,Al Batinah,Barka,Autos,Cars For Sale,,,,
Hyundai Tucson 2016 for sale,"3,000 OMR",https://om.opensooq.com/en/search/283933218,https://opensooq-images.os-cdn.com/previews/2048x0/b6/48/b6489e2c0c6bc4639a3eb1a82ca5553382d08ffad3548a549653ac7bd7a33b46.jpg,Used,Hyundai,Tucson,SE,2016,197000,SUV,,Gasoline,,,,,GCC Specs,,,,,,Muscat,Al Maabilah,Autos,Cars For Sale,,,,
برادو أعلى مواصفات VXR V6 بدون حوادث ولاصبغ نهائيا ممشى قليل جدا تكيف مقاعد مفتاحين الوكاله اطارات,"15,900 OMR",https://om.opensooq.com/en/search/284840308,https://opensooq-images.os-cdn.com/previews/2048x0/e2/48/e248d320d0c10c06794749ca4b04a723da7242e9de5ba97ad38f1d61b924ccc1.jpg,Used,Toyota,Prado,VXR,2020,98000,SUV,,Gasoline,,,,,GCC Specs,,,,,,Al Batinah,Barka,Autos,Cars For Sale,,,,
مرسدس للبيع C300,"6,300 OMR",https://om.opensooq.com/en/search/284839858,https://opensooq-images.os-cdn.com/previews/2048x0/da/79/da79d3e24ce483613852c2362a6df25e5b35a5d1454def6bf9d84b8b606769c5.jpg,Used,Mercedes Benz,C-Class,C 300,2018,150000,Sedan,,Gasoline,,,,,American Specs,,,,,,Al Dakhiliya,Sumail,Autos,Cars For Sale,,,,
التيما SL موديل 2019 فل ابشن.. اقرأ الوصف,"3,300 OMR",https://om.opensooq.com/en/search/284840174,https://opensooq-images.os-cdn.com/previews/2048x0/3d/f1/3df19801c0f02c2a63e8b25d979deb2eaf3a81bd523307b72bab2644d84f0566.jpg,Used,Nissan,Altima,SL,2019,220000,Sedan,,Gasoline,,,,,American Specs,,,,,,Al Batinah,Barka,Autos,Cars For Sale,,,,
تويوتا كامري خليجي وكالة عمان GL 2005 للبيع,"1,400 OMR",https://om.opensooq.com/en/search/284840142,https://opensooq-images.os-cdn.com/previews/2048x0/c0/a9/c0a9462a06c0da188c13df9480dd9908b00209a158d8a5a5f11aa1e1619e6cb4.jpg,Used,Toyota,Camry,GL,2005,500000,Sedan,,Gasoline,,,,,GCC Specs,,,,,,Muscat,Seeb,Autos,Cars For Sale,,,,
البيع او بدل تكسي التيما 2017,"3,100 OMR",https://om.opensooq.com/en/search/284839832,https://opensooq-images.os-cdn.com/previews/2048x0/9a/5d/9a5dd7e2a506c2efdb6c9ff5cfade7a44d0af9aec765dd4539363a6995236c6e.jpg,Used,Nissan,Altima,SV,2017,2000,Sedan,,Gasoline,,,,,Japanese Specs,,,,,,Al Batinah,Sohar,Autos,Cars For Sale,,,,
Volkswagen Golf R,"8,000 OMR",https://om.opensooq.com/en/search/284839514,https://opensooq-images.os-cdn.com/previews/2048x0/39/5c/395c7b4ecbb5c81f02e3aa12a7ba5cc7034ca190967a7673822d3846209c084f.jpg,Used,Volkswagen,Golf R,Golf R,2018,142000,HatchBack,,Gasoline,,,,,GCC Specs,,,,,,Muscat,Muttrah,Autos,Cars For Sale,,,,
جمس دينالي جاهز للاستخدام2007,"2,500 OMR",https://om.opensooq.com/en/search/284839288,https://opensooq-images.os-cdn.com/previews/2048x0/b4/e0/b4e01321c55847b048b122559a51e7dec94c4791ab8601fbb8a5439b981c00b7.jpg,Used,GMC,Yukon,Denali,2007,400000,SUV,,Gasoline,,,,,American Specs,,,,,,Al Batinah,Sohar,Autos,Cars For Sale,,,,
Nissan micra clean car 2012 for sale,"1,200 OMR",https://om.opensooq.com/en/search/284839154,https://opensooq-images.os-cdn.com/previews/2048x0/28/38/2838bc4a488b5612d289d82a0b3f7c791debcd97e2ffb840c13d39a95676b73c.jpg,Used,Nissan,Micra,Standard,2012,250000,Sedan,,Gasoline,,,,,Other Specs,,,,,,Muscat,Misfah,Autos,Cars For Sale,,,,
تويوتا كامري 2017 رمادي فحص كامل مع مواصفات أمريكية وسيدان释صالون مميز,"3,600 OMR",https://om.opensooq.com/en/search/283594818,https://opensooq-images.os-cdn.com/previews/2048x0/23/2a/232a990db06b11d916017a2805e3b1733b0ddbf9bffda45b50c2ffa0614043c2.jpg,Used,Toyota,Camry,SE,2017,380000,Sedan,,Gasoline,,,,,American Specs,,,,,,Al Batinah,Shinas,Autos,Cars For Sale,,,,
النترا 2013 للبيع فقط,"1,350 OMR",https://om.opensooq.com/en/search/284839294,https://opensooq-images.os-cdn.com/previews/2048x0/7e/6a/7e6a313108276e220e98db475c274789e5d8da6b050e445701f80d72f67ecbb5.png,Used,Hyundai,Elantra,SE,2013,170000,Sedan,,Gasoline,,,,,American Specs,,,,,,Al Dakhiliya,Nizwa,Autos,Cars For Sale,,,,
لكزس GS 300 موديل 2006 كوبية أبيض مستعملة بحالة ممتازة مع كامل المواصفات الأمريكية,"1,200 OMR",https://om.opensooq.com/en/search/284835094,https://opensooq-images.os-cdn.com/previews/2048x0/bc/cd/bccd9897322c9d231208641b588892a9cc0d8869b69e0354aa878d15206e9036.jpg,Used,Lexus,GS,GS 300,2006,274626,Coupe,,Gasoline,,,,,American Specs,,,,,,Al Sharqiya,Sur,Autos,Cars For Sale,,,,
كورلا في قمة نظافه.,"2,300 OMR",https://om.opensooq.com/en/search/284839260,https://opensooq-images.os-cdn.com/previews/2048x0/a5/97/a597d531aaa51fa5673d19fc96d8a1cda6c1bcce1de59a6ebb75f50dc6374642.jpg,Used,Toyota,Corolla,Cross,2014,200000,Sedan,,Gasoline,,,,,American Specs,,,,,,Al Sharqiya,Sur,Autos,Cars For Sale,,,,
Kia Optima 2012,"1,400 OMR",https://om.opensooq.com/en/search/284839142,https://opensooq-images.os-cdn.com/previews/2048x0/a4/2a/a42a83e8739b238cbc44a843f6f2b489113763f6a502e1503c03b821a45100c7.jpg,Used,Kia,Optima,LX,2012,238000,Sedan,,Gasoline,,,,,GCC Specs,,,,,,Muscat,Ruwi,Autos,Cars For Sale,,,,
ميني كوبر S -  2019 توين توربو فل أوبشن,"4,700 OMR",https://om.opensooq.com/en/search/284838174,https://opensooq-images.os-cdn.com/previews/2048x0/37/b3/37b3511c813ca4fa54da5015ef1845cba1bd534f14db52363683384eaa40f4b2.jpg,Used,MINI,Other,,2019,80000,Sedan,,Gasoline,,,,,American Specs,,,,,,Muscat,Al Khuwair,Autos,Cars For Sale,,,,
التيما موديل 2008,"1,000 OMR",https://om.opensooq.com/en/search/284838640,https://opensooq-images.os-cdn.com/previews/2048x0/e8/63/e8634ddf6d88dc3819914208cff1478079508c2b27cac5d42d155f07977ba85a.jpg,Used,Nissan,Altima,S,2008,240000,Sedan,,Gasoline,,,,,Other Specs,,,,,,Muscat,Amerat,Autos,Cars For Sale,,,,
فورد F150 خليجي 2014,"4,200 OMR",https://om.opensooq.com/en/search/284838600,https://opensooq-images.os-cdn.com/previews/2048x0/b6/a8/b6a88557985ede2bccc414b718de0067515c042b8e226d412c17f6b713ef597e.jpg,Used,Ford,F-150,XLT,2014,290000,PickUp,,Gasoline,,,,,GCC Specs,,,,,,Muscat,Qurm,Autos,Cars For Sale,,,,
للبيع سوزوكي جيمني 2019,"4,800 OMR",https://om.opensooq.com/en/search/284838652,https://opensooq-images.os-cdn.com/previews/2048x0/60/89/6089148b152441ede3a4c583488b6a5d64d2a3b2a9e646a89a4d3022126cf03f.jpg,Used,Suzuki,Jimny,Standard,2019,122000,SUV,,Gasoline,,,,,GCC Specs,,,,,,Muscat,Azaiba,Autos,Cars For Sale,,,,
دودج تشارجر استخدام شخصي للبيع,"4,200 OMR",https://om.opensooq.com/en/search/284838480,https://opensooq-images.os-cdn.com/previews/2048x0/0a/a4/0aa44342cdcf0e36a994fa024fedefa79c2e30e491d64d6f76ae16bb47302282.jpg,Used,Dodge,Charger,SXT,2017,208000,Sedan,,Gasoline,,,,,Other Specs,,,,,,Muscat,Al Khoud,Autos,Cars For Sale,,,,
2009 Toyota Prado V6,"4,500 OMR",https://om.opensooq.com/en/search/284837930,https://opensooq-images.os-cdn.com/previews/2048x0/c2/4e/c24e3729ed1c18f44c3cf02af444909ec74a9e7466002333e86fbd5338f85b74.jpg,Used,Toyota,Prado,VX,2009,316000,SUV,,Gasoline,,,,,GCC Specs,,,,,,Muscat,Azaiba,Autos,Cars For Sale,,,,
Cash On Sale,750 OMR,https://om.opensooq.com/en/search/284838478,https://opensooq-images.os-cdn.com/previews/2048x0/ba/b9/bab93723ee33f8aea42d3344f88bb9203de53a0aa4a558c6b5637b6414f0de6d.heic,Used,Daihatsu,Sirion,,2008,5000,Sedan,,Gasoline,,,,,Japanese Specs,,,,,,Muscat,Quriyat,Autos,Cars For Sale,,,,
نيسان أكستيرا 2015 للبيع,"4,500 OMR",https://om.opensooq.com/en/search/284838196,https://opensooq-images.os-cdn.com/previews/2048x0/94/9b/949b9560577326631bef9242eb91c041c5c6a2e2d60b283ae170745849918f1b.jpg,Used,Nissan,X-Terra,SE,2014,364000,SUV,,Gasoline,,,,,American Specs,,,,,,Al Dakhiliya,Nizwa,Autos,Cars For Sale,,,,
Hyundai accent 2011 model,"1,250 OMR",https://om.opensooq.com/en/search/284838310,https://opensooq-images.os-cdn.com/previews/2048x0/bd/06/bd062d20159cf685727b316e161d0b896254a9428bfe8ba8d6b110956f2914e1.jpg,Used,Hyundai,Accent,GL,2011,282780,Sedan,,Hybrid,,,,,Other Specs,,,,,,Muscat,Seeb,Autos,Cars For Sale,,,,
التيما للبيع او للبدل بسياره أوسع ا 6 سلندر,"2,000 OMR",https://om.opensooq.com/en/search/284837830,https://opensooq-images.os-cdn.com/previews/2048x0/78/7d/787d47c8fb44aaad1a42b947f2ae3d1b0116f46944fa5fb80177c513368c98af.jpg,Used,Nissan,Altima,SL,2016,300000,SUV,,Gasoline,,,,,American Specs,,,,,,Al Dakhiliya,Nizwa,Autos,Cars For Sale,,,,
مرسيدس A250 للبيع فقط,"2,400 OMR",https://om.opensooq.com/en/search/284838210,https://opensooq-images.os-cdn.com/previews/2048x0/b0/c0/b0c0a4342f5e74e1ff28101e13ebacc968c7ba2b093fb45ffd15894a6182ddea.jpg,Used,Mercedes Benz,A-Class,A 250,2014,180000,HatchBack,,Gasoline,,,,,GCC Specs,,,,,,Muscat,Amerat,Autos,Cars For Sale,,,,
Toyota Tacoma TRD Sport 2018,"6,500 OMR",https://om.opensooq.com/en/search/284838102,https://opensooq-images.os-cdn.com/previews/2048x0/fb/37/fb37c533a80372ddf505aa3ad7df5f7881956421f3b5c8e8ded92eea0d5424b6.jpg,Used,Toyota,Tacoma,TRD Sport,2018,160000,PickUp,,Gasoline,,,,,American Specs,,,,,,Al Dakhiliya,Sumail,Autos,Cars For Sale,,,,
مازدا cx9 2013 خليجي المالك الاول كل شي سليم ماعدا القير بسببه السياره واقفه لاتتحرك,900 OMR,https://om.opensooq.com/en/search/284837232,https://opensooq-images.os-cdn.com/previews/2048x0/eb/3e/eb3efe75a9418d8eedb0aa640411d82dc66ff07e3b05adca0dd607306c9a99cb.jpg,Used,Mazda,CX-9,Standard,2014,270000,SUV,,Gasoline,,,,,GCC Specs,,,,,,Dhofar,Salala,Autos,Cars For Sale,,,,
هيونداي أكسنت رقم1 خليجي وكالة عمان موديل 2024,"4,900 OMR",https://om.opensooq.com/en/search/284837812,https://opensooq-images.os-cdn.com/previews/2048x0/f4/1d/f41d3eb1e296a8e3cd5b8c890723b5637ee9bd849ee1b1f87ca985b424bb7bf8.jpg,Used,Hyundai,Accent,GL,2024,60000,Sedan,,Gasoline,,,,,GCC Specs,,,,,,Muscat,Al Maabilah,Autos,Cars For Sale,,,,
subaru legacy 2014model good condition for sale,950 OMR,https://om.opensooq.com/en/search/284837994,https://opensooq-images.os-cdn.com/previews/2048x0/df/04/df0429db75010f67c23a9b1522c4b2171f00652d622d24ce5e86e4a609161345.jpg,Used,Subaru,Legacy,Base,2014,350000,Sedan,,Gasoline,,,,,GCC Specs,,,,,,Al Dakhiliya,Nizwa,Autos,Cars For Sale,,,,
للبيع Fiat 500 موديل 2016,"1,700 OMR",https://om.opensooq.com/en/search/284816712,https://opensooq-images.os-cdn.com/previews/2048x0/4e/b5/4eb5dfa154b27eabc5283d793fccf4639d210866427c3354b39324f4d94a3aed.jpg,Used,Fiat,500,500c,2016,190000,HatchBack,,Gasoline,,,,,Dealership,,,,,,Al Dakhiliya,Sumail,Autos,Cars For Sale,,,,
للبيع هواندي النترا 2018,"3,300 OMR",https://om.opensooq.com/en/search/284837970,https://opensooq-images.os-cdn.com/previews/2048x0/8e/c5/8ec5ab5eb89515cb472adbe0ae0f660d77be6daa73ada90717cb1c3c1bddbe06.jpg,Used,Hyundai,Elantra,GLS,2018,108000,Sedan,,Gasoline,,,,,GCC Specs,,,,,,Muscat,Al Mawaleh,Autos,Cars For Sale,,,,
لكزس LS 430 موديل 2004 - فئة LS كاملة بحالة ممتازة مرخصة وبتقنيات حديثة,"2,000 OMR",https://om.opensooq.com/en/search/284807382,https://opensooq-images.os-cdn.com/previews/2048x0/4a/5b/4a5b8a57d48d635a34b8a4ea4dffdb21104c8fb97e18159a160eb48414ff624d.jpg,Used,Lexus,LS,LS 430,2004,406000,Sedan,,Gasoline,,,,,American Specs,,,,,,Dhofar,Salala,Autos,Cars For Sale,,,,
رانجر سبرت,"13,500 OMR",https://om.opensooq.com/en/search/284694308,https://opensooq-images.os-cdn.com/previews/2048x0/d7/b3/d7b369352adcc6f66b88696d42d3de5b8041477ba3fd4f0ab6b2a7a17e1ca61c.jpg,New,Jeep,Wrangler,Sport,2024,500,SUV,,Gasoline,,,,,GCC Specs,,,,,,Muscat,Ghubrah,Autos,Cars For Sale,,,,
بيكب 2008 قمة نظافه صبغت وكاله,"4,300 OMR",https://om.opensooq.com/en/search/284780772,https://opensooq-images.os-cdn.com/previews/2048x0/65/72/65724b61275813d12235782a2ee4d6ea51df2da17422f1f33defe4e97e4ae06d.jpg,Used,Toyota,Hilux,DLX,2008,2000,PickUp,,Gasoline,,,,,GCC Specs,,,,,,Al Batinah,Al Masnaah,Autos,Cars For Sale,,,,
للبيع هيونداي النترا,"3,200 OMR",https://om.opensooq.com/en/search/284837576,https://opensooq-images.os-cdn.com/previews/2048x0/fe/17/fe175a9221936d5adce26ff90d5a0ade08ad5d30353026fabbe03c1d89e14a5b.jpg,Used,Hyundai,Elantra,GL,2017,275000,Sedan,,Gasoline,,,,,GCC Specs,,,,,,Al Batinah,Sohar,Autos,Cars For Sale,,,,
للبيع او تكملة اقساط التيما موديل 2015مع دفع مقدم 500,500 OMR,https://om.opensooq.com/en/search/284836860,https://opensooq-images.os-cdn.com/previews/2048x0/32/f9/32f9946224aa2961eb580cd14b303c0d616dcf1ff0dee5d6fb383bb4fa9ba1c0.jpg,Used,Nissan,Altima,SL,2015,4000,Sedan,,Gasoline,,,,,American Specs,,,,,,Al Dhahirah,Ibri,Autos,Cars For Sale,,,,
تويوتا كامري 2018  SE بحالة الوكالة,"4,350 OMR",https://om.opensooq.com/en/search/284837464,https://opensooq-images.os-cdn.com/previews/2048x0/22/4d/224da3d5e22128adf112f585451fc1eae86e1d623d4e679193300d6aea6bc7d3.jpg,Used,Toyota,Camry,SE,2018,175000,Sedan,,Gasoline,,,,,Japanese Specs,,,,,,Muscat,Al Mawaleh,Autos,Cars For Sale,,,,
"Chrysler Sebring 2007 – Clean, Well Maintained, Cold AC – Ready to Drive",600 OMR,https://om.opensooq.com/en/search/284837252,https://opensooq-images.os-cdn.com/previews/2048x0/36/e1/36e1a52816f64df6a1e271caab4ea01da6b982d0ae6dcfe5b183f7fcd0c61f64.jpg,Used,Chrysler,Sebring,Standard,2007,260000,Sedan,,Gasoline,,,,,GCC Specs,,,,,,Muscat,Al Maabilah,Autos,Cars For Sale,,,,
لكسز 2006 للبيع او البدل بما يناسب,"1,400 OMR",https://om.opensooq.com/en/search/284836988,https://opensooq-images.os-cdn.com/previews/2048x0/43/29/43294059434b022041bc2fd666c1fe3acdbb8b26696c1a7243f463346ff117a1.jpg,Used,Lexus,ES,ES 300,2006,400000,Sedan,,Gasoline,,,,,American Specs,,,,,,Al Sharqiya,Al Mudaibi,Autos,Cars For Sale,,,,
للبيع لكزس 2018,"11,800 OMR",https://om.opensooq.com/en/search/284837442,https://opensooq-images.os-cdn.com/previews/2048x0/6b/82/6b8219d4bb916e2d8d22afc43756205eba2daa1ee1e464b04cacfc074b63b64f.jpg,Used,Lexus,LS,LS 500,2018,140000,Sedan,,Gasoline,,,,,American Specs,,,,,,Al Dakhiliya,Bahla,Autos,Cars For Sale,,,,
جيب كومباس 2015,"1,300 OMR",https://om.opensooq.com/en/search/284836930,https://opensooq-images.os-cdn.com/previews/2048x0/4a/14/4a140dbfd5c96e3488b0fcd20ffa7bcd87af45236190a21af2d5251b9c785bfb.jpg,Used,Jeep,Compass,Latitude,2015,250000,SUV,,Gasoline,,,,,American Specs,,,,,,Al Batinah,Sohar,Autos,Cars For Sale,,,,
santa fe 2014 for sale,"2,300 OMR",https://om.opensooq.com/en/search/284836980,https://opensooq-images.os-cdn.com/previews/2048x0/39/b4/39b4e0a3a12a7053831b06d0ba19f18532e65de98792a04632248698e697df41.jpg,Used,Hyundai,Santa Fe,Limited,2014,240000,SUV,,Gasoline,,,,,GCC Specs,,,,,,Muscat,Muscat Hills,Autos,Cars For Sale,,,,
للبيع جيب رانجلر خليجي 2016,"5,500 OMR",https://om.opensooq.com/en/search/284836372,https://opensooq-images.os-cdn.com/previews/2048x0/48/e0/48e0dd82bbe325a3a2b290abd77848eebe510af1bec315c9e06151ace60c9882.jpg,Used,Jeep,Wrangler,Sport,2016,190000,SUV,,Gasoline,,,,,GCC Specs,,,,,,Muscat,Al Khuwair,Autos,Cars For Sale,,,,
للبيع او تكملة اقساط,500 OMR,https://om.opensooq.com/en/search/284836154,https://opensooq-images.os-cdn.com/previews/2048x0/32/f9/32f9946224aa2961eb580cd14b303c0d616dcf1ff0dee5d6fb383bb4fa9ba1c0.jpg,Used,Nissan,Altima,SL,2015,4000,Sedan,,Gasoline,,,,,American Specs,,,,,,Al Dhahirah,Ibri,Autos,Cars For Sale,,,,
Hyundai Sonata 2016 model American,"1,450 OMR",https://om.opensooq.com/en/search/284836264,https://opensooq-images.os-cdn.com/previews/2048x0/ac/52/ac52e1fc317a7807015a0cecf5563a8fb6f73b17b0b47972f8240478d3a5d143.jpg,Used,Hyundai,Sonata,SE,2016,250000,Sedan,,Gasoline,,,,,American Specs,,,,,,Muscat,Ruwi,Autos,Cars For Sale,,,,
نيسان ارمادا 2006,900 OMR,https://om.opensooq.com/en/search/284836176,https://opensooq-images.os-cdn.com/previews/2048x0/5b/d7/5bd7d79a4a45c481ccf0a269c4f7f8d5b373f332d7dfe71ced88c6607d98eb54.jpg,Used,Nissan,Armada,SL,2006,10000,SUV,,Gasoline,,,,,Other Specs,,,,,,Al Batinah,Saham,Autos,Cars For Sale,,,,
كيا اوبتيما 2019 بانوراما أمريكي  بحالة جيدة,"2,650 OMR",https://om.opensooq.com/en/search/284836194,https://opensooq-images.os-cdn.com/previews/2048x0/e4/d2/e4d299126c3dd1917dd827bf3b0c913ab8b74a24b5f68d2f542b38de5611a42b.jpg,Used,Kia,Optima,EX,2019,110000,Sedan,,Gasoline,,,,,American Specs,,,,,,Muscat,Seeb,Autos,Cars For Sale,,,,
تويوتا كورولا موديل 2021,"3,800 OMR",https://om.opensooq.com/en/search/284836034,https://opensooq-images.os-cdn.com/previews/2048x0/2e/e5/2ee50d54c2418ede78320b83a57e7db4d517d2b9a7ccc9ab31598aa72d2febdf.png,Used,Toyota,Corolla,LE,2021,173232,Sedan,,Gasoline,,,,,American Specs,,,,,,Al Sharqiya,Sur,Autos,Cars For Sale,,,,
مكسيما مديل 99 قير عادي اصل للبدل بكرولا او للبيع ب850 و قابل,850 OMR,https://om.opensooq.com/en/search/284835560,https://opensooq-images.os-cdn.com/previews/2048x0/17/48/17483aa5ae1e704a4dce49cc3da6d36782b42b9784b83d6fa4fd75d96150e04f.jpg,Used,Nissan,Maxima,Standard,1999,600000,Sedan,,Gasoline,,,,,GCC Specs,,,,,,Musandam,Dibba,Autos,Cars For Sale,,,,
مستوبيشي اوتلاندر 2024,"10,000 OMR",https://om.opensooq.com/en/search/284835276,https://opensooq-images.os-cdn.com/previews/2048x0/4c/32/4c32a85f74506acb8618c53060bc065ee4c00d3c4f17aeea9e48a97b803adcb6.jpg,Used,Mitsubishi,Outlander,Standard,2024,76000,HatchBack,,Gasoline,,,,,GCC Specs,,,,,,Al Sharqiya,Al Mudaibi,Autos,Cars For Sale,,,,
البيع كامري أربع سلندر 2013,"1,550 OMR",https://om.opensooq.com/en/search/284835326,https://opensooq-images.os-cdn.com/previews/2048x0/da/22/da22425c5f5f0f957f07777604488251de9e5f6c66788587c0d77c816e5b3fe9.jpg,Used,Toyota,Camry,SE,2013,19000,Sedan,,Gasoline,,,,,Japanese Specs,,,,,,Al Batinah,Sohar,Autos,Cars For Sale,,,,
Hyundai Elentra 2017,"2,300 OMR",https://om.opensooq.com/en/search/284835016,https://opensooq-images.os-cdn.com/previews/2048x0/3c/8f/3c8f6c1fb799189a269f6849ab4d9d59483d91ca427904c4175284507e3fe4f2.jpg,Used,Hyundai,Elantra,GLS,2017,200000,Sedan,,Gasoline,,,,,American Specs,,,,,,Al Dakhiliya,Nizwa,Autos,Cars For Sale,,,,
ليبرد 7 التررا فل ابشن رقم 1 الجديد كليآ موديل 2026,"16,900 OMR",https://om.opensooq.com/en/search/284835292,https://opensooq-images.os-cdn.com/previews/2048x0/f4/13/f4138e855112afc86412c0f5a6abf3bc597c16dc2d67f1cc3c637abcc12bd595.jpg,New,BYD,Leopard 7,,2026,0,SUV,,Hybrid,,,,,Chinese Specs,,,,,,Muscat,Al Maabilah,Autos,Cars For Sale,,,,
جيب رانجلر صحارا خليجي,"7,900 OMR",https://om.opensooq.com/en/search/284834486,https://opensooq-images.os-cdn.com/previews/2048x0/c9/8b/c98bf5ea16a0457073c47941f178d8362013ea34d33fabdc8d456029f683580d.jpg,Used,Jeep,Wrangler,Sahara,2020,16000,SUV,,Gasoline,,,,,GCC Specs,,,,,,Muscat,Azaiba,Autos,Cars For Sale,,,,
هوندا اكورد 2.0T سبورت,"5,800 OMR",https://om.opensooq.com/en/search/284834656,https://opensooq-images.os-cdn.com/previews/2048x0/a1/45/a1456f9963aade36e07a68f141a666cf199bc539a1ffa47f71020bde1645619f.jpg,Used,Honda,Accord,Sport,2019,169000,Sedan,,Gasoline,,,,,American Specs,,,,,,Al Batinah,Sohar,Autos,Cars For Sale,,,,
لكزس lx570 2014,"10,200 OMR",https://om.opensooq.com/en/search/284834822,https://opensooq-images.os-cdn.com/previews/2048x0/7c/c3/7cc3a1eab8016163d219a93b33700a9bcdfed34d8bf96648315da5bd1cdfa24c.jpg,Used,Lexus,LX,LX 570,2014,321000,SUV,,Gasoline,,,,,GCC Specs,,,,,,Dhofar,Salala,Autos,Cars For Sale,,,,
بورش 911 Carrera S موديل 2005 خليجي,"12,900 OMR",https://om.opensooq.com/en/search/284834756,https://opensooq-images.os-cdn.com/previews/2048x0/58/96/5896525ae3190ebd65d31e35db610ac7dd8f7ef0f1fec681421864c3f58b65cf.jpg,Used,Porsche,911,Carrera S,2005,120000,Coupe,,Gasoline,,,,,GCC Specs,,,,,,Muscat,Al Maabilah,Autos,Cars For Sale,,,,
تاكوما ليمتد 2019,"7,600 OMR",https://om.opensooq.com/en/search/284629814,https://opensooq-images.os-cdn.com/previews/2048x0/bb/19/bb19eaad009df39507e8eb36e1f98a20cf08a8645f42c71747d245917dedc582.jpg,Used,Toyota,Tacoma,Limited,2019,154000,PickUp,,Gasoline,,,,,American Specs,,,,,,Al Batinah,Suwaiq,Autos,Cars For Sale,,,,
روكس اداماس موديل 2026 الجديد كليآ,"27,900 OMR",https://om.opensooq.com/en/search/284834710,https://opensooq-images.os-cdn.com/previews/2048x0/a8/1c/a81cc397aeda2fa3c2163bb52cd4c8c8837f45fd878f78e98ce57213a95da6a0.jpg,New,Rox,Rox 1,,2026,0,SUV,,Hybrid,,,,,Chinese Specs,,,,,,Muscat,Al Maabilah,Autos,Cars For Sale,,,,
لندكروزر موديل 2013 V8,"8,200 OMR",https://om.opensooq.com/en/search/284787766,https://opensooq-images.os-cdn.com/previews/2048x0/84/d5/84d5c6c8b14f8ac6164d282c8df73845e1312ef5e4bf3d52d5b5d35af905793f.jpg,Used,Toyota,Land Cruiser,GXR,2013,360000,SUV,,Gasoline,,,,,GCC Specs,,,,,,Al Sharqiya,Bidiya,Autos,Cars For Sale,,,,
السياره امورها طيبه جير مكينه صرفيه ممتاز ولا توجد بها أي ليك. قابل ب الشي البسيط,"1,400 OMR",https://om.opensooq.com/en/search/284834458,https://opensooq-images.os-cdn.com/previews/2048x0/8d/ab/8dab81c8e28b6433d1b1b365376fdca71379e486ad03fbc8ba1a04f847e40eb4.jpg,Used,Toyota,Camry,Core,2011,10000,Sedan,,Gasoline,,,,,GCC Specs,,,,,,Al Batinah,Saham,Autos,Cars For Sale,,,,
جي اس 400 للبدل مع التيزا او بما يناسب,950 OMR,https://om.opensooq.com/en/search/284834212,https://opensooq-images.os-cdn.com/previews/2048x0/7c/a6/7ca6c024e49b5829eaa4374a5f47d536776a19f708c7c1cae3ea21011b9db90f.jpg,Used,Lexus,GS,GS 400,1998,400000,Sedan,,Gasoline,,,,,Japanese Specs,,,,,,Al Batinah,Nakhl,Autos,Cars For Sale,,,,
تويوتا كامري للبيع حادث بسيط ف البنفر و ممشى قليل السياره جداا ممتازه مسرفسه ب الكاامل,"3,350 OMR",https://om.opensooq.com/en/search/284834158,https://opensooq-images.os-cdn.com/previews/2048x0/e8/59/e859e413e86e223491cd2d8067107f9a1d76b5d3300db51e804bf9b6d9ab94f1.jpg,Used,Toyota,Corolla,SE,2018,111000,Sedan,,Gasoline,,,,,American Specs,,,,,,Al Batinah,Al Khaboura,Autos,Cars For Sale,,,,
BMW 735i Model 2024,"31,800 OMR",https://om.opensooq.com/en/search/284834252,https://opensooq-images.os-cdn.com/previews/2048x0/2d/7d/2d7d09c21a393fe48aa58c01a3c8f2ca1a182ed1cb4482542bf87deb467ebeab.jpg,Used,BMW,7 Series,735,2024,31000,Sedan,,Gasoline,,,,,GCC Specs,,,,,,Muscat,Al Khuwair,Autos,Cars For Sale,,,,
تويوتا كورولا 2001 للبيع,"1,200 OMR",https://om.opensooq.com/en/search/284834236,https://opensooq-images.os-cdn.com/previews/2048x0/8b/e7/8be7a305359038da7f38a4f684953c7af326eb99a5f5a61efa0e60af2f9cda4b.jpg,Used,Toyota,Corolla,XLI,2001,111111,Sedan,,Gasoline,,,,,GCC Specs,,,,,,Muscat,Al Maabilah,Autos,Cars For Sale,,,,
بورش 2016 gts,"9,500 OMR",https://om.opensooq.com/en/search/284834200,https://opensooq-images.os-cdn.com/previews/2048x0/1d/6c/1d6c046b8feeb6f990d63740a9ae4e482afed79dda3b18c1a595b419e5ef6ee3.jpg,Used,Porsche,Cayenne,Cayenne GTS,2016,165000,HatchBack,,Gasoline,,,,,GCC Specs,,,,,,Muscat,Seeb,Autos,Cars For Sale,,,,
سييرا خليجي معدله استعمال يومي,"9,900 OMR",https://om.opensooq.com/en/search/284833648,https://opensooq-images.os-cdn.com/previews/2048x0/06/79/0679d4341c2be68b472f2842865cc665a0a895d090fc361e92ee372af5774638.jpg,Used,GMC,Sierra,"1,500 SLE",2016,190000,PickUp,,Gasoline,,,,,GCC Specs,,,,,,Muscat,Azaiba,Autos,Cars For Sale,,,,
للبيع لكسز جي اس 430,"1,550 OMR",https://om.opensooq.com/en/search/283199364,https://opensooq-images.os-cdn.com/previews/2048x0/26/15/26150f0516b2511e642fb7db0637ab33293d23d08c3e4627320872777b51c7e4.jpg,Used,Lexus,GS,GS 430,2006,4000,Sedan,,Gasoline,,,,,American Specs,,,,,,Muscat,Other,Autos,Cars For Sale,,,,
Hyundai i10 13model,950 OMR,https://om.opensooq.com/en/search/284833296,https://opensooq-images.os-cdn.com/previews/2048x0/0d/1b/0d1b8c14bd9aa1321494efe54d2331877e7e8903d8e5b58648ee948616539573.jpg,Used,Hyundai,i10,Standard,2013,46000,HatchBack,,Gasoline,,,,,GCC Specs,,,,,,Muscat,Other,Autos,Cars For Sale,,,,
Mitsubishi Lancer EX 2016,"2,500 OMR",https://om.opensooq.com/en/search/284833468,https://opensooq-images.os-cdn.com/previews/2048x0/f4/93/f493633a682c7c192061dd6d79a13ef953e48ec61341fb1601d8ee24f63fb62d.jpg,Used,Mitsubishi,Lancer,GLS,2016,87700,Sedan,,Gasoline,,,,,GCC Specs,,,,,,Muscat,Al Khoud,Autos,Cars For Sale,,,,
BMW 330i 2019 فل أوبشن وارد – نظيفة جدًا وجاهزة للإستخدام,"6,200 OMR",https://om.opensooq.com/en/search/284833414,https://opensooq-images.os-cdn.com/previews/2048x0/53/4a/534aec1dac10a805290ad1e4b072965fdd9be4ac6a0ade0ae250c3efbae77229.jpg,Used,BMW,3 Series,330i,2019,180000,Sedan,,Gasoline,,,,,American Specs,,,,,,Muscat,Bosher,Autos,Cars For Sale,,,,
لكزس 2020 Es350 الموتر جديد ممشى بسيط والجاد فاله الطيب تواجد السياره في مسقط,"8,800 OMR",https://om.opensooq.com/en/search/284833416,https://opensooq-images.os-cdn.com/previews/2048x0/7c/8d/7c8d38ffd0ca90745a6e648e66d9f4b1a674719970b225b0f04151014f198252.jpg,New,Lexus,ES,ES 350,2020,64,Sedan,,Gasoline,,,,,American Specs,,,,,,Al Batinah,Saham,Autos,Cars For Sale,,,,
العرض حصري  لكزس 2018 ES350 الموتر نظيف وبحادث خلف وتسجيل جديد الجاد يتفضل,"5,800 OMR",https://om.opensooq.com/en/search/284833402,https://opensooq-images.os-cdn.com/previews/2048x0/cf/07/cf07af3ff108b8743fe946e0a2af3116b9bdaa4a32db192d14657a7661cb9e07.jpg,Used,Lexus,ES,ES 350,2018,100000,Sedan,,Gasoline,,,,,American Specs,,,,,,Al Batinah,Saham,Autos,Cars For Sale,,,,
لكزس 350is الموتر تسجيل جديد في عمان نظيف والجاد فاله الطيب,"8,500 OMR",https://om.opensooq.com/en/search/284833380,https://opensooq-images.os-cdn.com/previews/2048x0/e7/ca/e7cac25546c69d0ca225ea7a85cd43464afd25e3f133fc5b00fd4cc8e7994df1.jpg,Used,Lexus,IS,IS 350,2022,64000,Sedan,,Gasoline,,,,,American Specs,,,,,,Al Batinah,Saham,Autos,Cars For Sale,,,,
فورشنر 2016 للبيع,"8,200 OMR",https://om.opensooq.com/en/search/284832936,https://opensooq-images.os-cdn.com/previews/2048x0/a3/f2/a3f256b7a62e4d917501ee37a4d0f3428d86a67d293234a3b3474f27c7bcc8de.jpg,Used,Toyota,Fortuner,VXR,2016,192500,SUV,,Gasoline,,,,,GCC Specs,,,,,,Buraimi,Mahdah,Autos,Cars For Sale,,,,
نيسان سنترا S 2016  NISSAN,"1,330 OMR",https://om.opensooq.com/en/search/284832880,https://opensooq-images.os-cdn.com/previews/2048x0/70/b8/70b85c0119d95493a8bd97efc1f1ba73028244cffe0355f93b87f737f6396ff8.jpg,Used,Nissan,Sentra,S,2016,200000,Sedan,,Gasoline,,,,,GCC Specs,,,,,,Dhofar,Salala,Autos,Cars For Sale,,,,
لكزس 430 للبيع فقط,"1,300 OMR",https://om.opensooq.com/en/search/284832462,https://opensooq-images.os-cdn.com/previews/2048x0/e5/81/e58184374ec27d56a3809190fceb2c439a79e2fa6c27117070a1267a6e5459ce.jpg,Used,Lexus,LS,LS 400,2002,199999,Sedan,,Gasoline,,,,,Dealership,,,,,,Al Batinah,Sohar,Autos,Cars For Sale,,,,
للبيع انفنتي QX80  موديل 2019 في قمة النظافة,"9,300 OMR",https://om.opensooq.com/en/search/284831914,https://opensooq-images.os-cdn.com/previews/2048x0/f5/5f/f55ff4ec8d3791539c4a847f01ab0eb4ecbbc33a6e66e8e32b0ba9c2df8a110c.jpg,Used,Infiniti,QX80,Limited,2019,82000,SUV,,Gasoline,,,,,GCC Specs,,,,,,Muscat,Al Khoud,Autos,Cars For Sale,,,,
هايونداي النترا 2016,"2,200 OMR",https://om.opensooq.com/en/search/284832792,https://opensooq-images.os-cdn.com/previews/2048x0/3b/69/3b693a31ada6e2da35d781b4ec1e3282969e6e9e37fbf58402c03f17feac4c25.jpg,Used,Hyundai,Elantra,SE,2016,130000,Sedan,,Gasoline,,,,,American Specs,,,,,,Al Dhahirah,Other,Autos,Cars For Sale,,,,
تويوتا كورولا 2011,"1,800 OMR",https://om.opensooq.com/en/search/284806776,https://opensooq-images.os-cdn.com/previews/2048x0/74/e2/74e20b5ab5f9bbd821f4b1c7998150dfbadfb66a55dc342eef9ed103922a4adf.jpg,Used,Toyota,Corolla,XLI,2011,227000,Sedan,,Gasoline,,,,,GCC Specs,,,,,,Al Dakhiliya,Nizwa,Autos,Cars For Sale,,,,
"Dodge Durango 2013,AWD,V6,3.6L,Automatic for sale New tires,insurance and mulkya valid till Aug 2026","2,000 OMR",https://om.opensooq.com/en/search/284832728,https://opensooq-images.os-cdn.com/previews/2048x0/5c/15/5c15fa040ba8c99295a7e30f7fdbb4e1bb0501bba99117dfff706195b5ceea77.jpg,Used,Dodge,Durango,Citadel,2013,220000,SUV,,Gasoline,,,,,GCC Specs,,,,,,Muscat,Ghubrah,Autos,Cars For Sale,,,,
هوندا 2017,"3,900 OMR",https://om.opensooq.com/en/search/284832768,https://opensooq-images.os-cdn.com/previews/2048x0/bf/67/bf676953dea9167714d19513a1bc9c1bd1552946330199597720bb3b216ce36d.jpg,Used,Honda,Accord,EX-L,2017,160000,Sedan,,Gasoline,,,,,American Specs,,,,,,Al Dakhiliya,Nizwa,Autos,Cars For Sale,,,,
نيسان التيما للبيع 2021 sv,"3,800 OMR",https://om.opensooq.com/en/search/284832736,https://opensooq-images.os-cdn.com/previews/2048x0/a7/a9/a7a957427e5993cf8353f3ed9d71559768ae6466076fbc3a147cd68559d6f01f.jpg,Used,Nissan,Altima,SV,2021,200000,Sedan,,Gasoline,,,,,American Specs,,,,,,Muscat,Al Khoud,Autos,Cars For Sale,,,,
تويوتا ياريس خليجي وكالة عمان 2014,"2,600 OMR",https://om.opensooq.com/en/search/284832714,https://opensooq-images.os-cdn.com/previews/2048x0/bb/23/bb23835d896a65f6afd9262104d8d2a1133ffd0f0901d207cde61e2a2edc2487.jpg,Used,Toyota,Yaris,G,2014,277000,Sedan,,Gasoline,,,,,GCC Specs,,,,,,Al Dakhiliya,Nizwa,Autos,Cars For Sale,,,,
للبيع لكزس LX570,"10,500 OMR",https://om.opensooq.com/en/search/284817064,https://opensooq-images.os-cdn.com/previews/2048x0/f9/8a/f98ae57d5febed08cb1bee39f37c6f54ba2ee45922ebd45fa993e60a297dc136.jpg,Used,Lexus,LX,LX 570,2011,320000,SUV,,Gasoline,,,,,GCC Specs,,,,,,Al Batinah,Sohar,Autos,Cars For Sale,,,,
هوندا سيفك 2008,"1,000 OMR",https://om.opensooq.com/en/search/284832654,https://opensooq-images.os-cdn.com/previews/2048x0/3e/e3/3ee3ff28f2971372fcd0ca9421b37f63415bf06b13acf203870b6819b90188c6.jpg,Used,Honda,Civic,EX,2008,190000,Sedan,,Gasoline,,,,,GCC Specs,,,,,,Al Dhahirah,Ibri,Autos,Cars For Sale,,,,
تيوتا هايلوكس للبيع,"6,450 OMR",https://om.opensooq.com/en/search/284832520,https://opensooq-images.os-cdn.com/previews/2048x0/8d/59/8d593c5ae6d4ab153c10983e4d9d37ae88e275a799eec9b8c42e9aabb71f22f6.jpg,Used,Toyota,Hilux,DLX,2018,270000,PickUp,,Gasoline,,,,,Dealership,,,,,,Muscat,Seeb,Autos,Cars For Sale,,,,
ياريس 2019,"3,000 OMR",https://om.opensooq.com/en/search/284817348,https://opensooq-images.os-cdn.com/previews/2048x0/dd/3e/dd3eda920d428f30263353109461e65703b5b13a2bd11558af62fe4e79ad4c0d.jpg,Used,Toyota,Yaris,G,2019,361000,Sedan,,Gasoline,,,,,GCC Specs,,,,,,Al Dakhiliya,Sumail,Autos,Cars For Sale,,,,
Jeep wrangler jk 2 doors 2014,"4,500 OMR",https://om.opensooq.com/en/search/284828204,https://opensooq-images.os-cdn.com/previews/2048x0/4d/c5/4dc54286c34b1c03f5c3f5af5dd1d8fdca4ec210f5ce288f766bf69f9f2a8721.jpg,Used,Jeep,Wrangler,Sport,2014,250000,SUV,,Gasoline,,,,,GCC Specs,,,,,,Muscat,Al Maabilah,Autos,Cars For Sale,,,,
هوندا اكورد 2024 LX اخف حادث ممكن يمر عليك ومن دون خروج ايرباجات,"6,700 OMR",https://om.opensooq.com/en/search/284832444,https://opensooq-images.os-cdn.com/previews/2048x0/c7/04/c7046e580387857c35ece9a5ceed229a3a94e7d1932dd8915aa16e8de26a9f39.jpg,New,Honda,Accord,LX,2024,47,Sedan,,Gasoline,,,,,American Specs,,,,,,Al Dakhiliya,Nizwa,Autos,Cars For Sale,,,,
NISSAN SUNNY  2022  OMAN CAR  EXCELENT CONDITION,"3,650 OMR",https://om.opensooq.com/en/search/284832404,https://opensooq-images.os-cdn.com/previews/2048x0/a9/34/a934aae0a8b3a26f5f7a70aef635a0037f492c9bd7c22294ce62341160b37327.jpg,Used,Nissan,Sunny,Standard,2022,128000,Sedan,,Gasoline,,,,,GCC Specs,,,,,,Muscat,Ghala,Autos,Cars For Sale,,,,
للبيع فقط، استخدام شخصي,"5,200 OMR",https://om.opensooq.com/en/search/284365848,https://opensooq-images.os-cdn.com/previews/2048x0/9c/5d/9c5db3f8185472c7532d8919f0071766d03206df4bb2a8041851b30fac39aa2b.jpg,New,Mercedes Benz,C-Class,C 300,2019,0,Sedan,,Gasoline,,,,,American Specs,,,,,,Muscat,Muscat Hills,Autos,Cars For Sale,,,,
للبيع فورد F150 نظيف جداً,"7,200 OMR",https://om.opensooq.com/en/search/284832350,https://opensooq-images.os-cdn.com/previews/2048x0/7c/8e/7c8e7975d23a2bbada211299068dd057a481b9d6deaef120acfa686839daa257.jpg,Used,Ford,F-150,Lariat,2018,150000,PickUp,,Gasoline,,,,,American Specs,,,,,,Al Dakhiliya,Nizwa,Autos,Cars For Sale,,,,
very good condition,950 OMR,https://om.opensooq.com/en/search/284832210,https://opensooq-images.os-cdn.com/previews/2048x0/6f/18/6f18526403a24b319a1ddf92382b4f26a78c02d34ba15ba9da0d5a736ba78c2d.jpg,Used,Subaru,Forester,Premium,2010,5559,SUV,,Gasoline,,,,,Japanese Specs,,,,,,Al Dhahirah,Ibri,Autos,Cars For Sale,,,,
ام جي 3  MG3 2025 خليجي بضمان الوكيل!!,"3,499 OMR",https://om.opensooq.com/en/search/284832206,https://opensooq-images.os-cdn.com/previews/2048x0/85/c0/85c0d5e19fdda5770d35b84e623180c070e15dd4a34bed7544b79f01f673d3ce.jpg,Used,MG,MG 3,,2025,37000,HatchBack,,Gasoline,,,,,GCC Specs,,,,,,Muscat,Halban,Autos,Cars For Sale,,,,
نيسان تيدا موديل 2012,"1,100 OMR",https://om.opensooq.com/en/search/284832148,https://opensooq-images.os-cdn.com/previews/2048x0/80/1a/801a4c47919fe9fa88ea0d563a5f7cd01a4b8ae30972cb55ba7fe500a2fa82d0.jpg,Used,Nissan,Tiida,,2012,250000,Sedan,,Gasoline,,,,,Japanese Specs,,,,,,Dhofar,Salala,Autos,Cars For Sale,,,,
MITSUBISHI LANCER LGX 2010,"1,200 OMR",https://om.opensooq.com/en/search/284832034,https://opensooq-images.os-cdn.com/previews/2048x0/71/b4/71b4e8b0550c86b9154d40a5dfc84242587d2d4f0daa7cbb39cd89414df4b974.jpg,Used,Mitsubishi,Lancer,GLX,2010,198000,Sedan,,Gasoline,,,,,GCC Specs,,,,,,Muscat,Al Mawaleh,Autos,Cars For Sale,,,,
GMC يوكــن السوبـر بان        XL  موديل 2013  تم تخفيض السعر,"3,800 OMR",https://om.opensooq.com/en/search/284831986,https://opensooq-images.os-cdn.com/previews/2048x0/95/1d/951d61f739a16388c054cc116dbcb778d96a73bd3dbcc7b455b19d8c993d2dbb.jpg,Used,GMC,Yukon,SLT,2013,195000,SUV,,Gasoline,,,,,American Specs,,,,,,Muscat,Other,Autos,Cars For Sale,,,,
MG5 Rx5 2021,"3,870 OMR",https://om.opensooq.com/en/search/284831840,https://opensooq-images.os-cdn.com/previews/2048x0/5f/85/5f8591efc3fb0d0533f730f428804211efe95c37a4a695e629a8118a5b88cdc9.jpg,Used,MG,MG RX5,,2021,74000,SUV,,Gasoline,,,,,GCC Specs,,,,,,Muscat,Al Khoud,Autos,Cars For Sale,,,,
نيسان أرمادا بلاتينيوم موديل 2023 رقم واحد,"14,000 OMR",https://om.opensooq.com/en/search/284831638,https://opensooq-images.os-cdn.com/previews/2048x0/a6/da/a6da73cb57f83fa7dcef4504e5f127410d7fae4ec810b103788dc290707e01d2.jpg,Used,Nissan,Armada,Platinum,2023,70000,SUV,,Gasoline,,,,,American Specs,,,,,,Buraimi,Al Buraimi,Autos,Cars For Sale,,,,
مستوبيشي منتيرو سبورت 2026 جديد,"13,900 OMR",https://om.opensooq.com/en/search/284831228,https://opensooq-images.os-cdn.com/previews/2048x0/b6/ef/b6efe0d2124f1b40c403c4fe0e6724a754d08bfea80fb9e6ae276acfc1291d8a.jpg,New,Mitsubishi,Montero,,2026,0,SUV,,Gasoline,,,,,GCC Specs,,,,,,Muscat,Al Khoud,Autos,Cars For Sale,,,,
فورتشنر 2020,"8,900 OMR",https://om.opensooq.com/en/search/284831414,https://opensooq-images.os-cdn.com/previews/2048x0/22/2b/222b9eef5854a46a62283e07c1f1bfff3602031d1077e4bcbfee9b9bba924d1f.jpg,Used,Toyota,Fortuner,GXR,2020,173000,SUV,,Gasoline,,,,,GCC Specs,,,,,,Muscat,Al Khoud,Autos,Cars For Sale,,,,
تويوتا لاند كروزر استيشن GXR تونت توربو 2022,"22,200 OMR",https://om.opensooq.com/en/search/284831642,https://opensooq-images.os-cdn.com/previews/2048x0/17/1f/171f31ae1770b24f6536a1bdf0e123b7ff62d37d18b5c85dc8b8bf0e2d226853.jpg,Used,Toyota,Land Cruiser,GXR,2022,147000,SUV,,Gasoline,,,,,GCC Specs,,,,,,Muscat,Al Khoud,Autos,Cars For Sale,,,,
تنكر ميتسوبيشي 2010 حجم 3.5 طن نظيفة جداً,"4,400 OMR",https://om.opensooq.com/en/search/284831568,https://opensooq-images.os-cdn.com/previews/2048x0/f1/92/f192d4e6cba5142c94cdc4d89254635e67c8393637b58d361b0ce6e614c87967.jpg,Used,Mitsubishi,Canter,,2010,400000,,,Diesel,,,,,GCC Specs,,,,,,Al Dakhiliya,Bidbid,Autos,Cars For Sale,,,,
باثفندر موديل 2022 فول اوبشن,"8,900 OMR",https://om.opensooq.com/en/search/284831380,https://opensooq-images.os-cdn.com/previews/2048x0/ae/bc/aebcd64366089faf0dbf87066db15acb7ad6affb22bff271c9bc4c99d9c70db8.png,Used,Nissan,Pathfinder,SL,2022,63000,SUV,,Gasoline,,,,,American Specs,,,,,,Muscat,Seeb,Autos,Cars For Sale,,,,
تويوتا كورولا تاكسي,"3,500 OMR",https://om.opensooq.com/en/search/284831260,https://opensooq-images.os-cdn.com/previews/2048x0/2b/62/2b62d70dac34e4aecd5b854731dded027e168fba7d0cf64c2613fb9107f7cee8.jpg,Used,Toyota,Corolla,SE,2014,2000,Sedan,,Gasoline,,,,,American Specs,,,,,,Al Dakhiliya,Bidbid,Autos,Cars For Sale,,,,
نيسان كيكس,"2,800 OMR",https://om.opensooq.com/en/search/284830964,https://opensooq-images.os-cdn.com/previews/2048x0/ee/2b/ee2b09b9a5e5acab9614bf1277f3e86e5529a381c2ac6c084f92d9a00f5bcdae.jpg,Used,Nissan,Kicks,SV,2019,76000,SUV,,Gasoline,,,,,American Specs,,,,,,Muscat,Al Maabilah,Autos,Cars For Sale,,,,
Jeep Grand Cherokee Laredo in excellent condition is for sale,"6,250 OMR",https://om.opensooq.com/en/search/284830880,https://opensooq-images.os-cdn.com/previews/2048x0/61/6b/616b8436d230fc6eeed83dda31fd4353ad8f4bad694437ee0fb7d9ecd93e4a0c.jpg,Used,Jeep,Grand Cherokee,Laredo,2018,122500,SUV,,Gasoline,,,,,GCC Specs,,,,,,Muscat,Ghubrah,Autos,Cars For Sale,,,,
سيارة تويوتا كامري 2001 موديل، لون أبيض، فحص خليجي، حالة ممتازة,900 OMR,https://om.opensooq.com/en/search/284815468,https://opensooq-images.os-cdn.com/previews/2048x0/64/43/64431f284d66fe87f3ee2a578cfd8f5b1eec4ed3f7c5afd0f70e94ddbd6b58fa.jpg,Used,Toyota,Camry,GL,2001,300000,Sedan,,Gasoline,,,,,GCC Specs,,,,,,Al Batinah,Liwa,Autos,Cars For Sale,,,,
