Name,Price,URL,Image,Condition,Car Make,Model,Trim,Year,Kilometers,Body Type,Number of Seats,Fuel,Transmission,Engine Size (cc),Exterior Color,Interior Color,Regional Specs,Car License,Insurance,Body Condition,Paint,Payment Method,City,Neighborhood,Category,Subcategory,Interior Options,Exterior Options,Technology Options,VIN Number
هايونداي سوناتا 2021,"4,400 OMR",https://om.opensooq.com/en/search/285051204,https://opensooq-images.os-cdn.com/previews/2048x0/a1/cf/a1cf145ef511913b58af4e029aee2acba9ee6fb35f401cbdc08b375beb2b2a24.jpg,Used,Hyundai,Sonata,SEL,2021,88751,Sedan,,Gasoline,,,,,American Specs,,,,,,Al Dakhiliya,Nizwa,Autos,Cars For Sale,,,,
نكال قلاب نظيف جدا من المستخدم الأول,"8,000 OMR",https://om.opensooq.com/en/search/285050192,https://opensooq-images.os-cdn.com/previews/2048x0/3e/f3/3ef3e7c85f3e09738d846c5a438e14458c3558f4a8acb4d3664d36ed5a7bba5a.jpg,Used,Mitsubishi,Canter,,2016,127000,,,Diesel,,,,,GCC Specs,,,,,,Al Dakhiliya,Izki,Autos,Cars For Sale,,,,
لكسزز RX350 فور ويل 2022 الصنع والوارد اليابان ...من مجموعة سياره وكالة بهوان,"17,800 OMR",https://om.opensooq.com/en/search/285047696,https://opensooq-images.os-cdn.com/previews/2048x0/cf/2c/cf2c8964942106b6e6966d0534da18db01f4886cd0f4dce9649296ef01ae8d2b.jpg,Used,Lexus,RX,RX 350,2022,5600,SUV,,Gasoline,,,,,GCC Specs,,,,,,Al Batinah,Al 'Awabi,Autos,Cars For Sale,,,,
صبغ وكاله 2019 رقم واحد كامري,"5,250 OMR",https://om.opensooq.com/en/search/285021522,https://opensooq-images.os-cdn.com/previews/2048x0/e1/46/e146a549aed0874dcd0652874aad428717f54eb4cbd1db81b428d1c5c725cdc5.jpg,Used,Toyota,Camry,SE,2019,137000,Sedan,,Gasoline,,,,,American Specs,,,,,,Buraimi,Al Buraimi,Autos,Cars For Sale,,,,
كامري 2018 SE وارد تسجيل جديد,"4,150 OMR",https://om.opensooq.com/en/search/285072152,https://opensooq-images.os-cdn.com/previews/2048x0/84/9b/849b2c58c9af6c5553cdda482697c422f4e1fa78b99c0dad0f85ef19aa8df4d3.jpg,New,Toyota,Camry,SE,2018,240,Sedan,,Gasoline,,,,,American Specs,,,,,,Al Sharqiya,Ibra,Autos,Cars For Sale,,,,
Z4 خليجية وفي قمة النظافة,"1,900 OMR",https://om.opensooq.com/en/search/285072064,https://opensooq-images.os-cdn.com/previews/2048x0/1e/b7/1eb7accd693d8a80e5426ac7477cb6a1a5249c7e3ea5dc0457b27740b842326e.jpg,Used,BMW,Z Series,Z4 M40i,2004,100000,Convertible,,Gasoline,,,,,GCC Specs,,,,,,Muscat,Qurm,Autos,Cars For Sale,,,,
جيب سييرا Denali 2009 بيك اب مميزة بحالة ممتازة مع مواصفات خليجية,"2,700 OMR",https://om.opensooq.com/en/search/285069950,https://opensooq-images.os-cdn.com/previews/2048x0/a3/ac/a3ace6ebb15ef3ca75f5c369ddf2559633dd0ad1a52f2ffdbcd0476a7676f671.jpg,Used,GMC,Sierra,Denali,2009,200000,PickUp,,Gasoline,,,,,GCC Specs,,,,,,Al Sharqiya,Ja'alan Bani Bu Ali,Autos,Cars For Sale,,,,
جهاز فحص مركبات نضيف,"10,000 OMR",https://om.opensooq.com/en/search/285071276,https://opensooq-images.os-cdn.com/previews/2048x0/73/38/7338f428826151235e766b915d42808043d84a2b5ba70390dbfaf0ec35b85fb1.jpg,Used,Jetour,T1,,2025,50000,,,Gasoline,,,,,GCC Specs,,,,,,Al Batinah,Saham,Autos,Cars For Sale,,,,
القطع اللي تحت المدعميات للاندكروزر ( البنافر) لسيارات ثنتين وكاله نظاف من موديل 2022 إلى 2026,"80,000 OMR",https://om.opensooq.com/en/search/285071040,https://opensooq-images.os-cdn.com/previews/2048x0/1f/35/1f357466f2859e2cba0529612edcc7f95b4448bbcb53a8d224951c2f1fd2adee.jpg,Used,Toyota,Land Cruiser,GXR,2022,50000,SUV,,Gasoline,,,,,GCC Specs,,,,,,Muscat,Seeb,Autos,Cars For Sale,,,,
فورد 2022 XLT نظيف جداً جداً,"7,300 OMR",https://om.opensooq.com/en/search/285070914,https://opensooq-images.os-cdn.com/previews/2048x0/ea/fb/eafbcade494e1473a1a8791e5a46ddd582c4bb6487fa77a1770aec826cb822c6.jpg,Used,Ford,F-150,XLT,2022,160000,PickUp,,Gasoline,,,,,American Specs,,,,,,Muscat,Seeb,Autos,Cars For Sale,,,,
جيب رانجلر,"3,000 OMR",https://om.opensooq.com/en/search/284818502,https://opensooq-images.os-cdn.com/previews/2048x0/72/b4/72b43db5ec797cd6094bc84007a1bc1043c060fc808e5ce4a53fc5ce2e9b22b7.jpg,Used,Jeep,Wrangler,Sport,2009,2999,Convertible,,Gasoline,,,,,GCC Specs,,,,,,Dhofar,Salala,Autos,Cars For Sale,,,,
لكزس ls400 موديل 98,"1,000 OMR",https://om.opensooq.com/en/search/285070504,https://opensooq-images.os-cdn.com/previews/2048x0/fb/ba/fbba5389947f1bb5fd756f370cb82a92cb47e2872b968d9c9959fac4a76e04de.jpg,Used,Lexus,LS,LS 400,1998,300000,Sedan,,Gasoline,,,,,American Specs,,,,,,Dhofar,Salala,Autos,Cars For Sale,,,,
لكزس LX570 للبيع او البدل,"8,500 OMR",https://om.opensooq.com/en/search/285070284,https://opensooq-images.os-cdn.com/previews/2048x0/d6/9b/d69b938ef752c1eadd8f9ca9de99b84e4abbadde55941442410c496d2b383987.jpg,Used,Lexus,LX,LX 570,2012,370000,SUV,,Gasoline,,,,,GCC Specs,,,,,,Dhofar,Salala,Autos,Cars For Sale,,,,
شيري للبيع قابل لتفاوض,"1,800 OMR",https://om.opensooq.com/en/search/285069834,https://opensooq-images.os-cdn.com/previews/2048x0/8f/80/8f80b7d3aa7838cae22e8607a4e6e8a414c5956147679d72774980d6c652019c.jpg,Used,Chery,Other,,2018,180000,Sedan,,Gasoline,,,,,Dealership,,,,,,Al Sharqiya,Sur,Autos,Cars For Sale,,,,
كرولا للبيع,"2,500 OMR",https://om.opensooq.com/en/search/285068390,https://opensooq-images.os-cdn.com/previews/2048x0/50/a7/50a743bb0f2a323acaaf9321c99a6bd5d024f0d497b1d7931e3edaa9b498a437.jpg,Used,Toyota,Corolla,LE,2014,4000,Sedan,,Gasoline,,,,,American Specs,,,,,,Al Dakhiliya,Bahla,Autos,Cars For Sale,,,,
2015 هيونداي سوناتا,"1,800 OMR",https://om.opensooq.com/en/search/285068004,https://opensooq-images.os-cdn.com/previews/2048x0/50/3d/503d0dfc5c9f589295fd7d02df5347b88460234413b0c70a6c1f9f7354194bcf.jpg,Used,Hyundai,Sonata,Standard,2015,200000,Sedan,,Gasoline,,,,,American Specs,,,,,,Muscat,Al Khuwair,Autos,Cars For Sale,,,,
لكزس للبيع,900 OMR,https://om.opensooq.com/en/search/285067268,https://opensooq-images.os-cdn.com/previews/2048x0/0c/00/0c0070088528d24e7d01c77cddd33e88b6d3e3be603a337c5ae6f101d80894eb.jpg,Used,Lexus,ES,ES 300,2000,43146,Sedan,,Gasoline,,,,,Japanese Specs,,,,,,Al Batinah,Barka,Autos,Cars For Sale,,,,
تاهو للبيع 2011,"2,800 OMR",https://om.opensooq.com/en/search/285067192,https://opensooq-images.os-cdn.com/previews/2048x0/ff/d5/ffd554488ca45aaea42e00572f0d3424d332c1db96c4c30f246b941803a5bb47.jpg,Used,Chevrolet,Tahoe,1LS,2011,1000,PickUp,,Gasoline,,,,,American Specs,,,,,,Al Batinah,Liwa,Autos,Cars For Sale,,,,
مرسيدس AMG. A220.,"7,800 OMR",https://om.opensooq.com/en/search/285066676,https://opensooq-images.os-cdn.com/previews/2048x0/ab/7c/ab7c48038e72e9bb90aabe4664a54b6abfbdc2834433f8bfc48bcc85458af4a4.jpg,Used,Mercedes Benz,A-Class,A 220,2020,80000,Sedan,,Gasoline,,,,,Other Specs,,,,,,Al Dakhiliya,Nizwa,Autos,Cars For Sale,,,,
تويوتا افلون 2015 خليجي وكاله عمان فل مواصفات Limited,"3,900 OMR",https://om.opensooq.com/en/search/285066578,https://opensooq-images.os-cdn.com/previews/2048x0/06/65/06655949d902e6e9d93164a3aa120afc431d02d91ecb479fbdb5a47196c1de49.jpg,Used,Toyota,Avalon,Limited,2015,430000,Sedan,,Gasoline,,,,,GCC Specs,,,,,,Al Batinah,Liwa,Autos,Cars For Sale,,,,
تويوتا كامري TRD 2023 اصل,"9,000 OMR",https://om.opensooq.com/en/search/285065644,https://opensooq-images.os-cdn.com/previews/2048x0/5c/c1/5cc1b468d63e87d94b880359e29483be8bf434a62f4fa1a150d18eee7cb14d58.jpg,Used,Toyota,Camry,TRD,2023,115000,Sedan,,Gasoline,,,,,American Specs,,,,,,Muscat,Al-Wuttayah,Autos,Cars For Sale,,,,
هيونداي النترا 2020 SE Hyundai Elantra,"2,600 OMR",https://om.opensooq.com/en/search/285065406,https://opensooq-images.os-cdn.com/previews/2048x0/58/7b/587b362c9b5d9009407d88df2dd347ca049698e9fd57b1a0d824ab307b74aefb.jpg,Used,Hyundai,Elantra,SE,2020,189000,Sedan,,Gasoline,,,,,American Specs,,,,,,Al Batinah,Barka,Autos,Cars For Sale,,,,
Toyota Yaris 2006 for sale,"1,150 OMR",https://om.opensooq.com/en/search/285065292,https://opensooq-images.os-cdn.com/previews/2048x0/ce/bf/cebfcdb5e4c77b1912e9071d4940f9a70762e73134d3c64d3e15cf9ae2f47ed5.jpg,Used,Toyota,Yaris,GR,2006,40000,Sedan,,Gasoline,,,,,GCC Specs,,,,,,Al Sharqiya,Ja'alan Bani Bu Ali,Autos,Cars For Sale,,,,
"2002 Nissan Sunny Coupe SL - Japanese Specs, Excellent Condition, Gasoline Engine",650 OMR,https://om.opensooq.com/en/search/285064586,https://opensooq-images.os-cdn.com/previews/2048x0/13/6e/136e29b03f28b0787f1d7424051c94a4641c95e92eb2d5f15b6f1c44115c62ca.jpg,Used,Nissan,Sunny,SL,2002,300000,Coupe,,Gasoline,,,,,Japanese Specs,,,,,,Al Dakhiliya,Manah,Autos,Cars For Sale,,,,
مازدا 6 خلیجي نظيف ملكية سنة استخدام نسائي,"3,700 OMR",https://om.opensooq.com/en/search/285034568,https://opensooq-images.os-cdn.com/previews/2048x0/6e/61/6e61b3b8c260552ad3cd8551ea8e4075f5dccdc107461a62e2e8f8b444452a75.jpg,Used,Mazda,6,Standard,2018,206000,Sedan,,Gasoline,,,,,GCC Specs,,,,,,Muscat,Ghubrah,Autos,Cars For Sale,,,,
كامري 2016 GL خليجي بدون حوادث مع أنوار نهارية وحساسات أمامية وخلفية,"4,100 OMR",https://om.opensooq.com/en/search/285065006,https://opensooq-images.os-cdn.com/previews/2048x0/3a/14/3a146cc63d72fdac78728e205bc41898e9ac6a8fe76375fb5795c6a256d0bd22.jpg,Used,Toyota,Camry,GL,2016,277000,Sedan,,Gasoline,,,,,GCC Specs,,,,,,Muscat,Bosher,Autos,Cars For Sale,,,,
الجاد يتواصل رقم 1 بحالة ممتازة وجاهزة للإستخدام,"2,150 OMR",https://om.opensooq.com/en/search/285064800,https://opensooq-images.os-cdn.com/previews/2048x0/d1/4e/d14e5b6d42f580589bd1e386529ceb09c178faff7ef8a8377e530e4c0a69fab1.jpg,Used,Toyota,Corolla,Sport,2012,290000,Sedan,,Gasoline,,,,,American Specs,,,,,,Al Batinah,Rustaq,Autos,Cars For Sale,,,,
لكزس es300,"1,900 OMR",https://om.opensooq.com/en/search/285064566,https://opensooq-images.os-cdn.com/previews/2048x0/84/bd/84bd149c37bc3a8211e4278e0edfbc9104d140f90fb23ccf762013679634eaba.jpg,Used,Lexus,ES,ES 350,2011,370000,Sedan,,Gasoline,,,,,GCC Specs,,,,,,Al Batinah,Al Khaboura,Autos,Cars For Sale,,,,
نيسان التيما 2019 نظيف جدا حادث بسيط ايرباج الوكالة,"3,300 OMR",https://om.opensooq.com/en/search/285064512,https://opensooq-images.os-cdn.com/previews/2048x0/d8/a0/d8a0e6e5ebb9fb965831255ea565f09585470e178d7bc3cdbae03a4bab9d6eca.jpg,Used,Nissan,Altima,S,2019,255000,Sedan,,Gasoline,,,,,American Specs,,,,,,Muscat,Seeb,Autos,Cars For Sale,,,,
نيسان Z موديل 1987 كوبيه كاملة المواصفات الأمريكية للبيع,"3,800 OMR",https://om.opensooq.com/en/search/285064392,https://opensooq-images.os-cdn.com/previews/2048x0/29/2d/292d284c4ae821ad655f93ae19d6de0fd959df6ae69b2f9720b54cade883dc4f.jpg,Used,Nissan,Z,Standard,1987,120000,Coupe,,Gasoline,,,,,American Specs,,,,,,Al Batinah,Saham,Autos,Cars For Sale,,,,
نيسان فيرسا 2011,"1,150 OMR",https://om.opensooq.com/en/search/285064112,https://opensooq-images.os-cdn.com/previews/2048x0/02/e2/02e25e579b26de3a1c42588e28648fa17ffa8d82efb6acd375164b23e9cef821.jpg,Used,Nissan,Versa,Standard,2011,265000,HatchBack,,Gasoline,,,,,American Specs,,,,,,Al Batinah,Saham,Autos,Cars For Sale,,,,
للبيع تيوتا كامري,"1,200 OMR",https://om.opensooq.com/en/search/285063774,https://opensooq-images.os-cdn.com/previews/2048x0/6b/ff/6bff61a4b039ed62c184250fe8fb06c64f851b440a2452aba5c8b140baf20af7.jpg,Used,Toyota,Camry,GL,2006,3300,Sedan,,Gasoline,,,,,Dealership,,,,,,Al Dakhiliya,Other,Autos,Cars For Sale,,,,
تويوتا 4 رونر TRD Sport 2018 مستعملة بالتراخيص الأمريكية مع مواصفات رياضية,"5,600 OMR",https://om.opensooq.com/en/search/285063594,https://opensooq-images.os-cdn.com/previews/2048x0/7b/23/7b23dbc284cce07422f5cfc24860cd9242b50360ffb5be20b3e71f2eedf156bf.jpg,Used,Toyota,4 Runner,TRD Sport,2018,180000,SUV,,Gasoline,,,,,American Specs,,,,,,Muscat,Other,Autos,Cars For Sale,,,,
تويوتا كامري موديل 2016,"2,950 OMR",https://om.opensooq.com/en/search/284964090,https://opensooq-images.os-cdn.com/previews/2048x0/65/32/65320c28135a73b5f83ac86ff6fdd1c16fcc15f3ade16220e3483771da77cf94.jpg,Used,Toyota,Camry,SE,2016,275000,Sedan,,Gasoline,,,,,American Specs,,,,,,Muscat,Amerat,Autos,Cars For Sale,,,,
انفنتي QX60 خليجي موديل 2014,"3,500 OMR",https://om.opensooq.com/en/search/285062454,https://opensooq-images.os-cdn.com/previews/2048x0/ff/03/ff033c0afac45999d648ce64ebf87fd817fc4210c4f6c19fa0d37182103fef02.jpg,Used,Infiniti,QX60,Autograph,2014,240000,SUV,,Gasoline,,,,,GCC Specs,,,,,,Buraimi,Al Buraimi,Autos,Cars For Sale,,,,
Jeep Wrangler 2020 for sale جيب رانجلر 2020 للبيع,"9,000 OMR",https://om.opensooq.com/en/search/285062266,https://opensooq-images.os-cdn.com/previews/2048x0/a6/36/a6367f29f9adb2beae65fc1f9301f884d81bb6f8086c593dace362ac472487d6.jpg,Used,Jeep,Wrangler,Sport,2020,145000,SUV,,Gasoline,,,,,American Specs,,,,,,Muscat,Seeb,Autos,Cars For Sale,,,,
تويوتا كورولا 2015,"3,000 OMR",https://om.opensooq.com/en/search/285061712,https://opensooq-images.os-cdn.com/previews/2048x0/62/20/6220d7c223bb3dfedd95e479cdac363a5e53828d6012f9257a8f8326938a5def.jpg,Used,Toyota,Corolla,XLI,2015,220000,Sedan,,Gasoline,,,,,GCC Specs,,,,,,Muscat,Al Khuwair,Autos,Cars For Sale,,,,
مازدا cx3 ماشية 93 ألف سرفس وكالة,"3,800 OMR",https://om.opensooq.com/en/search/285061340,https://opensooq-images.os-cdn.com/previews/2048x0/85/8e/858e210672fe3817cdc034b141baceeb4b592aef0a0b94700eccc7ab000eb79d.jpg,Used,Mazda,CX-3,Sport,2017,93000,HatchBack,,Gasoline,,,,,GCC Specs,,,,,,Muscat,Wadi Al Kabir,Autos,Cars For Sale,,,,
BMW X1 xDrive 25i,"4,800 OMR",https://om.opensooq.com/en/search/285060846,https://opensooq-images.os-cdn.com/previews/2048x0/50/72/5072fd5273ddefd06aca0a1b09cbb7e8c7f8eab46a7a0fd2ff1d7cc2a17b69a8.jpg,Used,BMW,X1 Series,X1 xDrive28i,2017,168869,SUV,,Gasoline,,,,,GCC Specs,,,,,,Muscat,Wadi Al Kabir,Autos,Cars For Sale,,,,
هوندا اكورد ذهبي 2003 اتوماتيك,650 OMR,https://om.opensooq.com/en/search/285060724,https://opensooq-images.os-cdn.com/previews/2048x0/35/39/35396b5f28eedd87dc9a580cd3140495d9a28a24e6b61358ab7a84de9cae967b.jpg,Used,Honda,Accord,Standard,2003,170000,Sedan,,Gasoline,,,,,GCC Specs,,,,,,Muscat,Al Maabilah,Autos,Cars For Sale,,,,
جينيسيس G70 2019,"6,500 OMR",https://om.opensooq.com/en/search/285060704,https://opensooq-images.os-cdn.com/previews/2048x0/f4/57/f45702a94200a955f1ad762ef24e4a3270a40d56c8a21fe14539213c4f842f7f.jpg,Used,Genesis,G70,,2019,165000,Sedan,,Gasoline,,,,,American Specs,,,,,,Al Batinah,Shinas,Autos,Cars For Sale,,,,
سيارة هيونداي النترا 2019 للبيع,"3,000 OMR",https://om.opensooq.com/en/search/285032272,https://opensooq-images.os-cdn.com/previews/2048x0/50/ec/50ec7afaa18e611d6f1406563ff1d0aeb8932e98d5fb7b4c2be40eda455851d2.jpg,Used,Hyundai,Elantra,GL,2019,72000,Sedan,,Gasoline,,,,,American Specs,,,,,,Dhofar,Salala,Autos,Cars For Sale,,,,
تيوتا كامري 2018 للبيع,"3,850 OMR",https://om.opensooq.com/en/search/285060644,https://opensooq-images.os-cdn.com/previews/2048x0/d7/61/d76179960fc1cbb9494b589e03f0cbd47567fe3bee8f120045a357763d593ebe.jpg,Used,Toyota,Camry,SE,2018,233000,Sedan,,Gasoline,,,,,American Specs,,,,,,Muscat,Azaiba,Autos,Cars For Sale,,,,
نيسان باترول تيتانيوم خليجي وكالة عمان,"19,500 OMR",https://om.opensooq.com/en/search/285060426,https://opensooq-images.os-cdn.com/previews/2048x0/a4/4f/a44ff866a3071f06b95240444f147d36e4f245928a8d130c371e95c7a18c1e4d.jpg,Used,Nissan,Patrol,LE Titanium,2023,102000,SUV,,Gasoline,,,,,GCC Specs,,,,,,Muscat,Al-Hail,Autos,Cars For Sale,,,,
جاكوار FX موديل 2015 خليجي عمان,"1,800 OMR",https://om.opensooq.com/en/search/285060378,https://opensooq-images.os-cdn.com/previews/2048x0/64/0f/640f2b469e86cfb1f0501971d9dc7a065179b654149e285d5e802c3ad52cdcb5.jpg,Used,Jaguar,XF,Luxury,2015,270000,Sedan,,Gasoline,,,,,GCC Specs,,,,,,Muscat,Amerat,Autos,Cars For Sale,,,,
Hyundai Grand Santa Fe (Long),"2,490 OMR",https://om.opensooq.com/en/search/285060084,https://opensooq-images.os-cdn.com/previews/2048x0/dd/f8/ddf826dfba7d6080e40bef016da012cadc623d745205d4ac402f6f3b361002d8.jpg,Used,Hyundai,Santa Fe,Standard,2016,220000,SUV,,Gasoline,,,,,Korean Specs,,,,,,Muscat,Ghubrah,Autos,Cars For Sale,,,,
هوندا أكورد 2017 EX-L V6 مرخصة مع فتحة ودخول بدون مفتاح للبيع,"4,500 OMR",https://om.opensooq.com/en/search/285059962,https://opensooq-images.os-cdn.com/previews/2048x0/f5/a6/f5a67b34ad66a19f9fa55a51b2df19ee146990be7def4353899da88261d5579d.jpg,Used,Honda,Accord,EX-L V6,2017,200000,Sedan,,Gasoline,,,,,American Specs,,,,,,Al Dakhiliya,Nizwa,Autos,Cars For Sale,,,,
للبيع رنج روفر 2019,"14,000 OMR",https://om.opensooq.com/en/search/285059886,https://opensooq-images.os-cdn.com/previews/2048x0/bc/40/bc40960fb240fe5d31427db63b852a08ab5481056e68d57281c07ef5053cb93c.jpg,Used,Land Rover,Range Rover,Vogue,2019,100000,SUV,,Gasoline,,,,,American Specs,,,,,,Muscat,Al-Hail,Autos,Cars For Sale,,,,
موديل 2019 ES350F لكزس,"8,950 OMR",https://om.opensooq.com/en/search/285059788,https://opensooq-images.os-cdn.com/previews/2048x0/07/66/076627ab0a28f13491f44b65b1ad5c4cbcd372effc311b1dadf05ecae9fd4cc2.jpg,Used,Lexus,ES,ES 350 F Sport Handling,2019,111000,Sedan,,Gasoline,,,,,American Specs,,,,,,Al Dakhiliya,Nizwa,Autos,Cars For Sale,,,,
FOR SALE – 2019 Nissan Armada SL  Good Condition,"6,500 OMR",https://om.opensooq.com/en/search/285059614,https://opensooq-images.os-cdn.com/previews/2048x0/a7/ff/a7ff8a90c37b3de17946b3aef42edcbe0524564cfbb49885e1972d254b8d01da.jpg,Used,Nissan,Armada,SL,2019,165000,SUV,,Gasoline,,,,,American Specs,,,,,,Muscat,Al Khuwair,Autos,Cars For Sale,,,,
سيينا 2019,"5,700 OMR",https://om.opensooq.com/en/search/285056460,https://opensooq-images.os-cdn.com/previews/2048x0/67/7f/677f6063b178c43e69b727d864d6e1e10b31ab7298e6c1db01d4b0ac5e20b83a.jpg,Used,Toyota,Sienna,LE,2019,190000,,,Gasoline,,,,,American Specs,,,,,,Muscat,Seeb,Autos,Cars For Sale,,,,
لكسز ار اكس 350 2008 خليجي,"2,000 OMR",https://om.opensooq.com/en/search/285056916,https://opensooq-images.os-cdn.com/previews/2048x0/d2/f5/d2f59d138a408e65560ee2a4473566814495085cfa728cdac23e30456877f4be.jpg,Used,Lexus,RX,RX 350,2008,275000,SUV,,Gasoline,,,,,GCC Specs,,,,,,Al Batinah,Sohar,Autos,Cars For Sale,,,,
نظيف نظيف بمعنا الكلمه 2014,"2,700 OMR",https://om.opensooq.com/en/search/285057880,https://opensooq-images.os-cdn.com/previews/2048x0/fa/9e/fa9e832dfa9765dd09bccea087295fa200184310d229a4a7eacf5527dc2feebb.jpg,Used,Toyota,Camry,SE,2014,161000,Sedan,,Gasoline,,,,,American Specs,,,,,,Muscat,Al Mawaleh,Autos,Cars For Sale,,,,
ليجاسي 2014 نظيفة جدا وإقتصادية 6 غيار,"1,000 OMR",https://om.opensooq.com/en/search/285058308,https://opensooq-images.os-cdn.com/previews/2048x0/0e/23/0e23e797f4c39aacab71c64c6313440a588cebc8b7229d982cc42a2f37d4bf3d.jpg,Used,Subaru,Legacy,Sport,2014,440000,Sedan,,Gasoline,,,,,GCC Specs,,,,,,Muscat,Al Maabilah,Autos,Cars For Sale,,,,
هوندا أكورد LXموديل 2018,"4,200 OMR",https://om.opensooq.com/en/search/285058522,https://opensooq-images.os-cdn.com/previews/2048x0/29/8a/298af00755462e62f5bae0a1e9c468842ae5e4167929b9880e25402d4164f00f.jpg,Used,Honda,Accord,LX,2018,80000,Sedan,,Gasoline,,,,,American Specs,,,,,,Al Batinah,Suwaiq,Autos,Cars For Sale,,,,
ماكسيما 2014,"1,550 OMR",https://om.opensooq.com/en/search/285045910,https://opensooq-images.os-cdn.com/previews/2048x0/db/e6/dbe6fbcbb8f811f06893deb89126a5403e415d749d60fa24620e2ba9767e44f1.jpg,Used,Nissan,Maxima,SV,2014,203000,Sedan,,Gasoline,,,,,American Specs,,,,,,Al Dakhiliya,Nizwa,Autos,Cars For Sale,,,,
نيسان بيكاب (تيتان) موديل 2009,"1,000 OMR",https://om.opensooq.com/en/search/285058192,https://opensooq-images.os-cdn.com/previews/2048x0/1c/3e/1c3eb8906b0a33b76a71a22b9b01ba3d56c12d865020682f387c9fe5304d1bb0.jpg,Used,Nissan,Titan,Standard,2009,521273,PickUp,,Gasoline,,,,,American Specs,,,,,,Al Batinah,Rustaq,Autos,Cars For Sale,,,,
سينتافي 2023 low price very clean  سعر لقطة,"6,400 OMR",https://om.opensooq.com/en/search/285058102,https://opensooq-images.os-cdn.com/previews/2048x0/99/fc/99fc0e6bf6ab7ddeac9c2cebfe3768e48278bc78b6e71ef678ecccd47e3e65f0.jpg,Used,Hyundai,Santa Fe,SEL Premium,2023,72000,SUV,,Gasoline,,,,,American Specs,,,,,,Muscat,Al-Hail,Autos,Cars For Sale,,,,
Tayota Yaris -2024/Good condition like showroom,"6,500 OMR",https://om.opensooq.com/en/search/285057726,https://opensooq-images.os-cdn.com/previews/2048x0/21/05/2105422fc05f8d456884138391286c7b95288daa0a63ec28bde734610e9cb196.jpg,Used,Toyota,Yaris,SE,2024,30000,Sedan,,Gasoline,,,,,GCC Specs,,,,,,Al Batinah,Sohar,Autos,Cars For Sale,,,,
كورولا خليجي 2016,"4,500 OMR",https://om.opensooq.com/en/search/285057690,https://opensooq-images.os-cdn.com/previews/2048x0/fe/b5/feb56eefb0fa7f132d0ce4aa2649ffb2900353024bb7b4d65d78635337048d2a.jpg,Used,Toyota,Corolla,SE,2016,76000,Sedan,,Gasoline,,,,,GCC Specs,,,,,,Muscat,Al Mawaleh,Autos,Cars For Sale,,,,
Nissan Juke turbo engine 2011 model 1600Cc for sale,"1,400 OMR",https://om.opensooq.com/en/search/285057658,https://opensooq-images.os-cdn.com/previews/2048x0/32/76/3276a30f921611603bb8ae2b475e17c1b35eb419655df1bcf2ab31d9bf2fd51c.jpg,Used,Nissan,Juke,SV,2011,130000,SUV,,Gasoline,,,,,Japanese Specs,,,,,,Muscat,Ruwi,Autos,Cars For Sale,,,,
Jeep Renegade 2015,"2,100 OMR",https://om.opensooq.com/en/search/285057570,https://opensooq-images.os-cdn.com/previews/2048x0/8f/78/8f78b2a77c75538ef4f6e67cb0e81c403e181d07fe78984b35b01ed6874fa990.jpg,Used,Jeep,Renegade,Standard,2015,170000,HatchBack,,Gasoline,,,,,American Specs,,,,,,Muscat,Azaiba,Autos,Cars For Sale,,,,
تويوتا كامري XSEبنوراما 2020,"5,800 OMR",https://om.opensooq.com/en/search/285057458,https://opensooq-images.os-cdn.com/previews/2048x0/85/b6/85b6afe0424c26f0d9b7df2d4ac1fd4d4b5b867be6c1825cbc38efbc5eee227d.jpg,Used,Toyota,Camry,XSE,2020,80000,Sedan,,Gasoline,,,,,American Specs,,,,,,Al Batinah,Suwaiq,Autos,Cars For Sale,,,,
nissan sunny,"1,100 OMR",https://om.opensooq.com/en/search/285056690,https://opensooq-images.os-cdn.com/previews/2048x0/60/54/6054a8cf4dbde92a79da64270f8bdaf53751f15a8592b2684dd5a91ed5e645e7.jpg,Used,Nissan,Sunny,SV,2012,450000,Sedan,,Gasoline,,,,,Other Specs,,,,,,Dhofar,Salala,Autos,Cars For Sale,,,,
نيسان باترول بلاتينيوم,"7,300 OMR",https://om.opensooq.com/en/search/285057398,https://opensooq-images.os-cdn.com/previews/2048x0/02/4c/024cf33c4ce77135716419e6d7190f6d76ca7bf2222d3979e087d2e5b12d7d99.jpg,Used,Nissan,Patrol,LE Platinum,2015,260000,SUV,,Gasoline,,,,,GCC Specs,,,,,,Muscat,Manumah,Autos,Cars For Sale,,,,
2006 Mazda 6 Sedan GCC Specs,700 OMR,https://om.opensooq.com/en/search/285055464,https://opensooq-images.os-cdn.com/previews/2048x0/be/4a/be4a329d65cc7694ea2c18aab3b1e93eea166507f0a544905eb2c7175dde1a5a.jpg,Used,Mazda,6,Standard,2006,450000,Sedan,,Gasoline,,,,,GCC Specs,,,,,,Muscat,Al Mawaleh,Autos,Cars For Sale,,,,
Nissan Patrol 2025 LE T2 3.5 TT نيسان باترول توين توربو ليمتد,"29,500 OMR",https://om.opensooq.com/en/search/285057140,https://opensooq-images.os-cdn.com/previews/2048x0/85/b3/85b3237c91355cbd2fa292ac421f271670b1b1bd53eaae46afdf762a47fdfb27.jpg,Used,Nissan,Patrol,LE,2025,29200,SUV,,Gasoline,,,,,Dealership,,,,,,Muscat,Ansab,Autos,Cars For Sale,,,,
اليتما 2019 بحادث بسيط بدون خروج الايرباجات,"4,000 OMR",https://om.opensooq.com/en/search/285056592,https://opensooq-images.os-cdn.com/previews/2048x0/39/e4/39e48c7d14ea535701c58b17097d64bdcdc81f39b0b306d2966934de2b742ef6.jpg,Used,Nissan,Altima,SV,2019,230000,Sedan,,Gasoline,,,,,American Specs,,,,,,Muscat,Al Khoud,Autos,Cars For Sale,,,,
تويوتا كامري 2017,"5,000 OMR",https://om.opensooq.com/en/search/285056926,https://opensooq-images.os-cdn.com/previews/2048x0/0f/f5/0ff5da1f89f94fc47d1fa19fdd022cd4386bc0a9329fd3ea4c11ab30ee08fd07.jpg,Used,Toyota,Camry,XLE,2017,120000,Sedan,,Gasoline,,,,,American Specs,,,,,,Muscat,Al Maabilah,Autos,Cars For Sale,,,,
مرسيدس CLS 350 للبيع,"4,500 OMR",https://om.opensooq.com/en/search/284988482,https://opensooq-images.os-cdn.com/previews/2048x0/a0/45/a0451e8954a9ed9e71b80454a69dc590ed04da3c0b7c786b56c0f7593135b2c1.jpg,Used,Mercedes Benz,CLS-Class,CLS 350,2014,195000,Sedan,,Gasoline,,,,,GCC Specs,,,,,,Muscat,Bosher,Autos,Cars For Sale,,,,
نيسان باثفندر للبيع,"2,990 OMR",https://om.opensooq.com/en/search/285056480,https://opensooq-images.os-cdn.com/previews/2048x0/28/0d/280dd8e13e8836e8d385dd6c4a47e5be6ef3664589d855844013cb9193ae9228.jpg,Used,Nissan,Pathfinder,SV,2018,240000,SUV,,Gasoline,,,,,American Specs,,,,,,Muscat,Al Maabilah,Autos,Cars For Sale,,,,
هيونداي سنتافي بحالة ممتازة,"2,500 OMR",https://om.opensooq.com/en/search/285056504,https://opensooq-images.os-cdn.com/previews/2048x0/40/e7/40e7975811e1c68a9e608c8acfa41c758030787f8bd008e454b3d5a1bb199e0d.jpg,Used,Hyundai,Santa Fe,Standard,2014,231000,SUV,,Gasoline,,,,,Other Specs,,,,,,Muscat,Quriyat,Autos,Cars For Sale,,,,
Mitsubishi Pajero 2014 Model For Sale,"2,750 OMR",https://om.opensooq.com/en/search/285056414,https://opensooq-images.os-cdn.com/previews/2048x0/ec/ef/ecef5f1d93e16d62f012340eeb85fb37722e956007c6fb108b10e9a337d86918.jpg,Used,Mitsubishi,Pajero,GLS,2014,212000,SUV,,Gasoline,,,,,GCC Specs,,,,,,Muscat,Darsait,Autos,Cars For Sale,,,,
للبيع كامري SE 2012 نظيفه,"2,050 OMR",https://om.opensooq.com/en/search/285056092,https://opensooq-images.os-cdn.com/previews/2048x0/9d/00/9d009839be0abe1a0dc9183a5477da1001b87f22ba44b7f2f2150e08cee87463.jpg,Used,Toyota,Camry,SE,2012,213000,Sedan,,Gasoline,,,,,American Specs,,,,,,Al Batinah,Saham,Autos,Cars For Sale,,,,
رافور 2018 بحالة الوكاله رقم 1 فتحه xle فورويلAWD,"4,300 OMR",https://om.opensooq.com/en/search/285042458,https://opensooq-images.os-cdn.com/previews/2048x0/8f/09/8f0934e92f71845e3bd70e3cdbdc2e5ce9c93a8600d98512ce0282db10d9250d.jpg,Used,Toyota,RAV 4,XLE,2018,65000,SUV,,Gasoline,,,,,American Specs,,,,,,Al Batinah,Saham,Autos,Cars For Sale,,,,
لاندكروزر 2018 vxr خليجي,"19,200 OMR",https://om.opensooq.com/en/search/285055548,https://opensooq-images.os-cdn.com/previews/2048x0/67/98/67987288789262354937553b4d86dae1d2f696e80936b3a9f80bf436ed26f8eb.jpg,Used,Toyota,Land Cruiser,VXR,2018,217200,SUV,,Gasoline,,,,,GCC Specs,,,,,,Muscat,Seeb,Autos,Cars For Sale,,,,
لكزس GS 300 موديل 2000، فابريكة، لون أسود، حالة ممتازة، مرخصة ومؤمنة,840 OMR,https://om.opensooq.com/en/search/285055728,https://opensooq-images.os-cdn.com/previews/2048x0/cc/b6/ccb6ea658fd288d0ad93d03cfd0d6e6f199879fb36796b8d8ddf98e46b817a86.jpg,Used,Lexus,GS,GS 300,2000,330000,Sedan,,Gasoline,,,,,American Specs,,,,,,Al Batinah,Saham,Autos,Cars For Sale,,,,
شفرولية ماليبو 2011,650 OMR,https://om.opensooq.com/en/search/285055504,https://opensooq-images.os-cdn.com/previews/2048x0/42/95/429526515fc2a2dadbd35192d805cda374db9e4795377280e2223a4f75e6d1c2.jpg,New,Chevrolet,Malibu,LT,2011,900,Sedan,,Gasoline,,,,,GCC Specs,,,,,,Al Batinah,Shinas,Autos,Cars For Sale,,,,
KIA cerato 2013,"1,200 OMR",https://om.opensooq.com/en/search/285054960,https://opensooq-images.os-cdn.com/previews/2048x0/49/e4/49e40f305ed15ad234825857a5c4727862bcac8ea878017de0b933030edaeb4a.jpg,Used,Kia,Cerato,EX,2013,520000,Sedan,,Gasoline,,,,,GCC Specs,,,,,,Al Batinah,Barka,Autos,Cars For Sale,,,,
كامري GLE نظيف 97,"1,300 OMR",https://om.opensooq.com/en/search/285055128,https://opensooq-images.os-cdn.com/previews/2048x0/46/e9/46e955d11696ca080f43cb0b4e48a3b49a6b75beaeced454a580730c605d7fb3.jpg,Used,Toyota,Camry,GL,1997,370000,Sedan,,Gasoline,,,,,Japanese Specs,,,,,,Al Sharqiya,Ja'alan Bani Bu Ali,Autos,Cars For Sale,,,,
Excellent condition car for sale,"1,200 OMR",https://om.opensooq.com/en/search/285054986,https://opensooq-images.os-cdn.com/previews/2048x0/fc/bd/fcbd6526cc9a4ea27ef690f0112a242a9c6581291eb9a85f435cf9ce7062da7a.jpg,Used,Hyundai,Accent,Standard,2009,282831,Coupe,,Gasoline,,,,,GCC Specs,,,,,,Al Dakhiliya,Nizwa,Autos,Cars For Sale,,,,
نيسان بترول,"4,300 OMR",https://om.opensooq.com/en/search/285051308,https://opensooq-images.os-cdn.com/previews/2048x0/d8/f9/d8f9402e302a1a713d71d2d3daa77dc816e0b4e3a4ceadfb67caf4fbeeef21bf.jpg,Used,Nissan,Patrol,LE,2010,199999,SUV,,Gasoline,,,,,Other Specs,,,,,,Al Dakhiliya,Nizwa,Autos,Cars For Sale,,,,
مطلوب اف جي 09 - 08,"1,000 OMR",https://om.opensooq.com/en/search/285052992,https://opensooq-images.os-cdn.com/previews/2048x0/38/ea/38ea5ad99c0ec21cc47b28c00317851b7e4c28e6fdc6e162de20171ee0abddef.jpg,Used,Toyota,FJ,XTREME,2008,100000,SUV,,Gasoline,,,,,GCC Specs,,,,,,Muscat,Azaiba,Autos,Cars For Sale,,,,
مرسيدس بنز الفئة-C 2020 C 300 صالون سيدان بيج مع مواصفات أمريكية ونظام أمان كامل,"7,500 OMR",https://om.opensooq.com/en/search/285054926,https://opensooq-images.os-cdn.com/previews/2048x0/8e/20/8e20d20028821db3fdf3479381e8a2c71f9c57417073cf86d9433ef3ff56a223.jpg,Used,Mercedes Benz,C-Class,C 300,2020,100000,Sedan,,Gasoline,,,,,American Specs,,,,,,Dhofar,Salala,Autos,Cars For Sale,,,,
GAS GS3 CHINESE COMPANY 2020 MODLE,"1,350 OMR",https://om.opensooq.com/en/search/285054864,https://opensooq-images.os-cdn.com/previews/2048x0/21/90/21909c85fd0019a9adaacfe161c6eeef6b001f5db991c7054dd78f9413f998d3.jpg,Used,GAC,GS3,Standard,2020,248500,HatchBack,,Gasoline,,,,,Chinese Specs,,,,,,Muscat,Al Mouj,Autos,Cars For Sale,,,,
جيب جراند شيروكي SRT8,"3,900 OMR",https://om.opensooq.com/en/search/285035202,https://opensooq-images.os-cdn.com/previews/2048x0/97/ac/97acd6bb0a240bdcfbc033b7e4c8c8af540e1748549d00520dfac21302e7448a.jpg,Used,Jeep,Grand Cherokee,SRT 8,2013,250000,SUV,,Gasoline,,,,,American Specs,,,,,,Muscat,Al Maabilah,Autos,Cars For Sale,,,,
قالوصه للبيع,"99,999 OMR",https://om.opensooq.com/en/search/285054890,https://opensooq-images.os-cdn.com/previews/2048x0/5e/71/5e71ecee825a5a106c5be34fccaf009ab8c4872e79ffc0e921cb034071ac8547.jpg,Used,Mitsubishi,Van,,2015,1000000,,,Gasoline,,,,,Other Specs,,,,,,Al Batinah,Al Khaboura,Autos,Cars For Sale,,,,
للبيع شيفروليه كابتيفا 2025 خليجي وكالة عمان على الضمان بحالة وكالة كالجديد GCC Oman Car like new,"6,000 OMR",https://om.opensooq.com/en/search/285054828,https://opensooq-images.os-cdn.com/previews/2048x0/3c/63/3c63d39e29df3bb683ec86f79d164ebba5eb0b9342152935a1884fa748e2e268.jpg,Used,Chevrolet,Captiva,LS,2025,13000,SUV,,Gasoline,,,,,GCC Specs,,,,,,Muscat,Seeb,Autos,Cars For Sale,,,,
مازدا 3  موديل 2018,"2,500 OMR",https://om.opensooq.com/en/search/285030344,https://opensooq-images.os-cdn.com/previews/2048x0/87/25/8725f556f2d37bb5ae803f2f22fa015deceb094f5e68da2ab42a4202dfac640d.jpg,Used,Mazda,3,Standard,2018,11219,Sedan,,Gasoline,,,,,Japanese Specs,,,,,,Muscat,Al Khuwair,Autos,Cars For Sale,,,,
كامري 2016,"3,000 OMR",https://om.opensooq.com/en/search/285053766,https://opensooq-images.os-cdn.com/previews/2048x0/fd/e1/fde1c3fdd260e0a94891abbd42b07a4908dc2e02468885e010ba4b95b9b8ad49.jpg,Used,Toyota,Camry,SE,2016,240460,Sedan,,Gasoline,,,,,American Specs,,,,,,Al Sharqiya,Other,Autos,Cars For Sale,,,,
هيونداي سوناتا SE 2013,"1,550 OMR",https://om.opensooq.com/en/search/285054194,https://opensooq-images.os-cdn.com/previews/2048x0/bc/40/bc40e430f9c42b8edd3395079db0388de3c0cf290a85aa49e55ce85fa4f499b9.jpg,Used,Hyundai,Sonata,SE,2013,300000,Sedan,,Gasoline,,,,,Korean Specs,,,,,,Muscat,Qurm,Autos,Cars For Sale,,,,
مرسيدس E350 فورمتك للبيع,"5,300 OMR",https://om.opensooq.com/en/search/285053102,https://opensooq-images.os-cdn.com/previews/2048x0/a6/c3/a6c3bcf20bd9642f398a1cfcfad3c20295c42f6e3a1b80a09d977a462a5cde45.jpg,Used,Mercedes Benz,E-Class,E 350,2016,321000,Sedan,,Gasoline,,,,,American Specs,,,,,,Al Batinah,Sohar,Autos,Cars For Sale,,,,
سيارة إنفينيتي 2022 صالون سيدان، لون أبيض، مرخصة، بحالة جيدة وميزات حديثة,"6,500 OMR",https://om.opensooq.com/en/search/285054126,https://opensooq-images.os-cdn.com/previews/2048x0/a1/3d/a13d9aefbc3ed65a57f12e8dda1a4653e97bba8f5e276ef31cdd871024d2feb6.jpg,Used,Infiniti,Other,,2021,112000,Sedan,,Gasoline,,,,,Japanese Specs,,,,,,Muscat,Qurm,Autos,Cars For Sale,,,,
Suzuki swift 2013 good and clean  selling due to travel,"1,400 OMR",https://om.opensooq.com/en/search/285053284,https://opensooq-images.os-cdn.com/previews/2048x0/82/61/826139e5820ae34ab3203cc3712445a689733861b3e691e50f2e26deb79a9c3b.jpg,Used,Suzuki,Swift,Standard,2013,301122,HatchBack,,Gasoline,,,,,GCC Specs,,,,,,Muscat,Al Mawaleh,Autos,Cars For Sale,,,,
للبيع lynk & co 03 plus 2024 ممشى قليل جداً و جديده ع الصمان و السيرفس متوفر و PPF كامل للسيارة,"10,000 OMR",https://om.opensooq.com/en/search/285053740,https://opensooq-images.os-cdn.com/previews/2048x0/37/29/37295f28866593c96de76e2e75300c6dc32ff5090f5d160e7a864a335b173ad2.jpg,Used,Lynk & Co,3,,2024,32000,Sedan,,Gasoline,,,,,GCC Specs,,,,,,Muscat,Amerat,Autos,Cars For Sale,,,,
جيب جراند شيروكي Limited 2025 أسود للبيع,"18,000 OMR",https://om.opensooq.com/en/search/285053808,https://opensooq-images.os-cdn.com/previews/2048x0/99/6e/996eb09082c68fc78a7e36cd281cbd39a6aef27147f2fa08f5d9fe745552a125.jpg,Used,Jeep,Grand Cherokee,Limited,2025,7000,SUV,,Gasoline,,,,,American Specs,,,,,,Muscat,Amerat,Autos,Cars For Sale,,,,
سلام عليكم تيوتا افلون بحاله المصنع أمورها عال العال,"1,750 OMR",https://om.opensooq.com/en/search/285053500,https://opensooq-images.os-cdn.com/previews/2048x0/d6/bd/d6bd50076ab8b37c2ca1a9536041e1031c4a191f52c1190839eda57b80cf8116.jpg,Used,Toyota,Avalon,XLS,2010,300000,Sedan,,Gasoline,,,,,European Specs,,,,,,Al Sharqiya,Sinaw,Autos,Cars For Sale,,,,
تويوتا فورنر SR5,"10,000 OMR",https://om.opensooq.com/en/search/285053358,https://opensooq-images.os-cdn.com/previews/2048x0/f4/f0/f4f086e897221a7fd11584bd952ab11fb0e24ad999a92410d58072d950ae16fa.jpg,Used,Toyota,4 Runner,SR5,2021,100000,SUV,,Gasoline,,,,,American Specs,,,,,,Al Dakhiliya,Hamra,Autos,Cars For Sale,,,,
مرسيدس بنز AMG/S350,"3,750 OMR",https://om.opensooq.com/en/search/285053206,https://opensooq-images.os-cdn.com/previews/2048x0/11/b6/11b6bee8ff2dd2269d0dc9057b30c66ad83ea99bde3ac14a441f2fdea3299016.jpg,Used,Mercedes Benz,S-Class,S 350,2012,230000,Sedan,,Gasoline,,,,,GCC Specs,,,,,,Muscat,Seeb,Autos,Cars For Sale,,,,
كرايسلر 300 خليجي وكالة عمان,"1,300 OMR",https://om.opensooq.com/en/search/285053024,https://opensooq-images.os-cdn.com/previews/2048x0/cc/07/cc0714ccbcb67f25800f624910dacff806f75043634c51cbbdf8c3b0451f6cb6.jpg,Used,Chrysler,300,300S V6,2012,275000,Sedan,,Gasoline,,,,,GCC Specs,,,,,,Al Dakhiliya,Bidbid,Autos,Cars For Sale,,,,
تويوتا افالون 2020 خليجية مستعملة بحالة ممتازة جداً وبممشى بسيط .,"10,400 OMR",https://om.opensooq.com/en/search/285052948,https://opensooq-images.os-cdn.com/previews/2048x0/37/3b/373b2e95c0b16c9aac4cb4c6e27e6e210aaa2119ae4d12bc168b8ef0591a8d68.jpg,Used,Toyota,Avalon,Limited,2020,123000,Sedan,,Gasoline,,,,,GCC Specs,,,,,,Muscat,Azaiba,Autos,Cars For Sale,,,,
تويوتا ياريس 2016 للبيع,"2,800 OMR",https://om.opensooq.com/en/search/285052160,https://opensooq-images.os-cdn.com/previews/2048x0/ac/6f/ac6f33e1c0ddd650432d1ae9d209e64ef3cf16603fa31a85d2bb82a054316c52.jpg,Used,Toyota,Yaris,E,2016,380000,Sedan,,Gasoline,,,,,GCC Specs,,,,,,Al Batinah,Suwaiq,Autos,Cars For Sale,,,,
Mazda CX9 2.5T,"8,500 OMR",https://om.opensooq.com/en/search/285052588,https://opensooq-images.os-cdn.com/previews/2048x0/b3/47/b34771b0d226c7d468e7016171e6a4776cc2d1d0ca710191450d047ec57f31ce.jpg,Used,Mazda,CX-9,Standard,2020,158600,SUV,,Gasoline,,,,,GCC Specs,,,,,,Muscat,Darsait,Autos,Cars For Sale,,,,
هوندا أوديسى 2025 بيضاء فان مرخصة بحالة جيدة مع تقنيات حديثة,"8,500 OMR",https://om.opensooq.com/en/search/285052566,https://opensooq-images.os-cdn.com/previews/2048x0/62/4d/624d80f6a033940a75db85d1d94f8607e1e1f004b2f962e7dad13952363b1c3b.jpg,Used,Honda,Odyssey,SE,2025,30000,,,Gasoline,,,,,American Specs,,,,,,Muscat,Amerat,Autos,Cars For Sale,,,,
باثفندر SL,"4,500 OMR",https://om.opensooq.com/en/search/285052530,https://opensooq-images.os-cdn.com/previews/2048x0/53/37/5337e5221b0741ed4701346e416b20cbf2ebacdaaf87c6d38f5d2b2ab46a5d14.jpg,Used,Nissan,Pathfinder,SL,2018,145000,SUV,,Gasoline,,,,,American Specs,,,,,,Muscat,Bosher,Autos,Cars For Sale,,,,
نيسان باثفايندر 2013 رمادي SV للبيع مع مواصفات أمريكية وكماليات حديثة,"2,300 OMR",https://om.opensooq.com/en/search/285051838,https://opensooq-images.os-cdn.com/previews/2048x0/44/ac/44ac55d49c0f67f00e1a4e71031d793a14abc2abfc0085efd6718ff529ea2d02.jpg,Used,Nissan,Pathfinder,SV,2013,116625,SUV,,Gasoline,,,,,American Specs,,,,,,Al Batinah,Barka,Autos,Cars For Sale,,,,
سياره متسوبيشي لانسر,500 OMR,https://om.opensooq.com/en/search/285052018,https://opensooq-images.os-cdn.com/previews/2048x0/34/8f/348fd1496b53e8c80bc63a071d247957468495f981bfb12f2a805f4c299fd7c0.jpg,Used,Mitsubishi,Lancer,Standard,2000,250000,Sedan,,Gasoline,,,,,GCC Specs,,,,,,Dhofar,Salala,Autos,Cars For Sale,,,,
متسوبيشي لانسر 2000,500 OMR,https://om.opensooq.com/en/search/285051758,https://opensooq-images.os-cdn.com/previews/2048x0/34/8f/348fd1496b53e8c80bc63a071d247957468495f981bfb12f2a805f4c299fd7c0.jpg,Used,Mitsubishi,Lancer,Standard,2000,250000,Sedan,,Gasoline,,,,,GCC Specs,,,,,,Dhofar,Salala,Autos,Cars For Sale,,,,
نيسان باترول,"8,500 OMR",https://om.opensooq.com/en/search/285051762,https://opensooq-images.os-cdn.com/previews/2048x0/18/cf/18cf5a97f940be956aae1d6f0363f4246b708ac3026a6aeab714b6fd950411c1.jpg,Used,Nissan,Patrol,LE Platinum,2017,300000,SUV,,Gasoline,,,,,GCC Specs,,,,,,Muscat,Al Maabilah,Autos,Cars For Sale,,,,
تويوتا كورلا وارد 2019,"1,000 OMR",https://om.opensooq.com/en/search/285026588,https://opensooq-images.os-cdn.com/previews/2048x0/22/38/2238273a79de6560408858bb2d9f1d3c85f048c513b8f5b640aded1f8bcdd8c7.jpg,Used,Toyota,Corolla,LE,2019,10000,Coupe,,Gasoline,,,,,American Specs,,,,,,Al Batinah,Al Khaboura,Autos,Cars For Sale,,,,
Kia Cerato 2010,"1,150 OMR",https://om.opensooq.com/en/search/285050312,https://opensooq-images.os-cdn.com/previews/2048x0/f6/06/f606e6161b6fad0aa5743359856f4e151d8b32ef2b6b32c02561ffd24f63d380.jpg,Used,Kia,Cerato,LX,2010,345615,Sedan,,Gasoline,,,,,GCC Specs,,,,,,Muscat,Seeb,Autos,Cars For Sale,,,,
باجيرو للبيع نظيف,650 OMR,https://om.opensooq.com/en/search/285038254,https://opensooq-images.os-cdn.com/previews/2048x0/29/e8/29e8b1f8cd58b57c0ef4a784835ac154db0134f19706a4dd97a363dbce91a83c.jpg,Used,Mitsubishi,Pajero,Standard,2006,50000,SUV,,Gasoline,,,,,GCC Specs,,,,,,Dhofar,Salala,Autos,Cars For Sale,,,,
BYD sealion 06 للبيع,"10,800 OMR",https://om.opensooq.com/en/search/285051358,https://opensooq-images.os-cdn.com/previews/2048x0/85/6d/856d3632e20cfa0362b789a8739f0d6c4b431410651915106aae14b1fa21bc03.jpg,New,BYD,Sealion,,2025,0,SUV,,Electric,,,,,Chinese Specs,,,,,,Al Batinah,Rustaq,Autos,Cars For Sale,,,,
لكزس RX2020 للتواصل على رقم,"11,500 OMR",https://om.opensooq.com/en/search/285051352,https://opensooq-images.os-cdn.com/previews/2048x0/f2/87/f287bf38023985d889e90d45865ba31d42f4279ec3a51c35addea1fafb6351bb.jpg,Used,Lexus,RX,RX 350,2020,66000,SUV,,Gasoline,,,,,American Specs,,,,,,Muscat,Al Khoud,Autos,Cars For Sale,,,,
Nissan Sunny 2010 For sale,830 OMR,https://om.opensooq.com/en/search/285051418,https://opensooq-images.os-cdn.com/previews/2048x0/d8/2c/d82cc2d6ad7a1bb58c60726e3ee5fce7b107e1979c2d028c2b5da87f285cd7ad.jpg,Used,Nissan,Sunny,Standard,2010,300000,Sedan,,Gasoline,,,,,Korean Specs,,,,,,Muscat,Al-Hail,Autos,Cars For Sale,,,,
سياره هامر,"3,500 OMR",https://om.opensooq.com/en/search/285051428,https://opensooq-images.os-cdn.com/previews/2048x0/95/ab/95ab352e8b8990dd170f296d6a28c6e4d8dd827be23be1fc0b90662deac13dde.jpg,Used,Hummer,H2,SUT,2006,290000,PickUp,,Gasoline,,,,,GCC Specs,,,,,,Dhofar,Salala,Autos,Cars For Sale,,,,
فورد إكسبورجن 2001 رمادي فحص مرخصة باص فان مع مواصفات أمريكية,"2,000 OMR",https://om.opensooq.com/en/search/285050954,https://opensooq-images.os-cdn.com/previews/2048x0/26/57/26576f3ccf816b5103f1ee1d45c09efb8d051d31126d2814442917969e95994c.jpg,Used,Ford,Excursion,Standard,2001,9333,,,Gasoline,,,,,American Specs,,,,,,Muscat,Bosher,Autos,Cars For Sale,,,,
نيسان بلاتينيوم رقم واحد,"7,500 OMR",https://om.opensooq.com/en/search/284598060,https://opensooq-images.os-cdn.com/previews/2048x0/18/dd/18dd805c9216a9bc458feb1cdf6aa93c7b13aef925e377c084432ab4134b1ae2.jpg,Used,Nissan,Patrol,LE Platinum,2015,190000,SUV,,Gasoline,,,,,GCC Specs,,,,,,Muscat,Al Khoud,Autos,Cars For Sale,,,,
لكسر Es 2019  للبيع فقط ليس للمبادله,"8,200 OMR",https://om.opensooq.com/en/search/284683764,https://opensooq-images.os-cdn.com/previews/2048x0/9f/54/9f542e6e301340982599ae77d992224530f0e7d5d358f1e445be232eda20dd14.jpg,Used,Lexus,ES,ES 350,2019,130000,Sedan,,Gasoline,,,,,American Specs,,,,,,Dhofar,Salala,Autos,Cars For Sale,,,,
مازدا 6 خليجي 2019,"4,100 OMR",https://om.opensooq.com/en/search/285050674,https://opensooq-images.os-cdn.com/previews/2048x0/15/d6/15d651cc383b5d14657d177ef0b67889ad1c5d1a031292b0f275a2280336b5fd.jpg,Used,Mazda,6,Standard,2019,134000,Sedan,,Gasoline,,,,,GCC Specs,,,,,,Muscat,Amerat,Autos,Cars For Sale,,,,
BYD Qin Plus 2025 الجديد اللي مكسر السوق BYD Qin Plus موديل 2025,"5,350 OMR",https://om.opensooq.com/en/search/285049852,https://opensooq-images.os-cdn.com/previews/2048x0/a7/04/a704000aba6118f559b58fdea68b773f6151a7c64cf97e4409ad32bffd9bab4d.jpg,New,BYD,Qin,,2025,0,Sedan,,Plug-in - Hybrid,,,,,Chinese Specs,,,,,,Al Batinah,Rustaq,Autos,Cars For Sale,,,,
suzuki ciaz well maintained  mulkiya new good milage,"1,600 OMR",https://om.opensooq.com/en/search/285034606,https://opensooq-images.os-cdn.com/previews/2048x0/b5/90/b590e8046ba9df5c41d772cd44cc25f94ada99fd419e7a6e8e9526d65dd2384a.jpg,Used,Suzuki,Ciaz,Standard,2016,160000,Sedan,,Gasoline,,,,,GCC Specs,,,,,,Muscat,Seeb,Autos,Cars For Sale,,,,
فورد اكسبيديشن 2012 للبيع,"2,200 OMR",https://om.opensooq.com/en/search/285049678,https://opensooq-images.os-cdn.com/previews/2048x0/1b/ac/1bace913c2de33e74548d9e0df718de5edc65ce002aef98cdc10dd6406954dd6.jpg,Used,Ford,Expedition,Standard,2012,300000,SUV,,Gasoline,,,,,GCC Specs,,,,,,Muscat,Al Maabilah,Autos,Cars For Sale,,,,
هوندا 2002,600 OMR,https://om.opensooq.com/en/search/285049388,https://opensooq-images.os-cdn.com/previews/2048x0/d8/06/d8066bfe763a6df212da10878e9fe74488052e7c84e246d8826c6a1c6893828e.jpg,Used,Honda,Civic,DX,2002,193250,Coupe,,Gasoline,,,,,GCC Specs,,,,,,Muscat,Al Khuwair,Autos,Cars For Sale,,,,
2012 Toyota Yaris Automatic – Fuel Efficient & Reliable,"1,500 OMR",https://om.opensooq.com/en/search/285049378,https://opensooq-images.os-cdn.com/previews/2048x0/d9/50/d95031576a2ecea596217d5fe828a59296fa096e1482770d842f8170badd9e7c.jpg,Used,Toyota,Yaris,Basic,2012,265000,Coupe,,Diesel,,,,,GCC Specs,,,,,,Muscat,Amerat,Autos,Cars For Sale,,,,
دودج رام 2018 كلاسيك,"4,900 OMR",https://om.opensooq.com/en/search/284999832,https://opensooq-images.os-cdn.com/previews/2048x0/85/8a/858af0301c2013f42f47b78d3178c9790e1cf582b5a83ce5870656a4d760ae04.jpg,Used,Dodge,Ram,Classic,2018,196000,PickUp,,Gasoline,,,,,American Specs,,,,,,Al Batinah,Sohar,Autos,Cars For Sale,,,,
مرسيدس E300 موديل 2018,"6,500 OMR",https://om.opensooq.com/en/search/285048442,https://opensooq-images.os-cdn.com/previews/2048x0/72/5b/725b14df573a4b38b0c6cba984e9c3d0186896064190ce9769a8f784fcd23e39.jpg,Used,Mercedes Benz,E-Class,E 300,2018,175000,Sedan,,Gasoline,,,,,American Specs,,,,,,Al Batinah,Suwaiq,Autos,Cars For Sale,,,,
مرسيدس اس كلاس كوبيه 2017 Mercedes S Class,"18,900 OMR",https://om.opensooq.com/en/search/285048686,https://opensooq-images.os-cdn.com/previews/2048x0/b7/d2/b7d2cab625a2e017e979a307584f6569613110d1ccdcc8eeb723d930162e035e.jpg,Used,Mercedes Benz,S-Class,63 S AMG,2017,71000,Coupe,,Gasoline,,,,,American Specs,,,,,,Muscat,Al Maabilah,Autos,Cars For Sale,,,,
التيما 2022 SR,"4,600 OMR",https://om.opensooq.com/en/search/285048364,https://opensooq-images.os-cdn.com/previews/2048x0/da/60/da603957a66deef1a43226a9fdd69b5818db2194f65063b42d08908ca8b426d4.webp,Used,Nissan,Altima,SR,2022,170000,Sedan,,Gasoline,,,,,American Specs,,,,,,Al Dakhiliya,Nizwa,Autos,Cars For Sale,,,,
تويوتا افانزا 2015,"2,700 OMR",https://om.opensooq.com/en/search/285048486,https://opensooq-images.os-cdn.com/previews/2048x0/ae/0a/ae0a088ec63e14ef60dc46a0ebc8ada95787c3b04abd8360222fa8b1d1b64e94.jpg,Used,Toyota,Avanza,GLS,2015,243000,SUV,,Gasoline,,,,,GCC Specs,,,,,,Muscat,Ghala,Autos,Cars For Sale,,,,
هونداي2009,700 OMR,https://om.opensooq.com/en/search/285048202,https://opensooq-images.os-cdn.com/previews/2048x0/a8/5a/a85a64baa49ff6b9788f872a2834de39f7a39cb2587aa3c8823fb6c8a1d3cf7a.jpg,Used,Hyundai,Getz,Standard,2009,200000,Sedan,,Gasoline,,,,,Korean Specs,,,,,,Muscat,Al Maabilah,Autos,Cars For Sale,,,,
استيشن لكزس محول سوبرجارج 2014,"7,900 OMR",https://om.opensooq.com/en/search/285048160,https://opensooq-images.os-cdn.com/previews/2048x0/f1/de/f1dea322e687d0b2b2a1eab2317ed9c06867513e3c6f20dbec8889e55839a9c9.jpg,Used,Lexus,LX,LX 570,2011,244000,SUV,,Gasoline,,,,,GCC Specs,,,,,,Buraimi,Al Buraimi,Autos,Cars For Sale,,,,
للبيع رام باب واحد,"5,500 OMR",https://om.opensooq.com/en/search/285007220,https://opensooq-images.os-cdn.com/previews/2048x0/44/fb/44fba683c2993c850f3616b58b1f0ed0f21ac463ec644f4cded2ba1badb29d59.jpg,Used,Dodge,Ram,Classic,2017,20000,PickUp,,Gasoline,,,,,American Specs,,,,,,Muscat,Al Maabilah,Autos,Cars For Sale,,,,
نيسان باترول بلاتنيوم المكينه الكبيره 400حصان خليجي وكالة عمان بهوان Nissan patrol GCC Oman,"7,800 OMR",https://om.opensooq.com/en/search/284695568,https://opensooq-images.os-cdn.com/previews/2048x0/5d/0b/5d0b8bc4803e56cfde3d1a5b03b42ac0ddd02fa94ff24186c3e474d516ad48b3.jpg,Used,Nissan,Patrol,LE Platinum,2014,250000,SUV,,Gasoline,,,,,GCC Specs,,,,,,Al Batinah,Suwaiq,Autos,Cars For Sale,,,,
تسلا Y موديل 2023 لونج رنج دول موتر  7ركاب  Tesla Y  2023 Long Range Dual motor (All whell drive),"8,700 OMR",https://om.opensooq.com/en/search/284981982,https://opensooq-images.os-cdn.com/previews/2048x0/7f/e9/7fe92a560d19cdc73b127b059d66af1cd811b46262142a3ddea9df2ae69ecbb6.jpg,Used,Tesla,Model Y,Long Range,2023,80000,HatchBack,,Electric,,,,,American Specs,,,,,,Al Batinah,Suwaiq,Autos,Cars For Sale,,,,
كرولا هاتشباك 2023 مواصفات خليجيه تسجيل جديد,"4,750 OMR",https://om.opensooq.com/en/search/285092756,https://opensooq-images.os-cdn.com/previews/2048x0/e7/9a/e79adbe42ce4d268d4466f598cad0437129f0c7066568f79472f17d496dbe7ee.jpg,Used,Toyota,Corolla,Hatchback,2023,44000,HatchBack,,Gasoline,,,,,GCC Specs,,,,,,Muscat,Ansab,Autos,Cars For Sale,,,,
. MG6 2020 in very good condition. from Oman Wkalah,"2,050 OMR",https://om.opensooq.com/en/search/285064150,https://opensooq-images.os-cdn.com/previews/2048x0/07/ec/07eca24ab09900c0e0de37aa95f2d80922b80033ba2851d6d513e51e3193da4f.jpg,Used,MG,MG 6,,2020,122000,HatchBack,,Gasoline,,,,,GCC Specs,,,,,,Dhofar,Salala,Autos,Cars For Sale,,,,
Lexus 570 For sale only,"20,500 OMR",https://om.opensooq.com/en/search/284946660,https://opensooq-images.os-cdn.com/previews/2048x0/8f/53/8f537cae7fe4b84e216ee7bcf917e2dcfc4f8ba5207841cb1a96792c5741a273.jpg,Used,Lexus,LX,LX 570,2017,150000,SUV,,Gasoline,,,,,American Specs,,,,,,Al Sharqiya,Ja'alan Bani Bu Ali,Autos,Cars For Sale,,,,
انفنتي للبيع Fxs,"2,800 OMR",https://om.opensooq.com/en/search/285097586,https://opensooq-images.os-cdn.com/previews/2048x0/7a/0c/7a0c6b55503a2edce7cf002518d2962807d473828a1c4454a1e0835253e7a7c2.jpg,Used,Infiniti,FX50,Sport,2011,10000,SUV,,Gasoline,,,,,GCC Specs,,,,,,Al Sharqiya,Sinaw,Autos,Cars For Sale,,,,
ياريس 2008,"1,400 OMR",https://om.opensooq.com/en/search/285097522,https://opensooq-images.os-cdn.com/previews/2048x0/36/50/3650faf138ff7397721522b501edc312fe42c9272e1d53a064013bf506e9fffa.jpg,Used,Toyota,Yaris,Basic,2008,410000,Sedan,,Gasoline,,,,,GCC Specs,,,,,,Muscat,Yiti,Autos,Cars For Sale,,,,
تحت الضمان تاهو LT خليجية بدون حوادث ولاصبغ نهائيا شبه جديدة بانوراما شبه جديدة الشكل الجديد,"18,900 OMR",https://om.opensooq.com/en/search/285097248,https://opensooq-images.os-cdn.com/previews/2048x0/ae/43/ae439269ceea15bbab939a210d79659a0e95b71e520d36223d73daaa29b75a24.jpg,Used,Chevrolet,Tahoe,LT,2022,90000,SUV,,Gasoline,,,,,GCC Specs,,,,,,Al Batinah,Barka,Autos,Cars For Sale,,,,
BMW 120 i under warranty,"11,900 OMR",https://om.opensooq.com/en/search/285097180,https://opensooq-images.os-cdn.com/previews/2048x0/ae/e5/aee5d2216d79a4fda75ed3df1c3cf743b2789dc96263119055b5ab13d59b82c0.jpg,Used,BMW,1 Series,120,2023,41000,HatchBack,,Gasoline,,,,,GCC Specs,,,,,,Muscat,Madinat As Sultan Qaboos,Autos,Cars For Sale,,,,
Mercedes S500 Model 2016 Km 72000,"16,800 OMR",https://om.opensooq.com/en/search/285097164,https://opensooq-images.os-cdn.com/previews/2048x0/73/12/73123975b3db553176445b639da1e62d855db1df1431050c994edf4d89b9433a.jpg,Used,Mercedes Benz,S-Class,S 500,2016,72000,Sedan,,Gasoline,,,,,GCC Specs,,,,,,Muscat,Al Khuwair,Autos,Cars For Sale,,,,
Range Rover Sport Model 2019,"16,500 OMR",https://om.opensooq.com/en/search/285097134,https://opensooq-images.os-cdn.com/previews/2048x0/0f/2e/0f2e3cef8f9aef88e5d945b3a10980bdd935f33f8e027dfe8061b1a501e93a54.jpg,Used,Land Rover,Range Rover Sport,HSE,2019,179000,SUV,,Gasoline,,,,,GCC Specs,,,,,,Muscat,Al Khuwair,Autos,Cars For Sale,,,,
BMW X7 V8 Model 2021,"20,500 OMR",https://om.opensooq.com/en/search/285097112,https://opensooq-images.os-cdn.com/previews/2048x0/2c/e6/2ce64fc0afe534935f32ae95c04a3fa4382731202381293e0933354061eec5c1.jpg,Used,BMW,X7 Series,X7 xDrive40i,2021,150000,SUV,,Gasoline,,,,,GCC Specs,,,,,,Muscat,Al Khuwair,Autos,Cars For Sale,,,,
Jeep Wrangler 392 Model 2024 km 10000,"30,000 OMR",https://om.opensooq.com/en/search/285097048,https://opensooq-images.os-cdn.com/previews/2048x0/76/83/7683a6f4d0c169e30ce15ba193e013d2b0bd91a45a1c74e56efc3d31c53074cc.jpg,Used,Jeep,Wrangler,Rubicon 392,2024,10000,SUV,,Gasoline,,,,,GCC Specs,,,,,,Muscat,Al Khuwair,Autos,Cars For Sale,,,,
سيزوكي فيترا نضيف,"1,900 OMR",https://om.opensooq.com/en/search/285087010,https://opensooq-images.os-cdn.com/previews/2048x0/bc/a2/bca24953c38b45d1aa67cc225352961e61cd4068cbd4d5886631adca545f554e.jpg,Used,Suzuki,Vitara,GLX Plus,2016,200000,Coupe,,Gasoline,,,,,American Specs,,,,,,Al Batinah,Barka,Autos,Cars For Sale,,,,
لكزس lx 570 2010,"8,000 OMR",https://om.opensooq.com/en/search/284758092,https://opensooq-images.os-cdn.com/previews/2048x0/9b/93/9b935534accbf369a8453ab9c072ea045e8e6541e4ea4ff56794fc55ffa60d19.jpg,Used,Lexus,LX,LX 570,2010,376000,SUV,,Gasoline,,,,,GCC Specs,,,,,,Muscat,Al-Hail,Autos,Cars For Sale,,,,
للبيع اودي A3 خليجي بدون حوادث,"2,550 OMR",https://om.opensooq.com/en/search/285096800,https://opensooq-images.os-cdn.com/previews/2048x0/32/2d/322d11580fb4e981a7aa85cc726c8d6a44fad8c368c2db9448324093a86e33fa.jpg,Used,Audi,A3,Sedan,2015,217000,Sedan,,Gasoline,,,,,GCC Specs,,,,,,Muscat,Al Khoud,Autos,Cars For Sale,,,,
مطلوب سياره تكملة اقساط,"14,708 OMR",https://om.opensooq.com/en/search/285076904,https://opensooq-images.os-cdn.com/previews/2048x0/fb/16/fb163f73c968807e75798da35cef6e4da152afdf473ce07337fa1ad0140d5d03.jpg,Used,Honda,Accord,Sport,2021,11100,Sedan,,Gasoline,,,,,American Specs,,,,,,Muscat,Al Maabilah,Autos,Cars For Sale,,,,
تيوتا لاندكلوزر 2013 في قمت نظافة,"9,400 OMR",https://om.opensooq.com/en/search/285096774,https://opensooq-images.os-cdn.com/previews/2048x0/48/f7/48f7dd41db26d796f07432ab5014f093070fa3246d0c2ba8351dd3a8c8fe7c7e.jpg,Used,Toyota,Land Cruiser,VXR,2013,3900,SUV,,Gasoline,,,,,GCC Specs,,,,,,Muscat,Other,Autos,Cars For Sale,,,,
MG RX8 2021,"3,800 OMR",https://om.opensooq.com/en/search/285091944,https://opensooq-images.os-cdn.com/previews/2048x0/d1/08/d108c670742c506a77050a69e5fb61b17f1ec3ddde212cc1baea2bcd15d8410d.jpg,Used,MG,MG RX8,,2021,183000,SUV,,Gasoline,,,,,Chinese Specs,,,,,,Al Dakhiliya,Nizwa,Autos,Cars For Sale,,,,
Totally Haice Gcc,"13,400 OMR",https://om.opensooq.com/en/search/285096198,https://opensooq-images.os-cdn.com/previews/2048x0/97/28/9728edafaede08b4a9e84cf8d715009349763aa8edd77cad4f0326289cc8969b.jpg,Used,Toyota,Hiace,Standard,2025,160000,,,Gasoline,,,,,GCC Specs,,,,,,Muscat,Bosher,Autos,Cars For Sale,,,,
لكزس 400 للبيع,950 OMR,https://om.opensooq.com/en/search/285091420,https://opensooq-images.os-cdn.com/previews/2048x0/61/03/610397af597b34c522d4e9655c0760da9256feaf84fa375512b664af20c8733a.jpg,Used,Lexus,LS,LS 400,1995,500000,Sedan,,Gasoline,,,,,Dealership,,,,,,Al Batinah,Al Khaboura,Autos,Cars For Sale,,,,
Toyota Hilux Gcc 2016,"5,100 OMR",https://om.opensooq.com/en/search/285096158,https://opensooq-images.os-cdn.com/previews/2048x0/3f/96/3f96b66172ee980d01e6780bf7abb66cdda0c048dd7640f27bf5133e8a76fa22.jpg,Used,Toyota,Hilux,Standard,2016,140000,PickUp,,Gasoline,,,,,GCC Specs,,,,,,Muscat,Bosher,Autos,Cars For Sale,,,,
Hyundai Creta Gcc خلیجی 2023,"4,800 OMR",https://om.opensooq.com/en/search/285096122,https://opensooq-images.os-cdn.com/previews/2048x0/53/b7/53b7a89cb17065feb6f4f9e0e017f3ebabba0103a0a9302aa47bc040cdd21fad.jpg,Used,Hyundai,Creta,Standard,2023,130000,SUV,,Gasoline,,,,,GCC Specs,,,,,,Muscat,Bosher,Autos,Cars For Sale,,,,
Toyota Corolla 2016 Gcc,"28,000 OMR",https://om.opensooq.com/en/search/285096098,https://opensooq-images.os-cdn.com/previews/2048x0/e3/00/e300bfb76e8a455e2755d50e4f24a15d95ed0cc20b0fe5d4230178ccfef86109.jpg,Used,Toyota,Corolla,XLI,2016,272500,Sedan,,Gasoline,,,,,GCC Specs,,,,,,Muscat,Bosher,Autos,Cars For Sale,,,,
شفرليه كابتيفاء ممتازه,"4,500 OMR",https://om.opensooq.com/en/search/285095520,https://opensooq-images.os-cdn.com/previews/2048x0/44/aa/44aa6576687d7a47acb515f6e931628f2f68c4812af7e4b5c64fe61d6d81d7e0.jpg,Used,Chevrolet,Captiva,LT,2023,100000,HatchBack,,Gasoline,,,,,Other Specs,,,,,,Muscat,Al Mawaleh,Autos,Cars For Sale,,,,
ميتسوبيشي لانسر 2011 للبيع بسعر معقول,860 OMR,https://om.opensooq.com/en/search/285095224,https://opensooq-images.os-cdn.com/previews/2048x0/51/e1/51e1cbaf36a057a831977c9d0ff866d98d23f23eb0e48ca0fd6c096d53fb16fb.jpg,Used,Mitsubishi,Lancer,Standard,2011,50000,Sedan,,Gasoline,,,,,GCC Specs,,,,,,Muscat,Al Maabilah,Autos,Cars For Sale,,,,
تويوتا كامري الفئة الرياضية TRD 2020,"6,600 OMR",https://om.opensooq.com/en/search/285095734,https://opensooq-images.os-cdn.com/previews/2048x0/2d/6a/2d6aa6a2b4573028c0c4a63fa98b185c4b7ad632a6721dfb3cc11cbde5aeb2f9.jpg,Used,Toyota,Camry,TRD,2020,120000,Sedan,,Gasoline,,,,,American Specs,,,,,,Muscat,Seeb,Autos,Cars For Sale,,,,
Hyundai Creta,"4,500 OMR",https://om.opensooq.com/en/search/285095482,https://opensooq-images.os-cdn.com/previews/2048x0/e6/e4/e6e4aa4ad73f84fd2fbea8c52376887b4727ec483efad04d38290aeb6148e63c.jpg,Used,Hyundai,Creta,SX(O),2021,120000,HatchBack,,Gasoline,,,,,GCC Specs,,,,,,Muscat,Al Maabilah,Autos,Cars For Sale,,,,
فولفو ........,"13,000 OMR",https://om.opensooq.com/en/search/285095518,https://opensooq-images.os-cdn.com/previews/2048x0/73/8a/738aef93342cd5108f9a1f13dc8b65b47b8103239252816871751a41c15ec50b.jpg,Used,Volvo,460,,2012,100000,,,Diesel,,,,,European Specs,,,,,,Muscat,Ghala,Autos,Cars For Sale,,,,
لكزس Es 330  6  6سلندر موديل 2005,"1,000 OMR",https://om.opensooq.com/en/search/285095660,https://opensooq-images.os-cdn.com/previews/2048x0/fb/02/fb02d930ef3459d081240bbcf7cc434f2b32c33587067f98242dc2b98c4e03c0.jpg,Used,Lexus,ES,ES 300,2005,282500,Sedan,,Gasoline,,,,,American Specs,,,,,,Al Dakhiliya,Nizwa,Autos,Cars For Sale,,,,
ES 330 موديل 2005,"1,000 OMR",https://om.opensooq.com/en/search/285095298,https://opensooq-images.os-cdn.com/previews/2048x0/f3/c5/f3c56300835c190ee43e37309e9aecd6b3d971acc165db609bd9b85e6a6ba433.jpg,Used,Lexus,ES,ES 300,2005,282500,Sedan,,Gasoline,,,,,American Specs,,,,,,Al Dakhiliya,Nizwa,Autos,Cars For Sale,,,,
Hyundai Tuscon 2022 for sale,"5,500 OMR",https://om.opensooq.com/en/search/285095176,https://opensooq-images.os-cdn.com/previews/2048x0/b0/ce/b0ceb4aa533f323347233c64b54d5d3879ca68d42962435ef3a4f92094348cb3.jpg,Used,Hyundai,Tucson,Limited,2022,65000,Sedan,,Gasoline,,,,,American Specs,,,,,,Dhofar,Salala,Autos,Cars For Sale,,,,
Used 2008 model Hyundai Elantra  سيارة هيونداي إلنترا مستعملة موديل 2008,900 OMR,https://om.opensooq.com/en/search/285094990,https://opensooq-images.os-cdn.com/previews/2048x0/dc/63/dc63c86e047fb1086b21f6e7aa83ae52ba13ed90ea84ba87f93392f49bb98d0c.jpg,Used,Hyundai,Elantra,Standard,2008,600000,Sedan,,Gasoline,,,,,GCC Specs,,,,,,Al Sharqiya,Ibra,Autos,Cars For Sale,,,,
للبيع مرسيدس بنز C300 2021,"6,400 OMR",https://om.opensooq.com/en/search/285094530,https://opensooq-images.os-cdn.com/previews/2048x0/d5/d3/d5d33dd035b707de38962fddabd7d019a9a80904e0c1c4f2e30532b3a9d9ff11.jpg,Used,Mercedes Benz,C-Class,C 300,2021,52000,Sedan,,Gasoline,,,,,American Specs,,,,,,Muscat,Al Maabilah,Autos,Cars For Sale,,,,
Hyundai Santa Fe 2012 FOR SALE,"1,550 OMR",https://om.opensooq.com/en/search/285094646,https://opensooq-images.os-cdn.com/previews/2048x0/87/7e/877e1ddff68a764f9048e8f7c171ab93b0a69dc3bfb5bbbabf3e698fb8e5d50e.jpg,Used,Hyundai,Santa Fe,Standard,2012,260000,SUV,,Gasoline,,,,,GCC Specs,,,,,,Muscat,Seeb,Autos,Cars For Sale,,,,
فيات ابارث 500,"1,800 OMR",https://om.opensooq.com/en/search/285093900,https://opensooq-images.os-cdn.com/previews/2048x0/3d/19/3d19dad89a8d8f8fa941f9d0d23c3c882bca9378810609a24ef4d2c11e050f2a.jpg,Used,Abarath,595,,2015,211000,Coupe,,Gasoline,,,,,American Specs,,,,,,Muscat,Al Maabilah,Autos,Cars For Sale,,,,
سوزوكي اسبورت 2013,"1,450 OMR",https://om.opensooq.com/en/search/285094116,https://opensooq-images.os-cdn.com/previews/2048x0/13/17/13178c8a53408332a779f5bc7de139f4b2ceafc6ca1c32764cccec51d3d9945c.jpg,Used,Suzuki,Swift,Sport,2013,227975,HatchBack,,Gasoline,,,,,GCC Specs,,,,,,Muscat,Al-Hail,Autos,Cars For Sale,,,,
لكزس ستيشن,"10,000 OMR",https://om.opensooq.com/en/search/285094086,https://opensooq-images.os-cdn.com/previews/2048x0/97/ed/97ed5af2f3447a6ae9647255007a8c43a34bf8ad82fe9ae134b8077c1e975a65.jpg,Used,Lexus,LX,LX 570,2010,290000,SUV,,Gasoline,,,,,Japanese Specs,,,,,,Al Dhahirah,Ibri,Autos,Cars For Sale,,,,
"2013 Hyundai Sonata SEL Sedan with American Specs, Gasoline, 2.0L Engine, Good Condition","1,470 OMR",https://om.opensooq.com/en/search/285085128,https://opensooq-images.os-cdn.com/previews/2048x0/2c/64/2c64efea1084bb6ba2f2136e15ec0040978b31fbf155c852e84dce404fba24c5.jpg,Used,Hyundai,Sonata,SEL,2013,240000,Sedan,,Gasoline,,,,,American Specs,,,,,,Muscat,Ghubrah,Autos,Cars For Sale,,,,
ستيشن لكزس,"10,000 OMR",https://om.opensooq.com/en/search/285093508,https://opensooq-images.os-cdn.com/previews/2048x0/2c/0e/2c0e8c752b7e160d22e874b809317b58e3c9b99276bfa084979de74e1ad55c45.jpg,Used,Lexus,LX,LX 570,2010,3000,SUV,,Gasoline,,,,,Japanese Specs,,,,,,Al Dhahirah,Ibri,Autos,Cars For Sale,,,,
نيسان فيرسا 2012 للبيع,"1,000 OMR",https://om.opensooq.com/en/search/285093822,https://opensooq-images.os-cdn.com/previews/2048x0/d9/65/d965f1ab0efdc893d55195624c9392a7be40d10f4fb95f1dc1dcce79fff9b68e.jpg,Used,Nissan,Versa,S,2012,320000,HatchBack,,Gasoline,,,,,American Specs,,,,,,Buraimi,Al Buraimi,Autos,Cars For Sale,,,,
للتواصل للجادين فقط,"1,900 OMR",https://om.opensooq.com/en/search/285093796,https://opensooq-images.os-cdn.com/previews/2048x0/99/d9/99d9cbb0d0b5f6a294cc0f9b73c689358192144d79e2a2a394f79beefa95b0ec.jpg,Used,Jeep,Wrangler,Sahara,2007,200000,SUV,,Gasoline,,,,,GCC Specs,,,,,,Muscat,Amerat,Autos,Cars For Sale,,,,
جيب لانجلر,"1,900 OMR",https://om.opensooq.com/en/search/285093162,https://opensooq-images.os-cdn.com/previews/2048x0/99/d9/99d9cbb0d0b5f6a294cc0f9b73c689358192144d79e2a2a394f79beefa95b0ec.jpg,Used,Jeep,Wrangler,Sahara,2007,200000,SUV,,Gasoline,,,,,GCC Specs,,,,,,Muscat,Amerat,Autos,Cars For Sale,,,,
تويوتا  كورولا هاتشباك 2023 corolla hatchback المشى فقط الفين جديدة تسجيل جديد بحادث جداً بسيط,"4,750 OMR",https://om.opensooq.com/en/search/285093436,https://opensooq-images.os-cdn.com/previews/2048x0/4a/80/4a800336e35762771953ff0bcb66aca5c9ff758afdf3f288c04cbf09b98a5b56.jpg,Used,Toyota,Corolla,Hatchback,2023,7000,Sedan,,Gasoline,,,,,American Specs,,,,,,Muscat,Qurm,Autos,Cars For Sale,,,,
للبيع جيتور T2 2025,"9,800 OMR",https://om.opensooq.com/en/search/285093056,https://opensooq-images.os-cdn.com/previews/2048x0/6b/43/6b432bb1ee0ef38cf4cf9a65dd72f737023d9f4d981ba66269335d69de129d90.jpg,Used,Jetour,T2,,2025,71000,SUV,,Gasoline,,,,,GCC Specs,,,,,,Muscat,Azaiba,Autos,Cars For Sale,,,,
مرسيدس S550 نظيف بي ممشى 132 الف فقط,"7,700 OMR",https://om.opensooq.com/en/search/285092944,https://opensooq-images.os-cdn.com/previews/2048x0/0a/32/0a32770de5dd9037fd15c21f2dca901667588ca71918b16980277df0f8fcaabc.jpg,Used,Mercedes Benz,S-Class,S 550,2014,132245,Sedan,,Gasoline,,,,,European Specs,,,,,,Muscat,Amerat,Autos,Cars For Sale,,,,
هيونداي النترا,"3,200 OMR",https://om.opensooq.com/en/search/285092652,https://opensooq-images.os-cdn.com/previews/2048x0/32/b7/32b77d72f2b18ecf67268e0b5123ac8984bea07342ce0848fd2d151ab07b7424.jpg,Used,Hyundai,Elantra,Limited,2017,308145,Sedan,,Gasoline,,,,,GCC Specs,,,,,,Muscat,Al Maabilah,Autos,Cars For Sale,,,,
السياره خليجيه وكاله عمان جير مكينه امورها طيبه,"1,800 OMR",https://om.opensooq.com/en/search/285092234,https://opensooq-images.os-cdn.com/previews/2048x0/37/22/3722c5a299d1530b0dc14fb17710b24eb70bb9eb361e731d0a0f13bfe7d3b786.jpg,Used,Hyundai,Elantra,GLS,2015,400000,Sedan,,Gasoline,,,,,GCC Specs,,,,,,Al Batinah,Al Masnaah,Autos,Cars For Sale,,,,
اكاديا GMC 2015,"3,500 OMR",https://om.opensooq.com/en/search/285091900,https://opensooq-images.os-cdn.com/previews/2048x0/48/b6/48b6f6bd67606b1bd30bbf0bc16615e217579abc63473bb43f135a803c50347b.jpg,Used,GMC,Acadia,SLT,2015,190000,SUV,,Gasoline,,,,,GCC Specs,,,,,,Muscat,Seeb,Autos,Cars For Sale,,,,
هيونداي النترا 2017,"3,200 OMR",https://om.opensooq.com/en/search/284950992,https://opensooq-images.os-cdn.com/previews/2048x0/32/b7/32b77d72f2b18ecf67268e0b5123ac8984bea07342ce0848fd2d151ab07b7424.jpg,Used,Hyundai,Elantra,Limited,2017,10000,Sedan,,Gasoline,,,,,GCC Specs,,,,,,Muscat,Al Maabilah,Autos,Cars For Sale,,,,
رنج روفر سبورت وكاله عمان v6,"6,400 OMR",https://om.opensooq.com/en/search/285092134,https://opensooq-images.os-cdn.com/previews/2048x0/bf/a1/bfa1703523a83d2744ea959c97abd32c5b67eb4beb2a3517e78bc0df85614dd7.jpg,Used,Land Rover,Range Rover Sport,Autobiography,2017,120000,SUV,,Gasoline,,,,,GCC Specs,,,,,,Muscat,Al-Hail,Autos,Cars For Sale,,,,
شفرلية امبالا,"2,300 OMR",https://om.opensooq.com/en/search/285092040,https://opensooq-images.os-cdn.com/previews/2048x0/79/d4/79d42199b846592dbed3853b6c16a94665d83b8430a8215685d54a144c5ba1c8.jpg,Used,Chevrolet,Impala,LTZ,2014,204000,Sedan,,Gasoline,,,,,GCC Specs,,,,,,Muscat,Al Jafnayn,Autos,Cars For Sale,,,,
بيكاب نيفارا 2008,950 OMR,https://om.opensooq.com/en/search/284843196,https://opensooq-images.os-cdn.com/previews/2048x0/af/3f/af3f8042b4665fc1718933f1ecb65f6cd526a7636d0143747a48989f9fa1d618.jpg,Used,Nissan,Navara,LE,2008,270000,PickUp,,Gasoline,,,,,GCC Specs,,,,,,Al Batinah,Suwaiq,Autos,Cars For Sale,,,,
نيسان التيما 2023 s,"4,750 OMR",https://om.opensooq.com/en/search/285091984,https://opensooq-images.os-cdn.com/previews/2048x0/46/b4/46b4cce3b8b6ebad2b2e5695b91013ebf0d08ad29e2a18b6da0dae71fa929b94.jpg,Used,Nissan,Altima,S,2023,250000,Sedan,,Gasoline,,,,,American Specs,,,,,,Dhofar,Salala,Autos,Cars For Sale,,,,
هيونداى فوليستر,"1,800 OMR",https://om.opensooq.com/en/search/285091684,https://opensooq-images.os-cdn.com/previews/2048x0/70/a5/70a5a952bcf7b82a750bc79da1970a8a32a7d33cf995094fe803fc0558c8e4b8.jpg,Used,Hyundai,Veloster,Sport,2012,240000,HatchBack,,Gasoline,,,,,GCC Specs,,,,,,Al Batinah,Sohar,Autos,Cars For Sale,,,,
نيسان التيما 2023,"4,750 OMR",https://om.opensooq.com/en/search/285091636,https://opensooq-images.os-cdn.com/previews/2048x0/46/b4/46b4cce3b8b6ebad2b2e5695b91013ebf0d08ad29e2a18b6da0dae71fa929b94.jpg,Used,Nissan,Altima,S,2023,250000,Sedan,,Gasoline,,,,,American Specs,,,,,,Dhofar,Salala,Autos,Cars For Sale,,,,
نيسان التيما موديل 2025,"6,500 OMR",https://om.opensooq.com/en/search/285091612,https://opensooq-images.os-cdn.com/previews/2048x0/b5/b7/b5b772aa71943597269b9e4b88e6d38fa85a5c5283e751edb444cfe1755977bc.jpg,Used,Nissan,Altima,S,2025,4400,Sedan,,Gasoline,,,,,American Specs,,,,,,Muscat,Al Maabilah,Autos,Cars For Sale,,,,
لكزس RX 350 موديل 2020 مع ضمان سنه,"9,300 OMR",https://om.opensooq.com/en/search/285091386,https://opensooq-images.os-cdn.com/previews/2048x0/4c/a6/4ca6d02d4c31d145f031a1e21b80ffa10052ca46a9841cc4e9b389b4811404df.jpg,Used,Lexus,RX,RX 350,2020,82000,SUV,,Gasoline,,,,,American Specs,,,,,,Muscat,Halban,Autos,Cars For Sale,,,,
تويوتا فورتشنر دفع الرباعي 2016,"6,600 OMR",https://om.opensooq.com/en/search/285091322,https://opensooq-images.os-cdn.com/previews/2048x0/5a/cf/5acf0097eefd5fa9aebf7248fcb1345d07d7f5f9319db9a5e2843970dab5f075.jpg,Used,Toyota,Fortuner,SR5,2016,140000,SUV,,Gasoline,,,,,GCC Specs,,,,,,Al Batinah,Al Masnaah,Autos,Cars For Sale,,,,
MG 3 2024  ام جي 3 2024,"4,000 OMR",https://om.opensooq.com/en/search/284701458,https://opensooq-images.os-cdn.com/previews/2048x0/76/00/76004a5a3b3bff3d023ea5f3876d6a2e6b47297f992bda92a3f643eeef490689.jpg,Used,MG,MG 3,,2024,19000,HatchBack,,Gasoline,,,,,GCC Specs,,,,,,Muscat,Al Maabilah,Autos,Cars For Sale,,,,
أف جي 2013,"5,000 OMR",https://om.opensooq.com/en/search/285091086,https://opensooq-images.os-cdn.com/previews/2048x0/43/fd/43fd7d3bf104af384f988a539731518fb5ebccaf9397dc7989698e08496bc358.jpg,Used,Toyota,FJ,XTREME,2013,500000,SUV,,Gasoline,,,,,GCC Specs,,,,,,Al Batinah,Shinas,Autos,Cars For Sale,,,,
ميتسوبيشي لانسر 2007 خليجية مستعملة بحالة ممتازة لون أبيض -نظام نقل حركه يدوي,650 OMR,https://om.opensooq.com/en/search/285090890,https://opensooq-images.os-cdn.com/previews/2048x0/ec/e2/ece22a1c4a385eccdeb76a7dbdb9556758f98da0f19ab5687442db89f94e2a80.jpg,Used,Mitsubishi,Lancer,ES,2007,250000,Sedan,,Gasoline,,,,,GCC Specs,,,,,,Al Batinah,Barka,Autos,Cars For Sale,,,,
للبيع التيما موديل 2022,"4,500 OMR",https://om.opensooq.com/en/search/285072556,https://opensooq-images.os-cdn.com/previews/2048x0/e1/c0/e1c02a144e9fb3a161b81fccfe374c022df1b861eae250383eba1fe29e8bcad6.jpg,Used,Nissan,Altima,SV,2022,120000,Sedan,,Gasoline,,,,,American Specs,,,,,,Muscat,Amerat,Autos,Cars For Sale,,,,
Like new 2006 Infiniti m45 First Ownerانفينيتي صالون المالك الاول بهوان,"2,250 OMR",https://om.opensooq.com/en/search/285090206,https://opensooq-images.os-cdn.com/previews/2048x0/6b/c9/6bc9f491b62ea22b3d14a106a360949f70f7a3f6bf85b1e0c8921655e2770177.jpg,Used,Infiniti,Other,,2006,124000,Sedan,,Gasoline,,,,,GCC Specs,,,,,,Muscat,Ghubrah,Autos,Cars For Sale,,,,
فلوكس واجن جيتا 2012,"1,290 OMR",https://om.opensooq.com/en/search/285064460,https://opensooq-images.os-cdn.com/previews/2048x0/6b/93/6b938fa8738be1b6872b616ff8e9ba162ccec6fc5adcb5d0381d85b8b90b27f0.jpg,Used,Volkswagen,Jetta,S,2012,261000,Sedan,,Gasoline,,,,,GCC Specs,,,,,,Al Batinah,Barka,Autos,Cars For Sale,,,,
جيب رانجلر 2014 وكالة عمان بدون حادث,"3,700 OMR",https://om.opensooq.com/en/search/285089742,https://opensooq-images.os-cdn.com/previews/2048x0/14/73/14732266ae82d9b8f6776a00e7a6e774d7a5faa42cb16ca51329e77e1e1ea754.jpg,Used,Jeep,Wrangler,Sport,2014,300000,SUV,,Gasoline,,,,,GCC Specs,,,,,,Al Batinah,Suwaiq,Autos,Cars For Sale,,,,
Jeep Wrangler 2018,"5,100 OMR",https://om.opensooq.com/en/search/285089618,https://opensooq-images.os-cdn.com/previews/2048x0/54/d5/54d55f37740da99dd71080c901439c394becc4b5e3ad3a5f9941bbe2b58b9a23.jpg,Used,Jeep,Wrangler,Sahara,2018,180000,PickUp,,Gasoline,,,,,American Specs,,,,,,Muscat,Al-Hail,Autos,Cars For Sale,,,,
مرسيدس بنز 250 AMG,"7,900 OMR",https://om.opensooq.com/en/search/285074474,https://opensooq-images.os-cdn.com/previews/2048x0/cd/c3/cdc3724dcba7ea3b20a960ac9b003cd12388e056f4c4678876a3acbf8dc932f6.jpg,Used,Mercedes Benz,A-Class,A 250,2019,141000,HatchBack,,Gasoline,,,,,GCC Specs,,,,,,Muscat,Al Khoud,Autos,Cars For Sale,,,,
كمارو 2018 قابل للتفاوض نظيف جدا,"5,800 OMR",https://om.opensooq.com/en/search/285089422,https://opensooq-images.os-cdn.com/previews/2048x0/88/ee/88ee708554bbda0da8638477b81c8e968809651fb3ea5ea58b0dc724eb2c85e0.jpg,Used,Chevrolet,Camaro,1LT,2018,100000,Coupe,,Gasoline,,,,,American Specs,,,,,,Muscat,Al Maabilah,Autos,Cars For Sale,,,,
سيارة كرايسلر c300 V6 موديل 2010 وارد خليجي ، صالون سيدان، بحالة ممتازة,"1,500 OMR",https://om.opensooq.com/en/search/285086002,https://opensooq-images.os-cdn.com/previews/2048x0/f2/2c/f22c7389bf71f81c20162dca570ee405e108601c5d90bac27e2184ed075dead0.jpg,Used,Chrysler,300,300S V6,2010,400000,Sedan,,Gasoline,,,,,GCC Specs,,,,,,Muscat,Al Maabilah,Autos,Cars For Sale,,,,
تويوتا كامري 2020 TRD,"6,400 OMR",https://om.opensooq.com/en/search/285088920,https://opensooq-images.os-cdn.com/previews/2048x0/42/e1/42e137165278f25120246793c01467b48166da415d16ec898b807207aeb24fd1.jpg,Used,Toyota,Camry,TRD,2020,20000,Sedan,,Gasoline,,,,,American Specs,,,,,,Al Dakhiliya,Izki,Autos,Cars For Sale,,,,
"BMW 740i, 2010 clean car low mileage  بي ام دبليو 740i 2010 نظيفة بدون حوادث ممشى بسيط","2,900 OMR",https://om.opensooq.com/en/search/285088730,https://opensooq-images.os-cdn.com/previews/2048x0/dc/99/dc994af113060f1e13ddfdabe351faf348823dc4afb7d548c31d6ad08910e2b1.jpg,Used,BMW,7 Series,740i Sedan,2010,99000,Sedan,,Gasoline,,,,,GCC Specs,,,,,,Muscat,Muscat Hills,Autos,Cars For Sale,,,,
تيدا 2009 خليجي,900 OMR,https://om.opensooq.com/en/search/285088134,https://opensooq-images.os-cdn.com/previews/2048x0/4b/ea/4bea4a277a5775302469bac474521ea4a86e28bf5193741aa00656dd77007b34.jpg,Used,Nissan,Tiida,,2009,369000,HatchBack,,Gasoline,,,,,GCC Specs,,,,,,Al Dakhiliya,Bahla,Autos,Cars For Sale,,,,
تويوتا كامري 2019 للبيع,"4,600 OMR",https://om.opensooq.com/en/search/285088240,https://opensooq-images.os-cdn.com/previews/2048x0/39/a0/39a0958f4629f5e4f39c340aef234188bd6edf952cbc8afd4f69566eceff3b3e.jpg,Used,Toyota,Camry,LE,2019,270000,Sedan,,Gasoline,,,,,American Specs,,,,,,Al Batinah,Sohar,Autos,Cars For Sale,,,,
بيكب ددسن للبيع,"1,700 OMR",https://om.opensooq.com/en/search/285087508,https://opensooq-images.os-cdn.com/previews/2048x0/1e/12/1e12bb18f5b3c5b0a5dd226c70bab637f7ace75c2af8166da85c9318e432c3a1.jpg,Used,Nissan,Datsun,,2012,225000,PickUp,,Gasoline,,,,,GCC Specs,,,,,,Al Batinah,Sohar,Autos,Cars For Sale,,,,
Toyota Land Cruiser 2017 VXR v8 5.7,"17,000 OMR",https://om.opensooq.com/en/search/285087640,https://opensooq-images.os-cdn.com/previews/2048x0/f1/6e/f16e2733a40f62ae17eb4914440a55f7a8e9017044c7e9deb18ef8a218f98c8f.jpg,Used,Toyota,Land Cruiser,VXR,2017,204000,SUV,,Gasoline,,,,,GCC Specs,,,,,,Muscat,Seeb,Autos,Cars For Sale,,,,
اكورد 2018 وارد,"2,950 OMR",https://om.opensooq.com/en/search/285087444,https://opensooq-images.os-cdn.com/previews/2048x0/bc/a4/bca4d639a7f3e0ee8702863daed415fbe56522f8b88e04d128c4f0483a41a86a.jpg,Used,Honda,Accord,EX,2018,100000,Sedan,,Gasoline,,,,,American Specs,,,,,,Muscat,Ansab,Autos,Cars For Sale,,,,
تيوتا بيكب هايلوكس 2008 غمارة,"2,800 OMR",https://om.opensooq.com/en/search/285087292,https://opensooq-images.os-cdn.com/previews/2048x0/49/11/491108dd081ed3be5f61db56b74c70e5ab8f9d6b087341f216a581ed0f8a5d23.jpg,Used,Toyota,Hilux,GL,2008,470000,PickUp,,Gasoline,,,,,GCC Specs,,,,,,Buraimi,Al Buraimi,Autos,Cars For Sale,,,,
خليجي يوكن دينالي أعلى مواصفات بدون حوادث اطارات جديدة مواصفات عالية بانوراما خمس كاميرات رادار دواس,"16,900 OMR",https://om.opensooq.com/en/search/285086510,https://opensooq-images.os-cdn.com/previews/2048x0/34/62/3462d1047fb77014b7c3a557b5cbb33ba08dd488d0ad85147adb7b2689061835.jpg,Used,GMC,Yukon,Denali,2021,140000,SUV,,Gasoline,,,,,GCC Specs,,,,,,Al Batinah,Barka,Autos,Cars For Sale,,,,
تااااكوما 2017 نظيييف وبحادث لا يذكر خفيف,"7,200 OMR",https://om.opensooq.com/en/search/285086402,https://opensooq-images.os-cdn.com/previews/2048x0/67/be/67beb5d3b9eeaf3f77e313f63bf8913e93df3adf857fe7ecd7a4ff2d1fbf09e1.jpg,Used,Toyota,Tacoma,SR5,2017,200000,PickUp,,Gasoline,,,,,American Specs,,,,,,Muscat,Al-Hail,Autos,Cars For Sale,,,,
مرسيدس C230,"1,200 OMR",https://om.opensooq.com/en/search/285086376,https://opensooq-images.os-cdn.com/previews/2048x0/3f/56/3f56249ae9b71a0a0520f11fdd669e0bbc3304cc865187decedeb0deee1c96d2.jpg,Used,Mercedes Benz,C-Class,C 250,1997,200000,Sedan,,Gasoline,,,,,American Specs,,,,,,Muscat,Other,Autos,Cars For Sale,,,,
كامري 2008 SE,"1,900 OMR",https://om.opensooq.com/en/search/285086024,https://opensooq-images.os-cdn.com/previews/2048x0/f9/e3/f9e3c889d3cb3b933cfdd880a8dce1e06e38f4ed4809b4e1e359eceb4d4802d5.jpg,Used,Toyota,Camry,SE,2008,300000,Sedan,,Gasoline,,,,,American Specs,,,,,,Muscat,Other,Autos,Cars For Sale,,,,
للبيع تشارجر سكات باك SRT. موديل 2019 بحادث بسيط جدا,"7,800 OMR",https://om.opensooq.com/en/search/285086054,https://opensooq-images.os-cdn.com/previews/2048x0/6b/a1/6ba103827038bc0ca89a7ae15e93ca8246bcf415a7054216a11a0dca5c080af3.jpg,Used,Dodge,Charger,SRT 392,2019,124000,Sedan,,Gasoline,,,,,American Specs,,,,,,Al Batinah,Suwaiq,Autos,Cars For Sale,,,,
Toyota yaris 2007,"1,100 OMR",https://om.opensooq.com/en/search/285073316,https://opensooq-images.os-cdn.com/previews/2048x0/94/4d/944d4950e4fbc1aada366ed816c613948b8c52f74c22ddc62fd40ae15b819c32.jpg,Used,Toyota,Yaris,Y,2007,400000,Sedan,,Gasoline,,,,,Japanese Specs,,,,,,Muscat,Amerat,Autos,Cars For Sale,,,,
2016 Mercedes-Benz CLA 250 AMG  2.0L Turbo  Excellent,"2,600 OMR",https://om.opensooq.com/en/search/285085366,https://opensooq-images.os-cdn.com/previews/2048x0/6c/d6/6cd62382145e9022a1bc615789accfe033797b5cc1b8ca71259f9b9132ed76ce.jpg,Used,Mercedes Benz,CLA-CLass,CLA 250,2016,220000,Sedan,,Gasoline,,,,,American Specs,,,,,,Muscat,Ghala,Autos,Cars For Sale,,,,
ارمدا خليجي 2009 الفئه الأولى أبيض ممشى قليل ونظافه وواسع جدا سياره عائليه,"1,900 OMR",https://om.opensooq.com/en/search/285085362,https://opensooq-images.os-cdn.com/previews/2048x0/5a/0e/5a0e6757b81f2967eb6cd3d92c23ead95344c4aff97930e9af8884b620225122.jpg,Used,Nissan,Armada,Standard,2009,256000,SUV,,Gasoline,,,,,GCC Specs,,,,,,Al Sharqiya,Al Mudaibi,Autos,Cars For Sale,,,,
تسلا موديل 3بلس  2021,"5,200 OMR",https://om.opensooq.com/en/search/285035946,https://opensooq-images.os-cdn.com/previews/2048x0/5f/f8/5ff898370458550ff40809d368a11465ff901ed3c505aa75df789e85bb6c1feb.jpg,Used,Tesla,Model 3,Long Range,2021,25000,Sedan,,Electric,,,,,American Specs,,,,,,Al Batinah,Saham,Autos,Cars For Sale,,,,
2017 Jeep Grand Cherokee Limited SUV GCC Specs with Full Features,"5,000 OMR",https://om.opensooq.com/en/search/285085190,https://opensooq-images.os-cdn.com/previews/2048x0/9b/3b/9b3bc04c90b3ca369214a4811f0f48e058260c561cee578c991c43c2b1696be6.jpg,Used,Jeep,Grand Cherokee,Limited,2017,104000,SUV,,Gasoline,,,,,GCC Specs,,,,,,Muscat,Madinat As Sultan Qaboos,Autos,Cars For Sale,,,,
پاثفندر بلاتينيوم 2023 بحالة الوكالة وبدون خروج الايرباجات,"10,250 OMR",https://om.opensooq.com/en/search/285084614,https://opensooq-images.os-cdn.com/previews/2048x0/48/51/48514d92dd2a7d00e8c0f518b03327e370dbdb85e6a4774814aa8b69070f08ea.jpg,Used,Nissan,Pathfinder,SL,2023,50000,SUV,,Gasoline,,,,,American Specs,,,,,,Al Batinah,Barka,Autos,Cars For Sale,,,,
لاندر كروزر 1999,"3,350 OMR",https://om.opensooq.com/en/search/285084726,https://opensooq-images.os-cdn.com/previews/2048x0/da/d2/dad2f53a3be4e31eee98d4ffd5d87a60fe3527fd3ed36f17bbb6610f1f832a2d.jpg,Used,Toyota,Land Cruiser,VXR,1999,345000,SUV,,Gasoline,,,,,GCC Specs,,,,,,Al Dakhiliya,Nizwa,Autos,Cars For Sale,,,,
VERSA 2024,"3,105 OMR",https://om.opensooq.com/en/search/285080164,https://opensooq-images.os-cdn.com/previews/2048x0/c7/80/c78073542da5b390814864677b5c8456514e984b3423eae96a59baa285d40162.jpg,Used,Nissan,Versa,SV,2024,30000,Sedan,,Gasoline,,,,,American Specs,,,,,,Muscat,sultan haitham city,Autos,Cars For Sale,,,,
مورسدس R CLASS 2013,"1,550 OMR",https://om.opensooq.com/en/search/285084018,https://opensooq-images.os-cdn.com/previews/2048x0/87/08/870859b30f26f4410e3beab76a1f5be331715424492dac8c830cc71aba623eba.jpg,Used,Mercedes Benz,R-Class,R 300,2013,400000,Sedan,,Gasoline,,,,,GCC Specs,,,,,,Al Batinah,Suwaiq,Autos,Cars For Sale,,,,
تويوتا كامري 2021 – وكالة عُمان,"7,000 OMR",https://om.opensooq.com/en/search/285083830,https://opensooq-images.os-cdn.com/previews/2048x0/ad/8f/ad8fa69e0381387acc003d83eda13a8910cc36108f5e292a01c09e0c206e741f.jpg,Used,Toyota,Camry,GLE,2021,130000,Sedan,,Gasoline,,,,,Japanese Specs,,,,,,Muscat,Al Maabilah,Autos,Cars For Sale,,,,
كورولا 2009للبيع,"1,300 OMR",https://om.opensooq.com/en/search/285083900,https://opensooq-images.os-cdn.com/previews/2048x0/00/2d/002d086ce3e2bd475acaef8abce054d8d9abd1ffdba1440890dc65cc7ddae64c.jpg,Used,Toyota,Corolla,LE,2009,307215,Sedan,,Gasoline,,,,,GCC Specs,,,,,,Al Sharqiya,Ibra,Autos,Cars For Sale,,,,
MG 750E for Urgent Sale,"1,050 OMR",https://om.opensooq.com/en/search/285083530,https://opensooq-images.os-cdn.com/previews/2048x0/a6/36/a6367bfa3cb6b17a3cb2a1f43bfe31b82f3d41e0a41f075af4c7dca2918acb7c.jpg,Used,MG,Other,,2015,192000,Sedan,,Gasoline,,,,,European Specs,,,,,,Muscat,Al Khuwair,Autos,Cars For Sale,,,,
كورولا 2009,"1,300 OMR",https://om.opensooq.com/en/search/285078314,https://opensooq-images.os-cdn.com/previews/2048x0/70/56/705693d2833c85ba9d6c61ab2bdb8c61291f9f189fa602047c4de348e91c8a34.jpg,Used,Toyota,Corolla,LE,2009,307220,Sedan,,Gasoline,,,,,GCC Specs,,,,,,Al Sharqiya,Ibra,Autos,Cars For Sale,,,,
Nissan Sunny 2015 GCC,"1,550 OMR",https://om.opensooq.com/en/search/285083370,https://opensooq-images.os-cdn.com/previews/2048x0/3b/c8/3bc80e1f2eb1bac4dd5cd5bd1cc19876636e7ae086204e8c1d4a568ae3003fde.jpg,Used,Nissan,Sunny,Standard,2015,175000,Sedan,,Gasoline,,,,,GCC Specs,,,,,,Muscat,Qurm,Autos,Cars For Sale,,,,
كومارو 2010 للبيع,"3,500 OMR",https://om.opensooq.com/en/search/285082642,https://opensooq-images.os-cdn.com/previews/2048x0/ce/25/ce25e59fba76f2726389e3f920da54f1719296495590d8f24d401650a4a5d8f8.jpg,Used,Chevrolet,Camaro,2SS,2010,164000,Coupe,,Gasoline,,,,,GCC Specs,,,,,,Muscat,Amerat,Autos,Cars For Sale,,,,
كرولا للبيع,"2,200 OMR",https://om.opensooq.com/en/search/285078854,https://opensooq-images.os-cdn.com/previews/2048x0/bc/db/bcdb67e23e84f1605b827c539a45b2dbde09dc695806d0b23e2256c77e6f496c.jpg,Used,Toyota,Corolla,Exclusive,2012,270000,Sedan,,Gasoline,,,,,American Specs,,,,,,Al Dakhiliya,Izki,Autos,Cars For Sale,,,,
مرسيديس بنز2014 للبيع,"3,800 OMR",https://om.opensooq.com/en/search/285082876,https://opensooq-images.os-cdn.com/previews/2048x0/d3/5d/d35deee0b9076da1d5c6d5a1d83c260d8612541d488e81c70cf619eaaf64376c.jpg,Used,Mercedes Benz,E-Class,E 350,2014,380000,Sedan,,Gasoline,,,,,European Specs,,,,,,Muscat,Seeb,Autos,Cars For Sale,,,,
سوناتا 2012 للبيع خليجي رقم واحد,"1,250 OMR",https://om.opensooq.com/en/search/285082742,https://opensooq-images.os-cdn.com/previews/2048x0/92/ab/92ab2e67a946a20791c761b2031f160c8096733b67c2077e98ba4f38352550b8.jpg,Used,Hyundai,Sonata,Eco,2012,500000,Sedan,,Gasoline,,,,,GCC Specs,,,,,,Dhofar,Salala,Autos,Cars For Sale,,,,
Hyundai Genesis 2014,"1,900 OMR",https://om.opensooq.com/en/search/285078262,https://opensooq-images.os-cdn.com/previews/2048x0/ec/e2/ece21e71bce06a584b8f58a3f533760bdf9ebfe2165d39abb2fbcb74ae64a2ac.jpg,Used,Hyundai,Centennial,GL,2014,200000,Sedan,,Gasoline,,,,,American Specs,,,,,,Muscat,Al Mouj,Autos,Cars For Sale,,,,
مرسيدس بنز 2014 للبيع,"3,800 OMR",https://om.opensooq.com/en/search/285082638,https://opensooq-images.os-cdn.com/previews/2048x0/60/26/60266ddccda7c241a0281580abc3be3373c1aaa086031c6f2de66cf828b38af3.jpg,Used,Mercedes Benz,E-Class,E 350,2014,325000,Sedan,,Gasoline,,,,,European Specs,,,,,,Muscat,Seeb,Autos,Cars For Sale,,,,
ميني كوبر : 2019,"3,400 OMR",https://om.opensooq.com/en/search/285082544,https://opensooq-images.os-cdn.com/previews/2048x0/3f/48/3f484d42bbc20c27a4fe34fab213239140e4b2f256ce3da363b442f5bec17e7b.jpg,Used,MINI,Coupe,Cooper,2019,137000,HatchBack,,Gasoline,,,,,European Specs,,,,,,Al Batinah,Sohar,Autos,Cars For Sale,,,,
نيسان X-تريل 2015 رقم 2 وارد,"2,200 OMR",https://om.opensooq.com/en/search/285082394,https://opensooq-images.os-cdn.com/previews/2048x0/d0/88/d08826fd8e8348edeeef215679ebb37d01818696463fd35bdc10ba8db52f5d47.jpg,Used,Nissan,X-Trail,Standard,2015,223000,SUV,,Gasoline,,,,,Japanese Specs,,,,,,Muscat,Al Maabilah,Autos,Cars For Sale,,,,
Mitshubishi Pajero 2003,"1,000 OMR",https://om.opensooq.com/en/search/285082362,https://opensooq-images.os-cdn.com/previews/2048x0/ff/1f/ff1f21b2d554ead36536bca4b44f44e2e25ca00060ade50e62a0a7c356c1862c.jpg,Used,Mitsubishi,Pajero Mini,,2003,300000,SUV,,Gasoline,,,,,Japanese Specs,,,,,,Al Dhahirah,Ibri,Autos,Cars For Sale,,,,
تويوتا افلون 2018,"5,100 OMR",https://om.opensooq.com/en/search/285082488,https://opensooq-images.os-cdn.com/previews/2048x0/2d/96/2d966fbde7152a492b4423d5b9382ac9a6bb31a111ec14c740714c588161cd4b.jpg,Used,Toyota,Avalon,XLE,2018,155000,Sedan,,Gasoline,,,,,American Specs,,,,,,Al Batinah,Al Khaboura,Autos,Cars For Sale,,,,
نيسان سنترا رقم واحد فتحة سقف.  Nissan Sentra No 1 Sunroof,"4,500 OMR",https://om.opensooq.com/en/search/285082446,https://opensooq-images.os-cdn.com/previews/2048x0/00/12/001236bc6b6238bb19167b5a9ede754dbf9bafe6aef43a5ab7efcc5049c57bd3.jpg,Used,Nissan,Sentra,SV,2023,90000,Sedan,,Gasoline,,,,,American Specs,,,,,,Muscat,Seeb,Autos,Cars For Sale,,,,
رافور خليجي وكالة عمان بدون حوادث ولا صبغ سرفس وكاله تامين شامل,"10,400 OMR",https://om.opensooq.com/en/search/285082310,https://opensooq-images.os-cdn.com/previews/2048x0/e5/a9/e5a9bf2ec577dfd7acdce016b5577c46d9a757f361045c23cb2aff30b69f1f92.jpg,Used,Toyota,RAV 4,Limited,2022,50000,SUV,,Gasoline,,,,,GCC Specs,,,,,,Al Batinah,Barka,Autos,Cars For Sale,,,,
Hyundai Sonata 2013 automatic,"1,300 OMR",https://om.opensooq.com/en/search/285064682,https://opensooq-images.os-cdn.com/previews/2048x0/19/cc/19ccb10825d8eaa0d54c38d651e38527ca3eb782a8ba1fed52c89da336cab4ad.jpg,Used,Hyundai,Sonata,Limited,2013,200000,Sedan,,Gasoline,,,,,Other Specs,,,,,,Al Batinah,Saham,Autos,Cars For Sale,,,,
كامري 2017,"3,750 OMR",https://om.opensooq.com/en/search/285081772,https://opensooq-images.os-cdn.com/previews/2048x0/4e/b4/4eb45150cd8012f77a360ced00f38724ee9fd4ab90bc15bc60506749c7b62551.jpg,Used,Toyota,Camry,LE,2017,189000,Sedan,,Gasoline,,,,,American Specs,,,,,,Al Batinah,Sohar,Autos,Cars For Sale,,,,
Hyundai Kona Model 2019,"3,700 OMR",https://om.opensooq.com/en/search/285081744,https://opensooq-images.os-cdn.com/previews/2048x0/89/09/89090e4dad7e5f179d0b6116d16b53257e239f22d67293d3870df24e7f0aa890.jpg,Used,Hyundai,Kona,Standard,2019,95000,HatchBack,,Gasoline,,,,,American Specs,,,,,,Muscat,Qurm,Autos,Cars For Sale,,,,
دزدج دورانجو للبيع بقمة النظافة,"1,000 OMR",https://om.opensooq.com/en/search/285081722,https://opensooq-images.os-cdn.com/previews/2048x0/2f/52/2f52cb04ef0664c4236acbcb65dba9ef124c269ce38b801a0f1af7db250eaaf2.jpg,Used,Dodge,Durango,Citadel,2011,245000,SUV,,Gasoline,,,,,GCC Specs,,,,,,Al Batinah,Al Masnaah,Autos,Cars For Sale,,,,
للبيع تويوتا كامري2017  قمة في النظافة,"3,500 OMR",https://om.opensooq.com/en/search/285081524,https://opensooq-images.os-cdn.com/previews/2048x0/62/fd/62fda7f435b6ed6443b7b8c0fc94d5650ee456df338449585fa8dfeff138f6b1.jpg,Used,Toyota,Camry,SE,2017,51000,Sedan,,Gasoline,,,,,American Specs,,,,,,Al Batinah,Rustaq,Autos,Cars For Sale,,,,
ألتيما نظيفه مواصفات رقم واحد بدون فتحة,"2,300 OMR",https://om.opensooq.com/en/search/285081508,https://opensooq-images.os-cdn.com/previews/2048x0/da/38/da384214addb8b0b3e0e441cc4a75a89dce37b9510c106005bbc9a206feae0c5.jpg,Used,Nissan,Altima,SV,2017,304000,Sedan,,Gasoline,,,,,American Specs,,,,,,Muscat,sultan haitham city,Autos,Cars For Sale,,,,
دورانجو بقمة النظافة,"1,000 OMR",https://om.opensooq.com/en/search/285081052,https://opensooq-images.os-cdn.com/previews/2048x0/2f/52/2f52cb04ef0664c4236acbcb65dba9ef124c269ce38b801a0f1af7db250eaaf2.jpg,Used,Dodge,Durango,Citadel,2011,245000,SUV,,Gasoline,,,,,GCC Specs,,,,,,Al Batinah,Al Masnaah,Autos,Cars For Sale,,,,
Mitsubishi Galant 2012 model 3.8 V6  what a amazing drive car,"1,200 OMR",https://om.opensooq.com/en/search/285081232,https://opensooq-images.os-cdn.com/previews/2048x0/be/91/be91996152ee26527a2a5ae3a2202c7b21ad642826f060e1a922bce07fb356e7.jpg,Used,Mitsubishi,Galant,GTS Permium,2012,358358,Sedan,,Gasoline,,,,,American Specs,,,,,,Muscat,Ruwi,Autos,Cars For Sale,,,,
نيسان التيما 2017 رمادي صالون بنزين مرخصة مع تأمين وتقنية Bluetooth,"2,700 OMR",https://om.opensooq.com/en/search/285080974,https://opensooq-images.os-cdn.com/previews/2048x0/54/53/5453e24ac6250ad6c149ca964165cbf701adc24d7933c036139dd66509849a19.jpg,Used,Nissan,Altima,SV,2017,173000,Sedan,,Gasoline,,,,,American Specs,,,,,,Al Sharqiya,Ja'alan Bani Bu Ali,Autos,Cars For Sale,,,,
TOYOTA PRADO VX FULL OPTION,"10,400 OMR",https://om.opensooq.com/en/search/285080664,https://opensooq-images.os-cdn.com/previews/2048x0/f7/74/f774893f32facdf925cffe29cb0a918597e1904cc4a45b91dbdba6959e102e55.jpg,Used,Toyota,Prado,VX,2016,232000,SUV,,Gasoline,,,,,GCC Specs,,,,,,Muscat,Al Maabilah,Autos,Cars For Sale,,,,
جيلي أمجراند 2016 GT صالون سيدان حمراء بمواصفات خليجية مع نظام أمان وتقنيات حديثة,"1,500 OMR",https://om.opensooq.com/en/search/285023978,https://opensooq-images.os-cdn.com/previews/2048x0/ba/84/ba84c0d921ea3dfbc03ec9a59f123fcd8f080708fd0e87d4bfe0f284ed410948.jpg,Used,Geely,Emgrand,GT,2016,64000,Sedan,,Gasoline,,,,,GCC Specs,,,,,,Muscat,Azaiba,Autos,Cars For Sale,,,,
فورد اكسبيديشن 2017 مستعملة بحالة جيدة مع خدمات مميزة للبيع أو المبادله,"3,100 OMR",https://om.opensooq.com/en/search/285079820,https://opensooq-images.os-cdn.com/previews/2048x0/8e/54/8e545d9f0728b3bcf1a797a90c3962562027bb96466424dfaa7e8701b1c9bed8.jpg,Used,Ford,Expedition,Standard,2017,400000,,,Gasoline,,,,,American Specs,,,,,,Al Dakhiliya,Sumail,Autos,Cars For Sale,,,,
اللتيما 2017,"2,700 OMR",https://om.opensooq.com/en/search/285072610,https://opensooq-images.os-cdn.com/previews/2048x0/8a/f9/8af96f37cbe97c1467947fbd343bb3eda4bce3425328b431791393d7f1c4b852.jpg,Used,Nissan,Altima,SV,2017,617318,Sedan,,Gasoline,,,,,American Specs,,,,,,Al Sharqiya,Ja'alan Bani Bu Ali,Autos,Cars For Sale,,,,
نيسان تيدا هاتشباك 2014 للبيع,"1,600 OMR",https://om.opensooq.com/en/search/285080596,https://opensooq-images.os-cdn.com/previews/2048x0/c9/42/c9425e62a7e0e5ac864662efc8208dfb0d3d3287320849110270f585abc30923.jpg,Used,Nissan,Tiida,,2014,400000,HatchBack,,Gasoline,,,,,GCC Specs,,,,,,Al Batinah,Barka,Autos,Cars For Sale,,,,
juke 2012 ok,"1,250 OMR",https://om.opensooq.com/en/search/285080546,https://opensooq-images.os-cdn.com/previews/2048x0/3b/13/3b13c00037d78037f7b23cbad9b3c70c6c71f82be9a0462652a12408f9ffe8ce.jpg,Used,Nissan,Juke,Nismo,2012,249800,Sedan,,Gasoline,,,,,GCC Specs,,,,,,Muscat,Al Maabilah,Autos,Cars For Sale,,,,
Honda civic 2017 first owner 2.0 Gcc,"2,800 OMR",https://om.opensooq.com/en/search/285080336,https://opensooq-images.os-cdn.com/previews/2048x0/09/ec/09ecee478bc1f4e7e19a57ab589dacc15f03073780f86db7a5d71b74cd1610c9.jpg,Used,Honda,Civic,Standard,2017,23000,Sedan,,Gasoline,,,,,GCC Specs,,,,,,Muscat,Darsait,Autos,Cars For Sale,,,,
Camry  Toyota Hybrid 2022,"4,600 OMR",https://om.opensooq.com/en/search/285080258,https://opensooq-images.os-cdn.com/previews/2048x0/7b/cd/7bcdfae08b9ff39a0bf5ddaf9b98cbcc7db467ae678c4f34dd5acb76f4a55c06.jpg,Used,Toyota,Camry,LE,2022,124000,Sedan,,Hybrid,,,,,GCC Specs,,,,,,Muscat,Other,Autos,Cars For Sale,,,,
اودي Q7 وكالة عمان,"6,000 OMR",https://om.opensooq.com/en/search/285026634,https://opensooq-images.os-cdn.com/previews/2048x0/a1/06/a106dd4c88cf50b53768f2815d1de8281bc23e08bb4e43a39e67253f506b12a4.jpg,Used,Audi,Q7,Standard,2016,230000,SUV,,Gasoline,,,,,GCC Specs,,,,,,Muscat,Al-Hail,Autos,Cars For Sale,,,,
ومرسيدس بنز c300,"3,700 OMR",https://om.opensooq.com/en/search/285079852,https://opensooq-images.os-cdn.com/previews/2048x0/cc/91/cc91151ff2f45c8249fc754d741e97533c9bf0676301976a52a83f1adeea03c6.jpg,Used,Mercedes Benz,C-Class,C 300,2016,200000,Sedan,,Gasoline,,,,,American Specs,,,,,,Al Dakhiliya,Nizwa,Autos,Cars For Sale,,,,
النترا لبيع فمه ف النظافه,"2,650 OMR",https://om.opensooq.com/en/search/285079732,https://opensooq-images.os-cdn.com/previews/2048x0/9e/62/9e629488cce5df87e1818bd0c173e470dd89abdfd3028cdd21693ef6d6c09818.jpg,Used,Hyundai,Elantra,SEL,2019,120000,Sedan,,Gasoline,,,,,American Specs,,,,,,Al Sharqiya,Ibra,Autos,Cars For Sale,,,,
للبيع أو للمبادلة هيونداي النترا 2014 Hyundai Elentra 2014 for sale or exchange,"1,500 OMR",https://om.opensooq.com/en/search/285079724,https://opensooq-images.os-cdn.com/previews/2048x0/8d/31/8d311eec178524a7fbeb1ba324e2816c042bd621507c9b14e6e7751ce5ef622c.jpg,Used,Hyundai,Elantra,GLS,2014,300000,Coupe,,Gasoline,,,,,GCC Specs,,,,,,Muscat,Al Mawaleh,Autos,Cars For Sale,,,,
بيكب مستبيشي 2019 بترول,"5,500 OMR",https://om.opensooq.com/en/search/284946964,https://opensooq-images.os-cdn.com/previews/2048x0/c1/48/c148f57f7fb980c851e867a251a1185a5644424fdc9d6b99c92985ca52c53503.jpg,Used,Mitsubishi,L200,Double Cab GLX,2019,460000,PickUp,,Gasoline,,,,,GCC Specs,,,,,,Dhofar,Salala,Autos,Cars For Sale,,,,
لاندكروزر VXR 5.7 2017,"17,500 OMR",https://om.opensooq.com/en/search/285079628,https://opensooq-images.os-cdn.com/previews/2048x0/bc/85/bc854f84b76122e34bf7c0402bcf7af8bb6704f2867540e48ad238928a86da7c.jpg,Used,Toyota,Land Cruiser,VXR,2017,300000,SUV,,Gasoline,,,,,GCC Specs,,,,,,Muscat,Halban,Autos,Cars For Sale,,,,
nicevolvo400,"18,000 OMR",https://om.opensooq.com/en/search/285079572,https://opensooq-images.os-cdn.com/previews/2048x0/17/3e/173e755826aa0648ee8806e1dc568fdb2df2b0204d9fd6473caf1746344a06fa.jpg,Used,Volvo,Other,,2009,400000,,,Diesel,,,,,GCC Specs,,,,,,Muscat,Al-Hail,Autos,Cars For Sale,,,,
NISSAN SENTRA SEDAN 2013 FOR SALE,"1,400 OMR",https://om.opensooq.com/en/search/285079502,https://opensooq-images.os-cdn.com/previews/2048x0/6f/ce/6fce9dae8f24f52002514752079a070d9c14494b9be58de25b5182f5875ef8ce.jpg,Used,Nissan,Sentra,SV,2013,310180,Sedan,,Gasoline,,,,,Other Specs,,,,,,Al Batinah,Suwaiq,Autos,Cars For Sale,,,,
للبيع: كامري  .رقم واحد فتحه • 6 سلندر .لون سلفر او فضي • تم تبديل جميع القطع الاستهلاكية، وتشمل:,"1,200 OMR",https://om.opensooq.com/en/search/285079278,https://opensooq-images.os-cdn.com/previews/2048x0/00/34/00345609c37f2268f48793cd84857c8917eece158ee0568a5d7b57a461e6bde7.jpg,Used,Toyota,Camry,E,1999,1000,Sedan,,Gasoline,,,,,GCC Specs,,,,,,Al Batinah,Saham,Autos,Cars For Sale,,,,
Mitsubishi Outlander 2016 model for sale,"4,000 OMR",https://om.opensooq.com/en/search/284767060,https://opensooq-images.os-cdn.com/previews/2048x0/22/9c/229c0b8d39e2514aedd27d1ce68b958c36dcd06af3e7ef8b3c5157f2d9b858e5.jpg,Used,Mitsubishi,Outlander,Standard,2016,103000,SUV,,Gasoline,,,,,GCC Specs,,,,,,Muscat,Ghala,Autos,Cars For Sale,,,,
يارس تويوتا,"3,300 OMR",https://om.opensooq.com/en/search/285079074,https://opensooq-images.os-cdn.com/previews/2048x0/07/9f/079ff0302e64c9a58728acf1723d26a4a5fde1db49ea49d7de40d47cdd75efca.jpg,Used,Toyota,Yaris,SE,2019,183000,Sedan,,Gasoline,,,,,GCC Specs,,,,,,Buraimi,Al Buraimi,Autos,Cars For Sale,,,,
Expatriate Owned 2015 Model Suzuki Grand Vitara,"2,200 OMR",https://om.opensooq.com/en/search/285030596,https://opensooq-images.os-cdn.com/previews/2048x0/7f/81/7f81a99057f0fe457fc61e7eba028238d58eda1de9407f5484ca299b5fc836f0.jpg,Used,Suzuki,Grand Vitara,Standard,2015,200000,SUV,,Gasoline,,,,,Japanese Specs,,,,,,Muscat,Al Khoud,Autos,Cars For Sale,,,,
سيارة دفع روباعي نضيف,"4,000 OMR",https://om.opensooq.com/en/search/285073008,https://opensooq-images.os-cdn.com/previews/2048x0/6d/6f/6d6f1963acca9060c60d18db5e5eed937258789a7765b32854c5bd416831c944.jpg,Used,Mitsubishi,Pajero,Standard,2016,269000,SUV,,Gasoline,,,,,GCC Specs,,,,,,Muscat,Amerat,Autos,Cars For Sale,,,,
كانتر 2026 – جاهز لعقود المشاريع للبيع (PDO Approved),"17,500 OMR",https://om.opensooq.com/en/search/285078706,https://opensooq-images.os-cdn.com/previews/2048x0/da/6d/da6d629c2e1d8597220e7ceb4523d21ce53062e71a138833e59dce15f2c06fb8.jpg,New,Mitsubishi,Canter,,2026,200,PickUp,,Diesel,,,,,GCC Specs,,,,,,Muscat,Ghala,Autos,Cars For Sale,,,,
لاندكروزر VXR,"33,000 OMR",https://om.opensooq.com/en/search/285078616,https://opensooq-images.os-cdn.com/previews/2048x0/22/b7/22b7d70c9caadc6a097f683fcbdbbe3fddcf8a5516abd64596fe157a2220a13e.jpg,Used,Toyota,Land Cruiser,VXR,2003,298999,SUV,,Gasoline,,,,,GCC Specs,,,,,,Buraimi,Al Buraimi,Autos,Cars For Sale,,,,
تكسي كرولا 2018 للبيع مع الرقم,"4,100 OMR",https://om.opensooq.com/en/search/285078668,https://opensooq-images.os-cdn.com/previews/2048x0/1b/f3/1bf37b724a2f1deb4c0587b7d7d2d7a79844472db62f47f0e0687f1da56556cd.jpg,Used,Toyota,Corolla,LE,2018,150000,Sedan,,Gasoline,,,,,American Specs,,,,,,Muscat,Amerat,Autos,Cars For Sale,,,,
للبيع BMW 430 i 2025,"25,700 OMR",https://om.opensooq.com/en/search/285078598,https://opensooq-images.os-cdn.com/previews/2048x0/a8/65/a865d6237079125dde46c1511429bb035966b9bdc13d3bcff5a7114c0fbb297d.jpg,Used,BMW,4 Series,430i,2025,31000,Coupe,,Gasoline,,,,,GCC Specs,,,,,,Muscat,Azaiba,Autos,Cars For Sale,,,,
C Class 300,"3,900 OMR",https://om.opensooq.com/en/search/284236810,https://opensooq-images.os-cdn.com/previews/2048x0/32/e7/32e7b8f4af8140439c2d0b35dda6da37cba2c44ed75f324224664810393d3b35.jpg,Used,Mercedes Benz,C-Class,C 300,2016,231355,Sedan,,Gasoline,,,,,American Specs,,,,,,Al Dakhiliya,Sumail,Autos,Cars For Sale,,,,
2015 Jeep Wrangler Sahara for sale.,"5,000 OMR",https://om.opensooq.com/en/search/284984132,https://opensooq-images.os-cdn.com/previews/2048x0/07/17/0717ebbcfadfa6625cefb2c4874a59ef9f0e4fb0c51e72dd5e1cedf6a200cf4f.jpg,Used,Jeep,Wrangler,Sahara,2015,200000,SUV,,Gasoline,,,,,GCC Specs,,,,,,Muscat,Madinat As Sultan Qaboos,Autos,Cars For Sale,,,,
Q50 Red Sport,"6,200 OMR",https://om.opensooq.com/en/search/284472632,https://opensooq-images.os-cdn.com/previews/2048x0/c5/83/c583a2ce1bf9f5f8ebe0c0d680e5d387e1baca3c0599e10d2701547ac11d36f4.jpg,Used,Infiniti,Q50,Red Sport,2019,100000,Sedan,,Gasoline,,,,,American Specs,,,,,,Al Batinah,Sohar,Autos,Cars For Sale,,,,
مارسيدس SLA 250 2014,"2,250 OMR",https://om.opensooq.com/en/search/285078180,https://opensooq-images.os-cdn.com/previews/2048x0/9d/89/9d89d7062e6dd3172384dc08fa0d1cf6520304ffaf3e855d50ab834c743e6452.jpg,Used,Mercedes Benz,CLA-CLass,CLA 250,2014,200000,Sedan,,Gasoline,,,,,European Specs,,,,,,Muscat,Al Maabilah,Autos,Cars For Sale,,,,
Nissan Versa 2011 for sale,"1,050 OMR",https://om.opensooq.com/en/search/285077770,https://opensooq-images.os-cdn.com/previews/2048x0/0c/f1/0cf1d1f936b715db51f9d6b812c4b5d674f282d021e120493cabe22061475249.jpg,Used,Nissan,Versa,Standard,2011,250000,HatchBack,,Gasoline,,,,,American Specs,,,,,,Muscat,Al Maabilah,Autos,Cars For Sale,,,,
لكزس Lexus is200t  Fspot,"4,100 OMR",https://om.opensooq.com/en/search/285078036,https://opensooq-images.os-cdn.com/previews/2048x0/47/55/4755514e2fb7c0c1ff193aec161d1f7173bc3a589f41a85f1ac77ed864753f79.jpg,Used,Lexus,IS,IS 200,2016,230000,Sedan,,Gasoline,,,,,American Specs,,,,,,Muscat,Al Maabilah,Autos,Cars For Sale,,,,
لاندروفر ديسكفري LR4 2010,"3,200 OMR",https://om.opensooq.com/en/search/285077958,https://opensooq-images.os-cdn.com/previews/2048x0/1e/db/1edbe38defbf68040369801be7a0c173d2607f845549c788de186b7464f0f110.jpg,Used,Land Rover,LR4,HSE,2010,315600,SUV,,Gasoline,,,,,GCC Specs,,,,,,Dhofar,Salala,Autos,Cars For Sale,,,,
Hyundai sonata 2014,"1,500 OMR",https://om.opensooq.com/en/search/285077908,https://opensooq-images.os-cdn.com/previews/2048x0/dd/c5/ddc56a51dab158b39f94890fc12bd88263d861cea09becd4208bb9790bc5edec.jpg,Used,Hyundai,Sonata,SE,2014,145000,Sedan,,Gasoline,,,,,American Specs,,,,,,Muscat,Al Mouj,Autos,Cars For Sale,,,,
kia Optima 2013,"1,450 OMR",https://om.opensooq.com/en/search/285077960,https://opensooq-images.os-cdn.com/previews/2048x0/ba/2b/ba2b7d84003d49f5d74fc88b80b8a64e47402e2e170b6c9f3404076d0c95181b.jpg,Used,Kia,Optima,LX,2013,300150,Sedan,,Gasoline,,,,,GCC Specs,,,,,,Muscat,Seeb,Autos,Cars For Sale,,,,
سيارة هوندا سيفيك Type R 2008 ذهبي عداد مستعمل مرخصة بكامل مواصفاتها,"1,250 OMR",https://om.opensooq.com/en/search/285076964,https://opensooq-images.os-cdn.com/previews/2048x0/f8/be/f8bea0ed53835c34279c144ad9584df4a273324ff42a4b8d65f1ebcc8f5a8f08.jpg,Used,Honda,Civic,Type R,2008,1000000,Sedan,,Gasoline,,,,,GCC Specs,,,,,,Muscat,Ansab,Autos,Cars For Sale,,,,
جينيسيس G80  الرويال توين تيربو,"9,800 OMR",https://om.opensooq.com/en/search/285077818,https://opensooq-images.os-cdn.com/previews/2048x0/b9/e3/b9e39afb22417e2bbf57f862027c782441c4c0bfc04a1d16bcee61fd63f3025e.jpg,Used,Genesis,G80,,2021,128000,Sedan,,Gasoline,,,,,American Specs,,,,,,Muscat,Al Khoud,Autos,Cars For Sale,,,,
للبيع التيما موديل 2020 نظيف جدا,"3,500 OMR",https://om.opensooq.com/en/search/285077704,https://opensooq-images.os-cdn.com/previews/2048x0/55/f4/55f4ace708ced7ea937b976dc085cad9b7df870b488981a2841ca3535f6fb42a.jpg,Used,Nissan,Altima,S,2020,76000,Sedan,,Gasoline,,,,,American Specs,,,,,,Al Batinah,Al Khaboura,Autos,Cars For Sale,,,,
Camry 2008 urgent for sale,850 OMR,https://om.opensooq.com/en/search/285077448,https://opensooq-images.os-cdn.com/previews/2048x0/9c/51/9c51c1235dae03384ca81b4e321132116492c4f285fa56e5f869d9604974e97e.jpg,Used,Toyota,Camry,SE,2008,500000,Sedan,,Gasoline,,,,,European Specs,,,,,,Dhofar,Sadah,Autos,Cars For Sale,,,,
Toyota camry urgent for sale,850 OMR,https://om.opensooq.com/en/search/285077574,https://opensooq-images.os-cdn.com/previews/2048x0/9c/51/9c51c1235dae03384ca81b4e321132116492c4f285fa56e5f869d9604974e97e.jpg,Used,Toyota,Camry,SE,2008,500000,Sedan,,Gasoline,,,,,European Specs,,,,,,Dhofar,Salala,Autos,Cars For Sale,,,,
بي ام 520i 2013   BMW520i اقرا الوصف,"2,700 OMR",https://om.opensooq.com/en/search/285077252,https://opensooq-images.os-cdn.com/previews/2048x0/a9/a9/a9a90272457a01db90ca6f5c616482192fe4a2db7e9fb2fe598a9267a3f66e6b.jpg,Used,BMW,5 Series,520,2013,3000,Sedan,,Gasoline,,,,,European Specs,,,,,,Muscat,Al Khoud,Autos,Cars For Sale,,,,
كيا سبورتاج 2013,"2,600 OMR",https://om.opensooq.com/en/search/285077106,https://opensooq-images.os-cdn.com/previews/2048x0/45/f3/45f36e323ab6ceb95e01a2a6dd9139ee5369931ff8ecbcb19e93beedb067a6f0.jpg,Used,Hyundai,Tucson,GL,2013,302358,SUV,,Gasoline,,,,,GCC Specs,,,,,,Al Dakhiliya,Bahla,Autos,Cars For Sale,,,,
Nissan Kicks 2021,"3,250 OMR",https://om.opensooq.com/en/search/285076826,https://opensooq-images.os-cdn.com/previews/2048x0/65/cf/65cf21cbecb3860af421c779a3b19b696d584369e80345103596b825fc7e4ecf.jpg,Used,Nissan,Kicks,SV,2021,114000,SUV,,Gasoline,,,,,American Specs,,,,,,Muscat,Al Khuwair,Autos,Cars For Sale,,,,
نيسان روجvs 2023 فورويل,"6,100 OMR",https://om.opensooq.com/en/search/285076358,https://opensooq-images.os-cdn.com/previews/2048x0/fe/5e/fe5e403d359e8ff36305c0e0096701bf8c1f18db4741b4f8c945f4bd83246b77.jpg,Used,Nissan,Rogue,SV,2023,26600,SUV,,Gasoline,,,,,American Specs,,,,,,Dhofar,Salala,Autos,Cars For Sale,,,,
MG ZS Luxury Model 2023 for Sale,"4,000 OMR",https://om.opensooq.com/en/search/285076282,https://opensooq-images.os-cdn.com/previews/2048x0/89/36/8936366744daf75e138c32ba487adacba7c6ac5ff8adadbdf4ac2f0325fb1c62.jpg,Used,MG,MG ZS,,2023,47797,SUV,,Gasoline,,,,,GCC Specs,,,,,,Muscat,Azaiba,Autos,Cars For Sale,,,,
رنج روفر سبورت سوبر تشارجر 2016 محول SVR 2021,"10,000 OMR",https://om.opensooq.com/en/search/285076134,https://opensooq-images.os-cdn.com/previews/2048x0/89/b1/89b19e7925bfd82f8539b7dca8d0cc3cb44af9f4e0a34a1f00d19ca328d2e04b.jpg,Used,Land Rover,Range Rover Sport,Supercharged,2016,191055,SUV,,Gasoline,,,,,American Specs,,,,,,Muscat,Al Khoud,Autos,Cars For Sale,,,,
للبيع لكزس IS300 موديل 2021 ابيض نظيف و ممتازة و اتوماتيك,"8,500 OMR",https://om.opensooq.com/en/search/284896692,https://opensooq-images.os-cdn.com/previews/2048x0/81/de/81de36fc9813bd4e9c10c1766648315ab53003f4f9b4b9ea5e53a83f7c17be7a.jpg,Used,Lexus,IS,IS 300,2021,90000,Sedan,,Gasoline,,,,,GCC Specs,,,,,,Muscat,Amerat,Autos,Cars For Sale,,,,
hundai veluster,"2,000 OMR",https://om.opensooq.com/en/search/285075902,https://opensooq-images.os-cdn.com/previews/2048x0/af/1d/af1d875988700a02a3299609f52484ab54057b258b52ff4b6881c22a11693e94.jpg,Used,Hyundai,Veloster,2,2013,152000,HatchBack,,Diesel,,,,,GCC Specs,,,,,,Al Batinah,Sohar,Autos,Cars For Sale,,,,
للبيع مرسيدس G 63 2013,"13,800 OMR",https://om.opensooq.com/en/search/285075964,https://opensooq-images.os-cdn.com/previews/2048x0/c9/6b/c96bc4797ec4ab6db667d781763d3469628bc537fb8f4ad8aaddfac7933b32e7.jpg,Used,Mercedes Benz,G-Class,G 63 AMG,2013,282000,SUV,,Gasoline,,,,,GCC Specs,,,,,,Muscat,Azaiba,Autos,Cars For Sale,,,,
BMW 420 Coupe 2021,"12,500 OMR",https://om.opensooq.com/en/search/285075950,https://opensooq-images.os-cdn.com/previews/2048x0/44/f2/44f25aa023b42902febbb38e4d1c53dd54ff6d0e5a76af2080b8b84581987062.jpg,Used,BMW,4 Series,420,2021,63000,Coupe,,Gasoline,,,,,GCC Specs,,,,,,Muscat,Qurm,Autos,Cars For Sale,,,,
BMW X5 M Sport - 2019,"13,800 OMR",https://om.opensooq.com/en/search/285075894,https://opensooq-images.os-cdn.com/previews/2048x0/dd/53/dd537f50a93fc2e8b7f1bd7c4c5fc220e5a7f763cf5c5054e7c10c7328beffdf.jpg,Used,BMW,X5 Series,Standard,2019,101000,SUV,,Gasoline,,,,,GCC Specs,,,,,,Muscat,Qurm,Autos,Cars For Sale,,,,
نيسان سنترا خليجي 1.8,"1,350 OMR",https://om.opensooq.com/en/search/285075800,https://opensooq-images.os-cdn.com/previews/2048x0/5d/6f/5d6f0bc033b76b4ca2c820d815d13bec1f395b529b707d57a8cc7a87e784811e.jpg,Used,Nissan,Sentra,SV,2013,300000,Sedan,,Gasoline,,,,,GCC Specs,,,,,,Muscat,Azaiba,Autos,Cars For Sale,,,,
Nissan Sunny 2014,"1,250 OMR",https://om.opensooq.com/en/search/285018404,https://opensooq-images.os-cdn.com/previews/2048x0/bd/43/bd438e51b989fd0542b58fb01523439bfc90703373e24ac02f088675e7b4c2cc.jpg,Used,Nissan,Sunny,SL,2014,280000,Sedan,,Gasoline,,,,,Other Specs,,,,,,Muscat,Al Khoud,Autos,Cars For Sale,,,,
تويوتا رافور 2020xle رقم1فتحه فورويل بحالة الوكاله,"6,000 OMR",https://om.opensooq.com/en/search/285074108,https://opensooq-images.os-cdn.com/previews/2048x0/27/b9/27b9306312bc557c6cc92628416d856ae3b544da55cd1654a80ae9183429eb83.jpg,Used,Toyota,RAV 4,XLE,2020,11700,SUV,,Gasoline,,,,,American Specs,,,,,,Al Batinah,Saham,Autos,Cars For Sale,,,,
GMC Acadia 2011 for R.O.950,950 OMR,https://om.opensooq.com/en/search/285075666,https://opensooq-images.os-cdn.com/previews/2048x0/4e/47/4e47335234617a9c24ba8b00e5729198d99c42878df28034acb9af777c26d07f.jpg,Used,GMC,Acadia,All Terrain,2011,325000,SUV,,Gasoline,,,,,American Specs,,,,,,Dhofar,Salala,Autos,Cars For Sale,,,,
للبيع لكزس ES350  موديل 2010 نظيفة ما تشتكي من شي  قابل للتفاوض,"2,000 OMR",https://om.opensooq.com/en/search/285075618,https://opensooq-images.os-cdn.com/previews/2048x0/af/24/af24a99b439d5d62f1afb1fdd25dbe7db535162a3e12979d58097154d08a7d1a.jpg,Used,Lexus,ES,ES 350,2010,200000,Sedan,,Gasoline,,,,,American Specs,,,,,,Buraimi,Al Buraimi,Autos,Cars For Sale,,,,
للبيع مرسيدس S560 2019 AMG بالحادث,"8,800 OMR",https://om.opensooq.com/en/search/285075582,https://opensooq-images.os-cdn.com/previews/2048x0/71/3c/713c082d01a7f12be789a7304e0ca60a5fa158960c2760f7ab2160b7908be977.jpg,Used,Mercedes Benz,S-Class,S 560,2019,80000,Sedan,,Gasoline,,,,,American Specs,,,,,,Dhofar,Salala,Autos,Cars For Sale,,,,
شانجان estar كهربائية,"3,600 OMR",https://om.opensooq.com/en/search/285075524,https://opensooq-images.os-cdn.com/previews/2048x0/3e/f3/3ef31f267f39da58c20509a706628a583aa42e572f810b382224748134161345.jpg,New,Changan,E-Star,,2024,0,HatchBack,,Electric,,,,,Chinese Specs,,,,,,Al Dakhiliya,Nizwa,Autos,Cars For Sale,,,,
GMC Acadia 2011 for SALE - R.O.950.000,950 OMR,https://om.opensooq.com/en/search/285075164,https://opensooq-images.os-cdn.com/previews/2048x0/43/01/4301c31d0bdaeec88bb5c3525d4a26d4aedb9d925406bf20c29c2a8257d453db.jpg,Used,GMC,Acadia,Standard,2011,320000,SUV,,Gasoline,,,,,GCC Specs,,,,,,Dhofar,Salala,Autos,Cars For Sale,,,,
فورد f150 موديل 2018 بانورما,"7,400 OMR",https://om.opensooq.com/en/search/285075374,https://opensooq-images.os-cdn.com/previews/2048x0/6c/b5/6cb53d0075a27f6b68d43c811f8e9e8a60a6981718bdec2045dd55b50dbfde40.jpg,Used,Ford,F-150,Lariat,2018,120000,PickUp,,Gasoline,,,,,American Specs,,,,,,Muscat,Azaiba,Autos,Cars For Sale,,,,
للبيع: نيسان باثفايندرSL   2015lفل أوبشن سيارة عائلية بحالة ممتازة وجاهزة للاستخدام  اللون,"3,300 OMR",https://om.opensooq.com/en/search/285075250,https://opensooq-images.os-cdn.com/previews/2048x0/bf/96/bf967850b82abf47780a23b7c3e4ba3ed3d2f03f0d51163c9515af9368c78376.jpg,Used,Nissan,Pathfinder,SL,2015,174476,HatchBack,,Gasoline,,,,,American Specs,,,,,,Al Batinah,Shinas,Autos,Cars For Sale,,,,
مازدا 3 صالون 2008 مستعملة بحالة ممتازة مع مواصفات يابانية ومرخصة,900 OMR,https://om.opensooq.com/en/search/285075248,https://opensooq-images.os-cdn.com/previews/2048x0/f3/ab/f3ab8f300e38a8f971198c510fc53ebcea5c363a5ce3ef2819632b0a355688ed.jpg,Used,Mazda,3,S,2008,498015,Coupe,,Gasoline,,,,,Japanese Specs,,,,,,Al Dakhiliya,Nizwa,Autos,Cars For Sale,,,,
للبيع بورش كايين S 2015,"6,900 OMR",https://om.opensooq.com/en/search/285075238,https://opensooq-images.os-cdn.com/previews/2048x0/cb/f8/cbf82b7092eaac8a49b5876769255f358e9a207bdba417804aad9e45b96bf749.jpg,Used,Porsche,Cayenne,Cayenne S,2015,128000,SUV,,Gasoline,,,,,GCC Specs,,,,,,Muscat,Azaiba,Autos,Cars For Sale,,,,
لاندكروزر GXR بدون تيربو 2024 خليجي نظيف بحاله جيده,"24,800 OMR",https://om.opensooq.com/en/search/285075204,https://opensooq-images.os-cdn.com/previews/2048x0/d5/8f/d58f5225d06fd0ad69ebc2e744919007a46333c97a06d866ae97a190d7f7a7c2.jpg,Used,Toyota,Land Cruiser,GXR,2024,99000,SUV,,Gasoline,,,,,GCC Specs,,,,,,Muscat,Al-Hail,Autos,Cars For Sale,,,,
لكزس ال اس 430 للبيع بدون الرقم,"1,300 OMR",https://om.opensooq.com/en/search/285075100,https://opensooq-images.os-cdn.com/previews/2048x0/89/d9/89d9fd5a2629609d8738dca05baae2b814f52bf3a4c48019be801cdc29ff0176.jpg,Used,Lexus,LS,LS 430,2003,464000,Sedan,,Gasoline,,,,,American Specs,,,,,,Al Batinah,Suwaiq,Autos,Cars For Sale,,,,
تويوتا لاندكروزر المحرك : 3.5 توين توربو خليجي 2024,"27,800 OMR",https://om.opensooq.com/en/search/285075136,https://opensooq-images.os-cdn.com/previews/2048x0/3d/02/3d02042bbfa5393d6f996e2d9011e8decb5d92f1671c8e10e2e63fd32b4609ac.jpg,Used,Toyota,Land Cruiser,GXR,2024,19000,SUV,,Gasoline,,,,,GCC Specs,,,,,,Muscat,Al-Hail,Autos,Cars For Sale,,,,
تويوتا لاند كروزر دفع رباعي VXR 2000,"3,250 OMR",https://om.opensooq.com/en/search/285074642,https://opensooq-images.os-cdn.com/previews/2048x0/c7/44/c7444835e90521dd9480efc08b6675d971ba552693e088b5b1737b93bfa54988.jpg,Used,Toyota,Land Cruiser,VXR,2000,390069,SUV,,Gasoline,,,,,Japanese Specs,,,,,,Muscat,Al Maabilah,Autos,Cars For Sale,,,,
لكزس الدفع الرباعي اف سبورت LX600 2025 خليجي,,https://om.opensooq.com/en/search/285075054,https://opensooq-images.os-cdn.com/previews/2048x0/a2/79/a2797bfef837a59b1ca0df30abd3883ce48643cce3f1b375ff323eb7bd30028e.jpg,Used,Lexus,LX,LX 600 F Sport Handling,2025,31000,SUV,,Gasoline,,,,,GCC Specs,,,,,,Muscat,Al-Hail,Autos,Cars For Sale,,,,
نـيـسـان باترول بلاتينيوم 2025 - توين توربو 6 سلندر خليجي,"33,000 OMR",https://om.opensooq.com/en/search/285074960,https://opensooq-images.os-cdn.com/previews/2048x0/36/42/36421c364a3e56092cfb40c1bcd3d1b1884684173a1dcfa590dd1ffad07960b8.jpg,Used,Nissan,Patrol,LE Platinum,2025,23000,SUV,,Gasoline,,,,,GCC Specs,,,,,,Muscat,Al-Hail,Autos,Cars For Sale,,,,
سيارة هيونداي توسان 2018 موديل ستاندرد بألوان أزرق فاتح مع تأمين شامل وخصائص تقنية حديثة,"3,500 OMR",https://om.opensooq.com/en/search/285074802,https://opensooq-images.os-cdn.com/previews/2048x0/1f/d0/1fd0635e890d47e94358d03ecbd6c342e766d1cfe5772216f21edda52167b892.jpg,Used,Hyundai,Tucson,Standard,2018,160000,SUV,,Gasoline,,,,,Dealership,,,,,,Muscat,Ruwi,Autos,Cars For Sale,,,,
لاندكروزر بيكاب شاص 2026 خليجي وكالة عمان زيرو كم,,https://om.opensooq.com/en/search/285074790,https://opensooq-images.os-cdn.com/previews/2048x0/6a/06/6a06eefc7028e8cdfae8c3a3a209ec571535a8a794953fc67b6d91682df49a26.jpg,New,Toyota,Land Cruiser,Land Cruiser 70,2026,0,SUV,,Gasoline,,,,,GCC Specs,,,,,,Muscat,Al-Hail,Autos,Cars For Sale,,,,
لاندكروزر VXR 2024 وكالة عمان تحت ضمان الوكاله زيرو كم مواصفات خاصه,,https://om.opensooq.com/en/search/285074758,https://opensooq-images.os-cdn.com/previews/2048x0/55/2d/552d7337758b5ac901354a217b00f907bc0e6acd43860bc66bb7306a5ad1a01f.jpg,New,Toyota,Land Cruiser,VXR,2024,0,SUV,,Gasoline,,,,,GCC Specs,,,,,,Muscat,Al-Hail,Autos,Cars For Sale,,,,
"Toyota Yaris 2010 Hatchback for Sale - Red, Gasoline, Licensed, Excellent Condition","1,500 OMR",https://om.opensooq.com/en/search/285074640,https://opensooq-images.os-cdn.com/previews/2048x0/b7/d8/b7d8d96eaf4ad79feadfaf05a3881d303a8106aa6f5d0ac2833c829007e59ab3.jpg,Used,Toyota,Yaris,MID,2010,130000,HatchBack,,Gasoline,,,,,American Specs,,,,,,Dhofar,Salala,Autos,Cars For Sale,,,,
Nissan Altima,"2,000 OMR",https://om.opensooq.com/en/search/285074538,https://opensooq-images.os-cdn.com/previews/2048x0/ff/c1/ffc102d022367164e734847e9b6e556df711517a261475520bf21570260b09a2.jpg,Used,Nissan,Altima,S,2017,295000,Sedan,,Gasoline,,,,,American Specs,,,,,,Muscat,Al-Hail,Autos,Cars For Sale,,,,
تاهو Z71 Special Edition Off-Roa 2021 للبيع,"16,500 OMR",https://om.opensooq.com/en/search/285074494,https://opensooq-images.os-cdn.com/previews/2048x0/e7/e6/e7e6a63376dd5a8e7cffdfa06dca746e437edcdab5567f5225ea9a7bc1780b3f.jpg,Used,Chevrolet,Tahoe,Z71,2021,228000,SUV,,Gasoline,,,,,GCC Specs,,,,,,Muscat,Al Maabilah,Autos,Cars For Sale,,,,
بسعر مغري جداً Ford F-150 Raptor 37 - 2021,"24,000 OMR",https://om.opensooq.com/en/search/285074348,https://opensooq-images.os-cdn.com/previews/2048x0/c0/64/c064b06e1dc7e0188f012632d92e6b7c60bc72e1d47d45eaa6b0a88e5a408974.jpg,Used,Ford,F-150,Raptor,2021,128000,PickUp,,Gasoline,,,,,American Specs,,,,,,Al Batinah,Sohar,Autos,Cars For Sale,,,,
Kia Koup EX 2010 available for sale,"1,350 OMR",https://om.opensooq.com/en/search/285074252,https://opensooq-images.os-cdn.com/previews/2048x0/5f/91/5f916ecd00c5611c5bdc53451d76402f4f8cfc68a2f82fc048748ffabd92fe97.jpg,Used,Kia,Koup,EX,2010,250000,Coupe,,Gasoline,,,,,GCC Specs,,,,,,Muscat,Al Khuwair,Autos,Cars For Sale,,,,
ford edge 2012 model,"2,600 OMR",https://om.opensooq.com/en/search/285074158,https://opensooq-images.os-cdn.com/previews/2048x0/89/4a/894acd58d79dfcce74e87df09dd69e7fff493a90be9c9a9a6672d0bc6223ac31.jpg,Used,Ford,Edge,Limited,2012,300000,SUV,,Gasoline,,,,,American Specs,,,,,,Al Batinah,Sohar,Autos,Cars For Sale,,,,
Mitsubishi Pajero 2008 model,"1,700 OMR",https://om.opensooq.com/en/search/285026372,https://opensooq-images.os-cdn.com/previews/2048x0/1c/f6/1cf699a25acfcf031d24ee143950a689fe4843bf5126c8f6bdb035f573b1594f.jpg,Used,Mitsubishi,Pajero,Standard,2008,264732,HatchBack,,Gasoline,,,,,GCC Specs,,,,,,Al Dakhiliya,Bahla,Autos,Cars For Sale,,,,
I want to sell,"1,200 OMR",https://om.opensooq.com/en/search/285027394,https://opensooq-images.os-cdn.com/previews/2048x0/0f/9f/0f9fbe4c40de83bca7e982003177c13e95f1cf7de4383c0bc258484db5157e34.jpg,Used,Nissan,Navara,SE,2015,355555,PickUp,,Diesel,,,,,Japanese Specs,,,,,,Muscat,Ghala,Autos,Cars For Sale,,,,
هوندا أكورد 2017 Touring هايبرد رمادي مرخصة مع مواصفات أمريكية وميزات متطورة,"3,950 OMR",https://om.opensooq.com/en/search/285074088,https://opensooq-images.os-cdn.com/previews/2048x0/ff/0e/ff0ede076a74081a55f988a056ea697c769f1e7e9e6813314d8dd513ba17632c.jpg,Used,Honda,Accord,Touring,2017,139000,Sedan,,Hybrid,,,,,American Specs,,,,,,Muscat,Al Maabilah,Autos,Cars For Sale,,,,
تويوتا برادو فئة GXR موديل 2019 قمة في النظافة ممشى قليل 129 الف كم فقط,"12,800 OMR",https://om.opensooq.com/en/search/285074030,https://opensooq-images.os-cdn.com/previews/2048x0/69/4e/694e606b75755fa9ae19050d1a87210b7a19f785ef139a5a7c78a6aa1f6de7ea.jpg,Used,Toyota,Prado,GXR,2019,126000,SUV,,Gasoline,,,,,GCC Specs,,,,,,Muscat,Al Maabilah,Autos,Cars For Sale,,,,
جي ام سي دنالي خليجي 2019,"11,300 OMR",https://om.opensooq.com/en/search/285073936,https://opensooq-images.os-cdn.com/previews/2048x0/fc/d4/fcd4f98cb5a0da94fff5ade451fa7092af713ff246cb56147ab1b577611a0c22.jpg,Used,GMC,Yukon,Denali,2019,183000,SUV,,Gasoline,,,,,GCC Specs,,,,,,Al Batinah,Al Khaboura,Autos,Cars For Sale,,,,
Honda Civic LXI 2019 model,"4,200 OMR",https://om.opensooq.com/en/search/285073910,https://opensooq-images.os-cdn.com/previews/2048x0/59/bb/59bbf9c1fc2a37927efc7f58fc5add087b42231989a2f1814db901db43402493.jpg,Used,Honda,Civic,LXi,2019,100400,Sedan,,Gasoline,,,,,GCC Specs,,,,,,Muscat,Al-Wuttayah,Autos,Cars For Sale,,,,
للبيع نيسان التيما 2019 بحالة ممتازة جداً بممشى قليل 59 الف كيلومتر,"4,650 OMR",https://om.opensooq.com/en/search/285073850,https://opensooq-images.os-cdn.com/previews/2048x0/d6/cd/d6cdeae28cd6b9bb6f1b9b3fb8a1bca085d9504be7cd1c2c061afa08bfc13b1d.jpg,Used,Nissan,Altima,SV,2019,59000,Sedan,,Gasoline,,,,,American Specs,,,,,,Muscat,Halban,Autos,Cars For Sale,,,,
سوناتا 2014 مالك الاول وكاله عمان,"1,600 OMR",https://om.opensooq.com/en/search/285073828,https://opensooq-images.os-cdn.com/previews/2048x0/e9/69/e969d14b3c43a54b527eefa2976060c8b5af924d3379ef60f42e3f5cbc64ee45.jpg,Used,Hyundai,Sonata,SE,2014,206000,Sedan,,Gasoline,,,,,GCC Specs,,,,,,Muscat,Amerat,Autos,Cars For Sale,,,,
نيسان باثفيندر 2012 خليجي للبيع,"1,800 OMR",https://om.opensooq.com/en/search/285073774,https://opensooq-images.os-cdn.com/previews/2048x0/99/1a/991ad086fee2180b7d6f4338b1d86de5f42fd2c7d78a056e7eb050b5656013a0.jpg,Used,Nissan,Pathfinder,Standard,2012,579432,SUV,,Gasoline,,,,,GCC Specs,,,,,,Muscat,Darsait,Autos,Cars For Sale,,,,
جيب جراند شيروكي 2018,"5,500 OMR",https://om.opensooq.com/en/search/285073636,https://opensooq-images.os-cdn.com/previews/2048x0/5a/31/5a31fc9660962ab25ba502afd5845557930fa2d23a52eec5a5867008010750e2.jpg,Used,Jeep,Grand Cherokee,Altitude X,2018,215000,SUV,,Gasoline,,,,,American Specs,,,,,,Al Dakhiliya,Nizwa,Autos,Cars For Sale,,,,
Beautiful and clean Maserati lady drive,"9,900 OMR",https://om.opensooq.com/en/search/285073720,https://opensooq-images.os-cdn.com/previews/2048x0/c0/be/c0be5442e007490d440643a353ab0d3fbb49035df4e86c2345801f5726be1186.jpg,Used,Maserati,GranTurismo,MC,2015,88000,Coupe,,Gasoline,,,,,GCC Specs,,,,,,Muscat,Al-Hail,Autos,Cars For Sale,,,,
تسلا مودل 3 ستاندر بلاس 2021 تدعم الشحن السريع والتحديثات والبرامج والخرائط,"5,300 OMR",https://om.opensooq.com/en/search/285066810,https://opensooq-images.os-cdn.com/previews/2048x0/a7/0d/a70d44cbde9648b321f9dfd7d346dabdd04e6aecad99b12b1ea3d0653a2d4ece.jpg,Used,Tesla,Model 3,Standard Plus,2021,180000,Sedan,,Electric,,,,,American Specs,,,,,,Muscat,Al Maabilah,Autos,Cars For Sale,,,,
Hyundai sonata limited GCC 2016,"2,100 OMR",https://om.opensooq.com/en/search/285073658,https://opensooq-images.os-cdn.com/previews/2048x0/55/6b/556b071aaf06fc950147290dca1c701eb244c4b75c56e34f05807e875a2e3457.jpg,Used,Hyundai,Sonata,Limited,2016,260000,Sedan,,Diesel,,,,,GCC Specs,,,,,,Muscat,Al Mouj,Autos,Cars For Sale,,,,
كرولا 2012 خليجي,"1,850 OMR",https://om.opensooq.com/en/search/285073582,https://opensooq-images.os-cdn.com/previews/2048x0/be/83/be83c22a709edff6475168d0a69e6e1738fa4f8b5d79f9359b0d98d525aafa0a.jpg,Used,Toyota,Corolla,XLI,2012,184886,Sedan,,Gasoline,,,,,GCC Specs,,,,,,Al Batinah,Saham,Autos,Cars For Sale,,,,
تيوتا إيكو موديل 2005 للبيع,"1,000 OMR",https://om.opensooq.com/en/search/285060432,https://opensooq-images.os-cdn.com/previews/2048x0/d4/85/d4852a56e09a396e805b9faecda1fd7100d803922341ccd260fd11cb388a244d.jpg,Used,Toyota,Echo,Base,2005,190000,Sedan,,Gasoline,,,,,GCC Specs,,,,,,Al Dakhiliya,Bidbid,Autos,Cars For Sale,,,,
سوزوكي جراند فيتارا,"2,200 OMR",https://om.opensooq.com/en/search/285073532,https://opensooq-images.os-cdn.com/previews/2048x0/c1/e8/c1e88af044407a6a4d61f7b61efe784be9406280cee803690354d017e4ea6ad3.jpg,Used,Suzuki,Grand Vitara,DLX,2018,251112,SUV,,Gasoline,,,,,GCC Specs,,,,,,Al Sharqiya,Al Mudaibi,Autos,Cars For Sale,,,,
MAGE E3 2026 Brand-New 5 years warranty,"6,950 OMR",https://om.opensooq.com/en/search/285073522,https://opensooq-images.os-cdn.com/previews/2048x0/5b/12/5b122426173bc430b0189cff4c429a2f82c6e5fc46f92c4f97740b37238f0f34.jpg,New,Dongfeng,Other,,2026,0,SUV,,Gasoline,,,,,GCC Specs,,,,,,Muscat,Amerat,Autos,Cars For Sale,,,,
BENZ MERCEDES 2015,"3,900 OMR",https://om.opensooq.com/en/search/285073514,https://opensooq-images.os-cdn.com/previews/2048x0/b2/c3/b2c3a6df74373f5ead21cb21177fe7b0cd03aa06331689e7053055485f5eba68.jpg,Used,Mercedes Benz,C-Class,C 300,2015,169000,Sedan,,Gasoline,,,,,GCC Specs,,,,,,Muscat,Amerat,Autos,Cars For Sale,,,,
Volkswagen Teramont 2019 Gcc Oman Full option,"8,500 OMR",https://om.opensooq.com/en/search/285073512,https://opensooq-images.os-cdn.com/previews/2048x0/ac/58/ac589ef22f4674f5e05cead65a750a59f4938c7dc2e9e34daa05ddaeb1dd93ec.jpg,Used,Volkswagen,Teramont,Standard,2019,113000,SUV,,Gasoline,,,,,GCC Specs,,,,,,Muscat,Amerat,Autos,Cars For Sale,,,,
"URGENT SALE , TERAMONT 2019, LOW MILEAGE , EXCELLENT CONDITION , VERY NEAT & CLEAN, V6, 4WD","6,300 OMR",https://om.opensooq.com/en/search/285073434,https://opensooq-images.os-cdn.com/previews/2048x0/9d/7c/9d7c8599d199bc2119e4fc69e9f3466ace1345ddc18874d9abf8dbd3f44453cf.jpg,Used,Volkswagen,Teramont,Comfortline,2019,86000,SUV,,Gasoline,,,,,American Specs,,,,,,Muscat,Al-Hail,Autos,Cars For Sale,,,,
Jetour X70 Plus,"7,200 OMR",https://om.opensooq.com/en/search/285073330,https://opensooq-images.os-cdn.com/previews/2048x0/e5/8e/e58e7411cc70eb7b2dda5d6375bae5e5b20322096f7cf5d729555339146a494b.jpg,Used,Jetour,X70 Plus,,2025,9500,SUV,,Gasoline,,,,,GCC Specs,,,,,,Muscat,Madinat As Sultan Qaboos,Autos,Cars For Sale,,,,
كورولا 2022 خليجي,"3,299 OMR",https://om.opensooq.com/en/search/285073344,https://opensooq-images.os-cdn.com/previews/2048x0/55/cd/55cd96a39350b0637745a7414081f5072a74f1de68d34db4cb00619ceddfa43c.jpg,Used,Toyota,Corolla,LE,2022,96000,Sedan,,Gasoline,,,,,GCC Specs,,,,,,Muscat,Ansab,Autos,Cars For Sale,,,,
لكزس خليجي 2012,"6,999 OMR",https://om.opensooq.com/en/search/285073222,https://opensooq-images.os-cdn.com/previews/2048x0/ff/60/ff6042a5492c5accb7d3577a9619b7c4a730ac6a7f1053099c0811c84c50192c.jpg,Used,Lexus,LX,LX 570,2012,330000,SUV,,Gasoline,,,,,GCC Specs,,,,,,Muscat,Ansab,Autos,Cars For Sale,,,,
تويوتا كورولا 2012 XLI لون أبيض مع مواصفات خليجية وحالة ممتازة,"2,800 OMR",https://om.opensooq.com/en/search/285073026,https://opensooq-images.os-cdn.com/previews/2048x0/8a/93/8a9374adc5ecb85cfb983883058ddb079a479be623ffff7a721d6143dbbe8b3a.jpg,Used,Toyota,Corolla,XLI,2012,40000,Sedan,,Gasoline,,,,,GCC Specs,,,,,,Al Batinah,Rustaq,Autos,Cars For Sale,,,,
ثيرموستات وكالة ماليبو 2013 شريتها ب 33 ورفعت حرارة السيارة فيها هيد مشكلة,"15,000 OMR",https://om.opensooq.com/en/search/285072988,https://opensooq-images.os-cdn.com/previews/2048x0/75/79/7579170d90e91ac1ea1b87b84f1a8c644d51e677c1a9efb90224102893895d67.jpg,Used,Chevrolet,Malibu,LT,2013,1101,Sedan,,Gasoline,,,,,GCC Specs,,,,,,Al Dakhiliya,Manah,Autos,Cars For Sale,,,,
كيا سبورتاج موديلا 2019 وكالة عمان للبيع,"4,800 OMR",https://om.opensooq.com/en/search/285073012,https://opensooq-images.os-cdn.com/previews/2048x0/6b/6a/6b6ae4447db652ce29f34391168ddb6c101673bf02d03650f9629c93600fee93.jpg,Used,Kia,Sportage,Standard,2019,104000,SUV,,Gasoline,,,,,GCC Specs,,,,,,Muscat,Azaiba,Autos,Cars For Sale,,,,
للبيع سيارة شفرليه كروز موديل 2014,"1,100 OMR",https://om.opensooq.com/en/search/285072778,https://opensooq-images.os-cdn.com/previews/2048x0/05/19/0519986ed8781ba7a81e24340a5315335aa5f8d712334212234ffe8ab6fe0e68.jpg,Used,Chevrolet,Cruze,LS,2014,163844,Sedan,,Gasoline,,,,,GCC Specs,,,,,,Muscat,Al Khoud,Autos,Cars For Sale,,,,
Ford Edge Limited Edition car for sale,"2,000 OMR",https://om.opensooq.com/en/search/285072726,https://opensooq-images.os-cdn.com/previews/2048x0/5a/65/5a65223bb93517d3230fd9e3864482ce296d026992454e64f48dfbabbf2c1ad5.jpg,Used,Ford,Edge,Limited,2012,182000,SUV,,Gasoline,,,,,GCC Specs,,,,,,Al Wustaa,Mahut,Autos,Cars For Sale,,,,
اكورد خليجي نظيفه للبيع عليها مخالفات 400,"2,300 OMR",https://om.opensooq.com/en/search/285072670,https://opensooq-images.os-cdn.com/previews/2048x0/92/2e/922e44cbc9217278cc5eec5f68b36d9f7b37d7b79c4f341775daa2d6edb75b0e.jpg,Used,Honda,Accord,Limited,2016,222222,Sedan,,Gasoline,,,,,GCC Specs,,,,,,Dhofar,Salala,Autos,Cars For Sale,,,,
كنتر شاحنه للبيع,"5,500 OMR",https://om.opensooq.com/en/search/285072654,https://opensooq-images.os-cdn.com/previews/2048x0/af/52/af52398672eef4106d83d71b1f556a2a417437a47d67f592ab2df395252c47ef.jpg,Used,Isuzu,Other,,2019,990000,,,Diesel,,,,,GCC Specs,,,,,,Muscat,Ghala,Autos,Cars For Sale,,,,
Hyundai Tucson 2015,"2,250 OMR",https://om.opensooq.com/en/search/285072482,https://opensooq-images.os-cdn.com/previews/2048x0/a7/79/a779384bb00329176cf89ddde1c8476f65f11dcd4d19d954af99c98884cf9178.jpg,Used,Hyundai,Tucson,Limited,2015,300000,HatchBack,,Gasoline,,,,,GCC Specs,,,,,,Muscat,Ruwi,Autos,Cars For Sale,,,,
جيلي جي اكس 2 الباندا,300 OMR,https://om.opensooq.com/en/search/285062546,https://opensooq-images.os-cdn.com/previews/2048x0/2a/cd/2acdceccd1c84f09a5b59e825b183a6805cd8fa2e1a0beae8351ac2d2d820874.jpg,Used,Geely,GX2,,2015,1000,HatchBack,,Gasoline,,,,,Chinese Specs,,,,,,Al Batinah,Saham,Autos,Cars For Sale,,,,
كامري SE الموديل 2017,"3,500 OMR",https://om.opensooq.com/en/search/285072350,https://opensooq-images.os-cdn.com/previews/2048x0/f7/7d/f77d38186e23aeba9cefefd54751808825e2d17178877c27f55e93b727b7a7b5.jpg,Used,Toyota,Camry,SE,2017,239038,Sedan,,Gasoline,,,,,American Specs,,,,,,Muscat,Amerat,Autos,Cars For Sale,,,,
Lexus RX 450H(بدون حادث),"14,300 OMR",https://om.opensooq.com/en/search/285072248,https://opensooq-images.os-cdn.com/previews/2048x0/17/75/177542d18a4c0328484154d317d042b80260e71c1eb5d77b7aa49f95ed035861.jpg,Used,Lexus,RX,RX 450h,2022,70000,SUV,,Hybrid,,,,,European Specs,,,,,,Muscat,Azaiba,Autos,Cars For Sale,,,,
التيما 2013 SL اعلى فئة 6 سلندر,"2,100 OMR",https://om.opensooq.com/en/search/285072342,https://opensooq-images.os-cdn.com/previews/2048x0/e2/37/e23753de3880d2c16c1edbef3e94e8121e44638c7a1b77d02394db40e84fa127.jpg,Used,Nissan,Altima,SL,2013,328000,Sedan,,Gasoline,,,,,American Specs,,,,,,Muscat,Al Maabilah,Autos,Cars For Sale,,,,
