Name,Price,URL,Image,Condition,Car Make,Model,Trim,Year,Kilometers,Body Type,Number of Seats,Fuel,Transmission,Engine Size (cc),Exterior Color,Interior Color,Regional Specs,Car License,Insurance,Body Condition,Paint,Payment Method,City,Neighborhood,Category,Subcategory,Interior Options,Exterior Options,Technology Options,VIN Number
Range Rover sport 2021 خليجي,"14,500 OMR",https://om.opensooq.com/en/search/285017940,https://opensooq-images.os-cdn.com/previews/2048x0/4b/7b/4b7be0f1c34c17c525dd1f4e5064be004ecfe2b4c3c8076c7442de2024d26596.jpg,Used,Land Rover,Range Rover Sport,HSE,2021,116000,SUV,,Gasoline,,,,,GCC Specs,,,,,,Muscat,Muscat Hills,Autos,Cars For Sale,,,,
Range Rover Sport,"8,500 OMR",https://om.opensooq.com/en/search/285022164,https://opensooq-images.os-cdn.com/previews/2048x0/93/4a/934a46183b2de45e50b3342ada0988980b66248607b3c8ed075d6cb6f4f0dc72.jpg,Used,Land Rover,Range Rover Sport,HSE,2014,183000,SUV,,Gasoline,,,,,GCC Specs,,,,,,Muscat,Al Maabilah,Autos,Cars For Sale,,,,
مرسيدس E350,"3,400 OMR",https://om.opensooq.com/en/search/285022088,https://opensooq-images.os-cdn.com/previews/2048x0/f9/e6/f9e66a728433f4561aea2a31cd6fdf36e5aed3dc84baa41773f752690a77c99b.jpg,Used,Mercedes Benz,E-Class,E 350,2015,3000,Coupe,,Gasoline,,,,,American Specs,,,,,,Al Batinah,Al Khaboura,Autos,Cars For Sale,,,,
Hyundai sonata 2014,"1,500 OMR",https://om.opensooq.com/en/search/285022098,https://opensooq-images.os-cdn.com/previews/2048x0/7a/15/7a15f479f5c2e5b63acd5af286844282570bbf749d2239cb9766d47fffabb56f.jpg,Used,Hyundai,Sonata,Sport,2014,145000,Sedan,,Gasoline,,,,,American Specs,,,,,,Muscat,Al Mouj,Autos,Cars For Sale,,,,
باص فان من شركة رينولت موديل دوكر 2017 خليجي قمة في النظافة للبيع !,"1,950 OMR",https://om.opensooq.com/en/search/285022044,https://opensooq-images.os-cdn.com/previews/2048x0/08/1a/081a923bd17cd3832039420134965db88e3c7e7327d54d14108a7b5652dbadfd.jpg,Used,Renault,Dokker,,2017,19000,,,Gasoline,,,,,GCC Specs,,,,,,Muscat,Seeb,Autos,Cars For Sale,,,,
Hyundai Genesis 2014,"1,900 OMR",https://om.opensooq.com/en/search/285022030,https://opensooq-images.os-cdn.com/previews/2048x0/b8/3f/b83f0ef93886248db7ea83d6e124a35eb71e94e207983f6f215f54898a644fee.jpg,Used,Genesis,Other,,2014,200000,Sedan,,Gasoline,,,,,American Specs,,,,,,Muscat,Al Mouj,Autos,Cars For Sale,,,,
كيا كادينزا خليجي مديل 2014,"2,200 OMR",https://om.opensooq.com/en/search/285021290,https://opensooq-images.os-cdn.com/previews/2048x0/9c/50/9c50dc4910f742c41bf9dd35c5f726f33b16efeb04fb5981091cded66c7864b0.jpg,Used,Kia,Cadenza,Limited,2014,29999,Sedan,,Gasoline,,,,,GCC Specs,,,,,,Muscat,Seeb,Autos,Cars For Sale,,,,
هونداي النترا موديل 2020,"1,800 OMR",https://om.opensooq.com/en/search/285021246,https://opensooq-images.os-cdn.com/previews/2048x0/62/85/62850ea692f84fe87998afb8313584459b4bae0068e9debf69b10f4f05fdbb3e.jpg,Used,Hyundai,Elantra,SEL,2020,120000,Sedan,,Gasoline,,,,,GCC Specs,,,,,,Muscat,Madinat As Sultan Qaboos,Autos,Cars For Sale,,,,
C300 نظيفه جدا,"4,500 OMR",https://om.opensooq.com/en/search/285021134,https://opensooq-images.os-cdn.com/previews/2048x0/be/3d/be3df3b5b5a6551d511e04fafd9eb3de8605535ad258fbb044b3eca2b8769908.jpg,Used,Mercedes Benz,C-Class,C 300,2016,188000,Sedan,,Gasoline,,,,,Other Specs,,,,,,Muscat,Seeb,Autos,Cars For Sale,,,,
اقرا الوصف وخلك جاد عزيزي المشتري نظيف الموتر يحتاج بس جامبين ورا فقط,"2,350 OMR",https://om.opensooq.com/en/search/285021100,https://opensooq-images.os-cdn.com/previews/2048x0/bb/06/bb0692c000a922bfe0d9c035f2af1d3ecc23c670afa6ad177f19c05befedcc6c.jpg,Used,Toyota,Camry,GL,2017,157745,Sedan,,Gasoline,,,,,GCC Specs,,,,,,Buraimi,Al Buraimi,Autos,Cars For Sale,,,,
لكسز ls400 خليجي,900 OMR,https://om.opensooq.com/en/search/285021008,https://opensooq-images.os-cdn.com/previews/2048x0/59/74/5974ef4d13dce39939dcf3007db2ebd04f90c124247391ef9e1aaf2517e48a29.jpg,Used,Lexus,LS,LS 400,1998,300000,Sedan,,Gasoline,,,,,GCC Specs,,,,,,Al Dhahirah,Ibri,Autos,Cars For Sale,,,,
للبيع اكستيرا 2013 خليجي,"3,500 OMR",https://om.opensooq.com/en/search/285020726,https://opensooq-images.os-cdn.com/previews/2048x0/f1/98/f19814105eb9419f8c633916bdd3011be91ef669aec25b576fabdbc5aea5dfe8.jpg,Used,Nissan,X-Terra,SE,2013,3000,SUV,,Gasoline,,,,,GCC Specs,,,,,,Al Batinah,Rustaq,Autos,Cars For Sale,,,,
هوندا أوديسي 2013,"1,950 OMR",https://om.opensooq.com/en/search/284167230,https://opensooq-images.os-cdn.com/previews/2048x0/1b/1e/1b1e7fc3ea1496c7d7b748b00a85ffeaca3c40b57956d976ab6e57bdb191bd6d.jpg,Used,Honda,Odyssey,Touring,2013,400000,SUV,,Gasoline,,,,,GCC Specs,,,,,,Muscat,Amerat,Autos,Cars For Sale,,,,
سوناتا 2021 أن لاين نظيف للبيع,"6,300 OMR",https://om.opensooq.com/en/search/285013872,https://opensooq-images.os-cdn.com/previews/2048x0/f8/0c/f80c6474da28e4d4716bb17b5ed3ec4be015098a9db4991a6508221d12c9feb3.jpg,Used,Hyundai,Sonata,Limited,2021,153000,Sedan,,Gasoline,,,,,American Specs,,,,,,Muscat,Amerat,Autos,Cars For Sale,,,,
porches 2008,"1,700 OMR",https://om.opensooq.com/en/search/285020612,https://opensooq-images.os-cdn.com/previews/2048x0/e2/fb/e2fb341e99c315d28ea5956e90fc5a4d6cab9594cb705566c74e0afec290e961.jpg,Used,Porsche,Cayenne,Cayenne,2008,245000,SUV,,Gasoline,,,,,GCC Specs,,,,,,Muscat,Al-Hail,Autos,Cars For Sale,,,,
رنج روفر خليجي وكاله 2018 نظيف,"15,000 OMR",https://om.opensooq.com/en/search/285018536,https://opensooq-images.os-cdn.com/previews/2048x0/3d/8f/3d8f7013945b3f6ecbff5a15e4681c04297142bd52fb408fa9c748ec7e5ec94b.jpg,Used,Land Rover,Range Rover Sport,Supercharged,2018,147000,SUV,,Gasoline,,,,,GCC Specs,,,,,,Muscat,Azaiba,Autos,Cars For Sale,,,,
لكزس GS400  موديل 1998,850 OMR,https://om.opensooq.com/en/search/285018716,https://opensooq-images.os-cdn.com/previews/2048x0/fd/b5/fdb51da789f721ff437e32f063fb3f1bcce0553cc162b20c1bc1d169433a5ccc.jpg,Used,Lexus,GS,GS 400,1998,326448,Sedan,,Gasoline,,,,,Japanese Specs,,,,,,Al Batinah,Barka,Autos,Cars For Sale,,,,
مرسيدس CLS 550,"3,500 OMR",https://om.opensooq.com/en/search/285018634,https://opensooq-images.os-cdn.com/previews/2048x0/7c/ff/7cffb8bb68687a450314d96d07aeaa727e488ba0ee518885e25e3fab77af2748.jpg,Used,Mercedes Benz,CL-Class,CL 550,2013,152000,Sedan,,Gasoline,,,,,Japanese Specs,,,,,,Al Sharqiya,Ibra,Autos,Cars For Sale,,,,
سياره نظيفه تريدها تواصل معي خاص مقابل 1200 قابل للتفاوض,"1,200 OMR",https://om.opensooq.com/en/search/285018522,https://opensooq-images.os-cdn.com/previews/2048x0/c4/07/c4070b1bf5927d13e9f91c036dad3e11c6b267870a9f9377d1bbcf19e1b115ce.jpg,Used,Mercedes Benz,E-Class,E 240,2004,500000,SUV,,Gasoline,,,,,Dealership,,,,,,Al Batinah,Barka,Autos,Cars For Sale,,,,
لكزس 430 2005 قابل للتفاوض,"1,800 OMR",https://om.opensooq.com/en/search/285018422,https://opensooq-images.os-cdn.com/previews/2048x0/11/d8/11d80ddc98d7e9b13c8fcbf868eb01e422f7565a85486bde52b6b434f31e54ce.jpg,Used,Lexus,LS,LS 430,2005,270000,Sedan,,Gasoline,,,,,American Specs,,,,,,Al Sharqiya,Ibra,Autos,Cars For Sale,,,,
سيارة بايك هاتشباك فضية 2019 مستعملة بكامل المواصفات الخليجية مرخصة,"1,500 OMR",https://om.opensooq.com/en/search/285018056,https://opensooq-images.os-cdn.com/previews/2048x0/40/0b/400bf1936ad10a33eb8f065f5ee4a94ac8bf86fa7e304d042295e67ec75f6a27.jpg,Used,BAIC,Other,,2019,76000,HatchBack,,Gasoline,,,,,GCC Specs,,,,,,Al Dhahirah,Ibri,Autos,Cars For Sale,,,,
للبيع مكسيما 2002,700 OMR,https://om.opensooq.com/en/search/285016898,https://opensooq-images.os-cdn.com/previews/2048x0/90/e8/90e87647147e8f2cd71ba928bbfde3ea3f1dd955a14a5f788660a646718c21e5.jpg,Used,Nissan,Maxima,SV,2002,450000,Sedan,,Gasoline,,,,,GCC Specs,,,,,,Muscat,Bosher,Autos,Cars For Sale,,,,
Lexus LS460,"1,250 OMR",https://om.opensooq.com/en/search/285016830,https://opensooq-images.os-cdn.com/previews/2048x0/a0/dd/a0dd30513e3673cdaaaa7ddd044878bff06d6df629e088507cac84544759a4fd.jpg,Used,Lexus,LS,LS 460,2008,260000,Sedan,,Gasoline,,,,,American Specs,,,,,,Muscat,Al Khuwair,Autos,Cars For Sale,,,,
للبيع هيونداي سوناتا 2021 ...,"3,900 OMR",https://om.opensooq.com/en/search/285016200,https://opensooq-images.os-cdn.com/previews/2048x0/09/10/09106ac926cc927d55f8d01602cffbce076d790e61f7d20b11f8a55351c836a8.jpg,Used,Hyundai,Sonata,SE,2021,120000,Sedan,,Gasoline,,,,,GCC Specs,,,,,,Al Batinah,Sohar,Autos,Cars For Sale,,,,
للبيع تويوتا ياريس,990 OMR,https://om.opensooq.com/en/search/285015726,https://opensooq-images.os-cdn.com/previews/2048x0/1f/7b/1f7b4ce19d327bcca05f57ea33e125722555fadaef0622f6e53a5bbf10d3e2dc.jpg,Used,Toyota,Yaris,SE,2007,55585,Sedan,,Gasoline,,,,,GCC Specs,,,,,,Muscat,Amerat,Autos,Cars For Sale,,,,
كامري خليجي 2019 LE,"3,400 OMR",https://om.opensooq.com/en/search/285015254,https://opensooq-images.os-cdn.com/previews/2048x0/35/ac/35ac3fa08237ec31983fa2de635ad68629a830321e2f0b2edca185bd2c878ecc.jpg,Used,Toyota,Camry,LE,2019,145000,Sedan,,Gasoline,,,,,GCC Specs,,,,,,Al Dhahirah,Ibri,Autos,Cars For Sale,,,,
شيفورلية ماليبو اقل من سعر السوق,700 OMR,https://om.opensooq.com/en/search/285014946,https://opensooq-images.os-cdn.com/previews/2048x0/af/fb/affb5d86f408241cf8d6324afc052ea956e349ad51c796158263a59aa84e1412.jpg,Used,Chevrolet,Malibu,Base,2013,260000,Sedan,,Gasoline,,,,,American Specs,,,,,,Al Dakhiliya,Nizwa,Autos,Cars For Sale,,,,
للبيع تويوتا كامري 6 سلندر اتمتك,800 OMR,https://om.opensooq.com/en/search/285014950,https://opensooq-images.os-cdn.com/previews/2048x0/8b/0c/8b0cda11e984fa381e346fc9c9cb5eed67aaf0033a856eaa45b5d570c51d2ba7.jpg,Used,Toyota,Camry,LE,1999,400000,Sedan,,Gasoline,,,,,American Specs,,,,,,Al Dhahirah,Ibri,Autos,Cars For Sale,,,,
لكزس ES350 موديل 2018,"6,300 OMR",https://om.opensooq.com/en/search/285013240,https://opensooq-images.os-cdn.com/previews/2048x0/17/d2/17d23cc7dc90b4bc7e6d2c22b272a50969710703687540e4ce5dcd962fc90b49.jpg,Used,Lexus,ES,ES 350,2018,183000,Sedan,,Gasoline,,,,,American Specs,,,,,,Muscat,Ansab,Autos,Cars For Sale,,,,
بسعر ممتاز وللبيع فقط,"1,150 OMR",https://om.opensooq.com/en/search/285014340,https://opensooq-images.os-cdn.com/previews/2048x0/ba/7e/ba7edda82e1bc69d803d8adc15cee6b1336eb06aff7563a1b73a05601e223b91.jpg,Used,Lexus,ES,ES 300,2004,250000,Sedan,,Gasoline,,,,,American Specs,,,,,,Al Batinah,Rustaq,Autos,Cars For Sale,,,,
مرسدس S350L للبيع,"1,800 OMR",https://om.opensooq.com/en/search/285014302,https://opensooq-images.os-cdn.com/previews/2048x0/af/a3/afa3439dea7078af2d8d1d0bb248a63d778a6e121af58a3b3b50bd98c2aecf64.jpg,Used,Mercedes Benz,S-Class,S 350,2008,246000,Sedan,,Gasoline,,,,,GCC Specs,,,,,,Muscat,Azaiba,Autos,Cars For Sale,,,,
كورولا 2018,"3,500 OMR",https://om.opensooq.com/en/search/285012850,https://opensooq-images.os-cdn.com/previews/2048x0/29/6b/296bbf3b85623c2a09e14d07a904a02a5cba8cbbf6459035167ec478054f7e56.jpg,Used,Toyota,Corolla,SE,2018,50000,Sedan,,Gasoline,,,,,American Specs,,,,,,Muscat,Al Maabilah,Autos,Cars For Sale,,,,
نيسان باتفايندر ROCK CREEK موديل 2023  NISSAN PATHFINDER ROCK CREEK MODEL  تسجيل تامين سنة 2023,"8,800 OMR",https://om.opensooq.com/en/search/285014016,https://opensooq-images.os-cdn.com/previews/2048x0/6b/2b/6b2b5b8a95dcf056817368adf4a78122f7f98547839daf50cf1f44baa087b4d2.jpg,Used,Nissan,Pathfinder,SV,2023,50000,SUV,,Gasoline,,,,,American Specs,,,,,,Muscat,Al Maabilah,Autos,Cars For Sale,,,,
تويوتا كورولا 2025,"6,000 OMR",https://om.opensooq.com/en/search/285014006,https://opensooq-images.os-cdn.com/previews/2048x0/14/4d/144d254d4efcd870524c450e5f8c817aa7d9f5ee1ae33a4297679d821dd5aec3.jpg,Used,Toyota,Corolla,LE,2025,30000,Sedan,,Gasoline,,,,,American Specs,,,,,,Muscat,Al Maabilah,Autos,Cars For Sale,,,,
مرسيدس بنز الفئة E موديل 2011 لون أسود،  Mercedes E350صالون سيدان، حالة ممتازة، كاش,"2,500 OMR",https://om.opensooq.com/en/search/285013716,https://opensooq-images.os-cdn.com/previews/2048x0/63/ba/63ba275aaf6995d8976d0998c2706c0f30f96ae615bf808b48ae1e93b44576dd.jpg,Used,Mercedes Benz,E-Class,E 350,2011,250000,Sedan,,Gasoline,,,,,GCC Specs,,,,,,Muscat,Azaiba,Autos,Cars For Sale,,,,
نيسان التيما /NISSAN ALTIMA,"4,850 OMR",https://om.opensooq.com/en/search/285013512,https://opensooq-images.os-cdn.com/previews/2048x0/69/26/6926b97cd1a5b77670ee1ef3d6a1d50bccd04692861093b6e253689358c2fbec.jpg,Used,Nissan,Altima,S,2023,106000,Sedan,,Gasoline,,,,,American Specs,,,,,,Muscat,Al Maabilah,Autos,Cars For Sale,,,,
كرولا 2015 خليجية,"3,000 OMR",https://om.opensooq.com/en/search/285013580,https://opensooq-images.os-cdn.com/previews/2048x0/e9/78/e978d52f3b9d7581574fec539a97cfe283ca6e9f149909693099632706aa7e96.jpg,Used,Toyota,Corolla,SE,2015,329452,Sedan,,Gasoline,,,,,GCC Specs,,,,,,Al Batinah,Rustaq,Autos,Cars For Sale,,,,
للبيع كيا سونت 2021 – بحالة ممتازة,"3,000 OMR",https://om.opensooq.com/en/search/285013242,https://opensooq-images.os-cdn.com/previews/2048x0/c3/5d/c35dcbe36f9977359b0bbbf783b40d0cb338337245bb9d08c96da489d33cd5ff.jpg,Used,Kia,Sonet,Standard,2021,190000,SUV,,Gasoline,,,,,GCC Specs,,,,,,Muscat,Amerat,Autos,Cars For Sale,,,,
Hyundai creta for sale,"2,200 OMR",https://om.opensooq.com/en/search/285013162,https://opensooq-images.os-cdn.com/previews/2048x0/a6/a7/a6a7b0593e32a40205d3bf23035e5e96cfaabc23623cf5b5b92c247478608683.jpg,Used,Hyundai,Creta,Standard,2017,514000,SUV,,Gasoline,,,,,GCC Specs,,,,,,Muscat,Al Maabilah,Autos,Cars For Sale,,,,
هوندا اكورد 2018  2.0,"4,500 OMR",https://om.opensooq.com/en/search/285012426,https://opensooq-images.os-cdn.com/previews/2048x0/cd/1c/cd1c5be7965211578b5d746e3641e219ff8f0edbf996b41ffb0c5d4ae469fc24.jpg,Used,Honda,Accord,Sport,2018,290000,Sedan,,Gasoline,,,,,American Specs,,,,,,Muscat,Al Maabilah,Autos,Cars For Sale,,,,
التيما 2017sممتازه ونظيف الموتر ومسرفس كامل,"2,200 OMR",https://om.opensooq.com/en/search/285012692,https://opensooq-images.os-cdn.com/previews/2048x0/8a/2f/8a2ff9074a842083d69a24361e06d425ffe011055f2fc38cf6a42a6ddc84022e.jpg,Used,Nissan,Altima,S,2017,70000,Sedan,,Gasoline,,,,,American Specs,,,,,,Al Batinah,Al Khaboura,Autos,Cars For Sale,,,,
لكزس nx300 خليجي الفطيم بدون حوادث ولا صبغ نهائياً شبه جديد بأكياس وكالة,"9,900 OMR",https://om.opensooq.com/en/search/285012648,https://opensooq-images.os-cdn.com/previews/2048x0/bf/fe/bffe983d79a5a9a6c0b1814420df5c89bef58ad17e49efbf7a963355bbdda827.jpg,Used,Lexus,NX,NX 300,2019,108000,HatchBack,,Gasoline,,,,,GCC Specs,,,,,,Muscat,Al Khoud,Autos,Cars For Sale,,,,
نيسان مكسيما 2016 للبيع او البدل يفضل دفع رباعي,"2,800 OMR",https://om.opensooq.com/en/search/285012408,https://opensooq-images.os-cdn.com/previews/2048x0/0d/22/0d2290a8558503a04a8a4c71e94dfcfc883d4dcee9d2b09fc72947591ae41f3f.jpg,Used,Nissan,Maxima,SV,2016,170000,Sedan,,Gasoline,,,,,American Specs,,,,,,Al Batinah,Al Masnaah,Autos,Cars For Sale,,,,
نيسان التيما 2019,"3,600 OMR",https://om.opensooq.com/en/search/285012286,https://opensooq-images.os-cdn.com/previews/2048x0/48/4d/484d782a795261188483d0a22a93e90e52c11fac6b985800042901862cd6ebe8.jpg,Used,Nissan,Altima,S,2019,155000,Sedan,,Gasoline,,,,,GCC Specs,,,,,,Muscat,Al Maabilah,Autos,Cars For Sale,,,,
نيسان باتفندر دفع رباعي 2020 SL فل ابشنfull option,"4,500 OMR",https://om.opensooq.com/en/search/285011932,https://opensooq-images.os-cdn.com/previews/2048x0/a2/f9/a2f9dfec8c905aceb2ac4e9094be05763df62ac152cb51942c8f06ceb35481ee.jpg,Used,Nissan,Pathfinder,SL,2020,130000,SUV,,Gasoline,,,,,American Specs,,,,,,Al Batinah,Sohar,Autos,Cars For Sale,,,,
بدون مشاكل اموره طيبه اقتصاديه في البترول 4 سلندر فل اوبشن تجديد سنه,"1,300 OMR",https://om.opensooq.com/en/search/285011930,https://opensooq-images.os-cdn.com/previews/2048x0/f6/d9/f6d98b235920e762fb79662746911a4ae3a95ef79ac802d565ee312c6fffd952.jpg,Used,Toyota,Camry,SE,2011,250000,Sedan,,Gasoline,,,,,American Specs,,,,,,Muscat,Al Maabilah,Autos,Cars For Sale,,,,
نيسان دفع رباعي باثفندر,"1,900 OMR",https://om.opensooq.com/en/search/285011722,https://opensooq-images.os-cdn.com/previews/2048x0/52/3a/523ae9985cbb880910c804c5a925c6332fb97867f4179f0844abeea6c948548f.jpg,Used,Nissan,Pathfinder,SL,2012,249000,SUV,,Gasoline,,,,,GCC Specs,,,,,,Dhofar,Salala,Autos,Cars For Sale,,,,
Mitsubishi Lancer Gt,"1,650 OMR",https://om.opensooq.com/en/search/285011984,https://opensooq-images.os-cdn.com/previews/2048x0/5e/6e/5e6e8e8eb045c7824310389762ad3efb2e8aaaeed3676cedddd96df9e58e9bb9.jpg,Used,Mitsubishi,Lancer,GT,2009,200000,Sedan,,Gasoline,,,,,GCC Specs,,,,,,Muscat,Muttrah,Autos,Cars For Sale,,,,
Mitsubishi pajero 2019 for sale,"7,800 OMR",https://om.opensooq.com/en/search/285011800,https://opensooq-images.os-cdn.com/previews/2048x0/8d/56/8d567271f46914d37f2115ee6e159a4bcbb4fb2a72ed1f567d5811c20ccf5fa8.jpg,Used,Mitsubishi,Pajero,GLS Top,2019,102000,SUV,,Gasoline,,,,,GCC Specs,,,,,,Muscat,Bosher,Autos,Cars For Sale,,,,
Hyundai accent,800 OMR,https://om.opensooq.com/en/search/285011184,https://opensooq-images.os-cdn.com/previews/2048x0/01/59/015926a03b99e57c2d8f86df59e2bb6cd8fb4a51a345061533574aafbc8f544b.jpg,Used,Hyundai,Accent,Standard,2008,400000,Sedan,,Gasoline,,,,,GCC Specs,,,,,,Muscat,Ruwi,Autos,Cars For Sale,,,,
للبيع جي ام سي اكاديا موديل 2023 فوريل,"7,300 OMR",https://om.opensooq.com/en/search/285011656,https://opensooq-images.os-cdn.com/previews/2048x0/b3/b6/b3b63601f9caec04950c246b488341fde4ad21da91409d8649d3406cab62ca2c.jpg,Used,GMC,Acadia,SLT,2023,55000,SUV,,Gasoline,,,,,American Specs,,,,,,Al Dakhiliya,Nizwa,Autos,Cars For Sale,,,,
ام جي سياره عائليه2023,"7,000 OMR",https://om.opensooq.com/en/search/285011510,https://opensooq-images.os-cdn.com/previews/2048x0/f6/c5/f6c52ea89070f15b21a910c921d70b71c298a15930f3b642c5d1fadd8ed256ac.jpg,Used,MG,MG RX8,,2023,100000,SUV,,Gasoline,,,,,GCC Specs,,,,,,Al Dhahirah,Ibri,Autos,Cars For Sale,,,,
تويوتا كرولا2014,"2,150 OMR",https://om.opensooq.com/en/search/285011348,https://opensooq-images.os-cdn.com/previews/2048x0/54/5d/545d0bef9445badb365419218809d5378e0f3e260537ced7230752ae46bd88ba.jpg,Used,Toyota,Corolla,LE,2014,474545,Sedan,,Gasoline,,,,,American Specs,,,,,,Al Batinah,Saham,Autos,Cars For Sale,,,,
تويوتا كرولا 2014 للبيع فقط,"2,150 OMR",https://om.opensooq.com/en/search/285010818,https://opensooq-images.os-cdn.com/previews/2048x0/0f/29/0f29a468c34adbd2104ef8c1bcb0c3cdbd719269dcb1116bfee86415fd145e84.jpg,Used,Toyota,Corolla,LE,2014,12299,Sedan,,Gasoline,,,,,American Specs,,,,,,Al Batinah,Saham,Autos,Cars For Sale,,,,
Great Pajero for sale,"3,050 OMR",https://om.opensooq.com/en/search/285010982,https://opensooq-images.os-cdn.com/previews/2048x0/17/45/17457215c5da083ddd76c58057864cf83dd129414313f6d4f2a3bec6718386ac.jpg,Used,Mitsubishi,Pajero,Standard,2016,287000,SUV,,Gasoline,,,,,GCC Specs,,,,,,Muscat,Qurm,Autos,Cars For Sale,,,,
تكسي التيما 2019 مع رقم,"5,000 OMR",https://om.opensooq.com/en/search/285010836,https://opensooq-images.os-cdn.com/previews/2048x0/96/51/96511c73ca303dd6ec8c0310b96f739171de1d864b76816c74811280871f1ba9.jpg,Used,Nissan,Altima,SV,2019,145000,Sedan,,Gasoline,,,,,American Specs,,,,,,Al Dhahirah,Ibri,Autos,Cars For Sale,,,,
بي واي دي سونج ال بسعر ممتاز,"9,700 OMR",https://om.opensooq.com/en/search/285010846,https://opensooq-images.os-cdn.com/previews/2048x0/70/8f/708f15ae2eb8f20a890cad6e53ba63c01d745522cb1a4df3ba9195cf51e33a01.jpg,New,BYD,Song L,,2025,0,SUV,,Plug-in - Hybrid,,,,,Chinese Specs,,,,,,Al Batinah,Al Khaboura,Autos,Cars For Sale,,,,
بي واي دي تشين بلس بأقل سعر في عمان,"5,000 OMR",https://om.opensooq.com/en/search/285010660,https://opensooq-images.os-cdn.com/previews/2048x0/b7/17/b717221ceda31e2f164aec3149e10df4298b70b6f411e09161ac4b9561feb435.jpg,New,BYD,Qin,,2025,0,Sedan,,Plug-in - Hybrid,,,,,Chinese Specs,,,,,,Al Batinah,Al Khaboura,Autos,Cars For Sale,,,,
تويوتا كورولا للبيع,"2,600 OMR",https://om.opensooq.com/en/search/285010488,https://opensooq-images.os-cdn.com/previews/2048x0/43/1b/431b21e9a8709b980ebaa42352b2c497ae40075a662510a790d3ee1705b35b07.jpg,Used,Toyota,Corolla,Sport,2014,200000,SUV,,Gasoline,,,,,American Specs,,,,,,Muscat,Al-Hail,Autos,Cars For Sale,,,,
شيفروليه ماليبو LT 2020 أزرق مستعملة مرخصة مع فتحة بانوراما وتقنيات حديثة,"2,700 OMR",https://om.opensooq.com/en/search/285010514,https://opensooq-images.os-cdn.com/previews/2048x0/fe/69/fe6928ebae5f913bd3c62d13df5051f8ab2f4d7b9d4028455daef0069f1ff355.jpg,Used,Chevrolet,Malibu,LT,2020,165000,Sedan,,Gasoline,,,,,American Specs,,,,,,Muscat,Ghubrah,Autos,Cars For Sale,,,,
بي واي دي ديستروير الفل بأقل سعر,"5,750 OMR",https://om.opensooq.com/en/search/285010336,https://opensooq-images.os-cdn.com/previews/2048x0/17/98/17981ec20adf9c816f5cfbb816820f28909969ed477896446ce93e4c2a10938e.jpg,New,BYD,Destroyer 5,,2025,0,Sedan,,Plug-in - Hybrid,,,,,Chinese Specs,,,,,,Al Batinah,Al Khaboura,Autos,Cars For Sale,,,,
تويوتا كامري 2016,"3,100 OMR",https://om.opensooq.com/en/search/285009538,https://opensooq-images.os-cdn.com/previews/2048x0/6a/88/6a88644340b2df2619a6d596e9739db48a8cfc6580450ce3933c4fb2c502b497.jpg,Used,Toyota,Camry,LE,2016,270000,Sedan,,Gasoline,,,,,American Specs,,,,,,Al Dakhiliya,Nizwa,Autos,Cars For Sale,,,,
لكزيس Gs430 للبيع موديل 2004 بحاله جيده جدآ,900 OMR,https://om.opensooq.com/en/search/285010318,https://opensooq-images.os-cdn.com/previews/2048x0/5c/b2/5cb2b6a4c63c10633a99c259f1713f37cd3d09f80fb71de7d1578c8495c52df1.jpg,Used,Lexus,GS,GS 430,2004,539000,Sedan,,Gasoline,,,,,European Specs,,,,,,Muscat,Amerat,Autos,Cars For Sale,,,,
للبيع بيكب سيرا 2014,"3,300 OMR",https://om.opensooq.com/en/search/285009632,https://opensooq-images.os-cdn.com/previews/2048x0/3a/21/3a21066afbd5190865786c7347f4d89b00cd9a79b2a9490d00fb717be57f894c.jpg,Used,GMC,Sierra,"1,500 SLE",2014,409000,PickUp,,Gasoline,,,,,American Specs,,,,,,Al Batinah,Sohar,Autos,Cars For Sale,,,,
Mitsubishi Pajero 2017,"4,500 OMR",https://om.opensooq.com/en/search/285010242,https://opensooq-images.os-cdn.com/previews/2048x0/1a/1d/1a1d5a3d3276aa9e266bb8060694e4adbee27f6fb588315129dcfecd49b2238d.jpg,Used,Mitsubishi,Pajero,Standard,2017,175000,SUV,,Gasoline,,,,,GCC Specs,,,,,,Muscat,Seeb,Autos,Cars For Sale,,,,
كامري للبيع فقط,"3,850 OMR",https://om.opensooq.com/en/search/285010040,https://opensooq-images.os-cdn.com/previews/2048x0/d1/4b/d14b19a880b270c93c17af7e28ab91df63d20819e1294b3174a083c01907feb4.jpg,Used,Toyota,Camry,LE,2018,1777,Sedan,,Gasoline,,,,,American Specs,,,,,,Al Sharqiya,Ibra,Autos,Cars For Sale,,,,
تويوتا 4رونر لمتد مديل 2018,"8,800 OMR",https://om.opensooq.com/en/search/285000906,https://opensooq-images.os-cdn.com/previews/2048x0/8c/74/8c74e30655329565ab225b9dcc8ccf6edf6610acef70e4f8eacb4878b5546952.jpg,Used,Toyota,4 Runner,Limited,2018,160000,SUV,,Gasoline,,,,,American Specs,,,,,,Al Dakhiliya,Izki,Autos,Cars For Sale,,,,
للبيع بيكب نيسان,"1,200 OMR",https://om.opensooq.com/en/search/285009764,https://opensooq-images.os-cdn.com/previews/2048x0/42/8b/428b286e9bfe148a83d3b026c73c7b83e41d4efcef36c44a52c074a74272a72d.jpg,Used,Nissan,Datsun,,1999,276000,PickUp,,Gasoline,,,,,GCC Specs,,,,,,Al Dhahirah,Ibri,Autos,Cars For Sale,,,,
سيون 86 للبيع او البدل بيما يناسب,"2,500 OMR",https://om.opensooq.com/en/search/285009750,https://opensooq-images.os-cdn.com/previews/2048x0/2d/02/2d02d0198e5ef65d2cb06eaee70ffe619cdf305cb24d9c6cfbd442de0585edf1.jpg,Used,Toyota,GT86,GS,2015,345792,Sedan,,Gasoline,,,,,GCC Specs,,,,,,Al Batinah,Sohar,Autos,Cars For Sale,,,,
شيفروليه امبالا خليجي موديل 2014,"1,200 OMR",https://om.opensooq.com/en/search/285007558,https://opensooq-images.os-cdn.com/previews/2048x0/b3/ad/b3adabb2780ac3dea2c89e326d216fff17d8b2c41124c45487f49f14f22075c1.jpg,Used,Chevrolet,Impala,LT,2014,407000,Sedan,,Gasoline,,,,,GCC Specs,,,,,,Al Dakhiliya,Bidbid,Autos,Cars For Sale,,,,
بي إم دبليو خليجية بلون مميز وإطلالة فخمة وجذابة,"3,300 OMR",https://om.opensooq.com/en/search/285008720,https://opensooq-images.os-cdn.com/previews/2048x0/e2/74/e2744ce26e7beb3250719f5e2fd1e194732c7d944546bba7d6b3dab4a8355e6b.jpg,Used,BMW,1 Series,Standard,2013,330000,Sedan,,Gasoline,,,,,GCC Specs,,,,,,Muscat,Muscat Hills,Autos,Cars For Sale,,,,
نيسان التيما موديل 2019,"4,200 OMR",https://om.opensooq.com/en/search/285008548,https://opensooq-images.os-cdn.com/previews/2048x0/fa/9c/fa9cbfb0dac9d0fce9813d74c4a39b6487708b06fa05e693abd3f9b8bac1a47e.jpg,Used,Nissan,Altima,SL,2019,4000,Sedan,,Gasoline,,,,,American Specs,,,,,,Dhofar,Salala,Autos,Cars For Sale,,,,
بكب ماذا 2006,950 OMR,https://om.opensooq.com/en/search/285008518,https://opensooq-images.os-cdn.com/previews/2048x0/77/b9/77b98ed93d2475a8dd10a48b21f8c5feb68e8c399f27c2f28021a4717e6a9fd6.jpg,Used,Mazda,Other,,2006,400000,PickUp,,Gasoline,,,,,GCC Specs,,,,,,Al Batinah,Barka,Autos,Cars For Sale,,,,
هونداي سوناتا ممتازة,"1,100 OMR",https://om.opensooq.com/en/search/284974704,https://opensooq-images.os-cdn.com/previews/2048x0/15/af/15af68fdd74be659b6261185bb2b75603ba9e80ee6b217c9020195b76a4b276b.jpg,Used,Hyundai,Sonata,GLS,2010,299000,Sedan,,Gasoline,,,,,Dealership,,,,,,Muscat,Al Khoud,Autos,Cars For Sale,,,,
لاندكروزر GXR 2019 نظيف بحاله جيده,"18,200 OMR",https://om.opensooq.com/en/search/285008538,https://opensooq-images.os-cdn.com/previews/2048x0/dd/d2/ddd242d1aaacc5bedb23d172007c203822860c3add6a8bd3c8c0526f21e32fcf.jpg,Used,Toyota,Land Cruiser,GXR,2019,225000,SUV,,Gasoline,,,,,GCC Specs,,,,,,Muscat,Al-Hail,Autos,Cars For Sale,,,,
تيوتا يارس هاتشباك جير عادي . الوصف مهم,"1,400 OMR",https://om.opensooq.com/en/search/285008158,https://opensooq-images.os-cdn.com/previews/2048x0/88/6a/886a41819cfab11eb3ed57fc6a1bf9ecb2eb8ad4ab6318adcc37f2c6a1ab8a0e.jpg,Used,Toyota,Yaris,Y Plus,2007,500000,HatchBack,,Gasoline,,,,,Japanese Specs,,,,,,Al Batinah,Barka,Autos,Cars For Sale,,,,
تويوتا كامري موديل 2007 للبيع,990 OMR,https://om.opensooq.com/en/search/285002852,https://opensooq-images.os-cdn.com/previews/2048x0/74/92/74923a91d6147247a40f9be644544f60f9b83b900ad2b921d199c4c9c1fe6a35.jpg,Used,Toyota,Camry,XLE,2006,100000,Sedan,,Gasoline,,,,,Japanese Specs,,,,,,Al Batinah,Sohar,Autos,Cars For Sale,,,,
للبيع نيسان التيما موديل 2018,"2,300 OMR",https://om.opensooq.com/en/search/285007832,https://opensooq-images.os-cdn.com/previews/2048x0/54/7c/547c4c611cd8bc3c1d2d6b02a8e920b1da27744b0015a5765991ff61cefd66c4.jpg,Used,Nissan,Altima,SV,2018,1000,Sedan,,Gasoline,,,,,American Specs,,,,,,Muscat,Al Maabilah,Autos,Cars For Sale,,,,
GMC يوكون 2012,"3,100 OMR",https://om.opensooq.com/en/search/285007726,https://opensooq-images.os-cdn.com/previews/2048x0/f2/aa/f2aa19efff8fdcb3e559fad2c63af6b2f15ea05a37db52aee51cf6c65e650b82.jpg,Used,GMC,Yukon,SLT,2012,235000,SUV,,Gasoline,,,,,American Specs,,,,,,Muscat,Amerat,Autos,Cars For Sale,,,,
افلون للبيع 2007,"1,400 OMR",https://om.opensooq.com/en/search/285006810,https://opensooq-images.os-cdn.com/previews/2048x0/a3/3b/a33b0906a16c36d936d492599edf641c01b1aa5952e15867a9d1d10abad374bf.jpg,Used,Toyota,Avalon,XLS,2007,2222,Sedan,,Gasoline,,,,,American Specs,,,,,,Al Batinah,Liwa,Autos,Cars For Sale,,,,
تويوتا ياريس,"1,650 OMR",https://om.opensooq.com/en/search/285007416,https://opensooq-images.os-cdn.com/previews/2048x0/33/73/337312e6c9c893929f6a3e66780309f90007f83a9fb7af0ce01784abfaf88c42.jpg,Used,Toyota,Yaris,E,2012,390000,Sedan,,Gasoline,,,,,GCC Specs,,,,,,Muscat,Amerat,Autos,Cars For Sale,,,,
فرصة بيعة مستعجلة مرسيدس E350 2013 للبيع,"1,600 OMR",https://om.opensooq.com/en/search/285007284,https://opensooq-images.os-cdn.com/previews/2048x0/e9/4f/e94fb700e5a26e76e351310f637c410c83462ddb9da282851d43fd91a2e08203.jpg,Used,Mercedes Benz,E-Class,E 350,2013,400000,Sedan,,Gasoline,,,,,European Specs,,,,,,Muscat,Al Khoud,Autos,Cars For Sale,,,,
لكزس is300,"1,600 OMR",https://om.opensooq.com/en/search/285007314,https://opensooq-images.os-cdn.com/previews/2048x0/8d/5b/8d5b9bce3a79ac8e63d56bba7f3a8e2054d2ff2e750c145808a4ba96075cff3a.jpg,Used,Lexus,IS,IS 300,2007,525000,Sedan,,Gasoline,,,,,Japanese Specs,,,,,,Muscat,Al Maabilah,Autos,Cars For Sale,,,,
Kia sportage 2023,"3,990 OMR",https://om.opensooq.com/en/search/285007086,https://opensooq-images.os-cdn.com/previews/2048x0/df/f7/dff741e820017333829c7ea77ab7a78ddc0cd3dde66c4b27c3841ac07d9163ec.jpg,Used,Kia,Sportage,LX,2023,70000,SUV,,Gasoline,,,,,American Specs,,,,,,Muscat,Al Maabilah,Autos,Cars For Sale,,,,
للبيع روج 2021 فورويل Sl قمة ف نظافة,"6,600 OMR",https://om.opensooq.com/en/search/285007132,https://opensooq-images.os-cdn.com/previews/2048x0/cf/eb/cfeb2091abba6538326906c9b19f5f2b4b1781fb163a9db7d79c61dfbdbf268a.jpg,Used,Nissan,Rogue,SL,2021,54000,SUV,,Gasoline,,,,,American Specs,,,,,,Al Dakhiliya,Nizwa,Autos,Cars For Sale,,,,
للبيع كامري 2014خليجي,"1,400 OMR",https://om.opensooq.com/en/search/285007122,https://opensooq-images.os-cdn.com/previews/2048x0/0d/02/0d02e71355d25a75ad4f64ba6a37e1a5d633ddb0f21eb8727607191f2d3e711a.jpg,Used,Toyota,Camry,XLE,2014,1400,Sedan,,Gasoline,,,,,GCC Specs,,,,,,Muscat,Al-Sifah,Autos,Cars For Sale,,,,
التيما 2020 نظيف,"3,500 OMR",https://om.opensooq.com/en/search/285007002,https://opensooq-images.os-cdn.com/previews/2048x0/55/f4/55f4ace708ced7ea937b976dc085cad9b7df870b488981a2841ca3535f6fb42a.jpg,Used,Nissan,Altima,S,2020,76000,Sedan,,Gasoline,,,,,American Specs,,,,,,Al Batinah,Al Khaboura,Autos,Cars For Sale,,,,
تم تخفيض السعر أودي q7 خليجي ممتازة و تأمين شامل 2500,"2,500 OMR",https://om.opensooq.com/en/search/285006836,https://opensooq-images.os-cdn.com/previews/2048x0/75/97/75976bc83c83dd4c1e2fb8b49ea3b49d69fe32791e5b8f99934047a67a138765.jpg,Used,Audi,Q7,SQ7,2014,16000,Coupe,,Gasoline,,,,,GCC Specs,,,,,,Dhofar,Salala,Autos,Cars For Sale,,,,
Nissan Sentra 2016 (Clean & Reliable Daily Driver),"1,650 OMR",https://om.opensooq.com/en/search/285006352,https://opensooq-images.os-cdn.com/previews/2048x0/7c/41/7c411f2d900e6ccb0773b5cc957b42c3a8dd51a5421392e5a7ba63d3538a56a6.jpg,Used,Nissan,Sentra,SL,2016,243657,Sedan,,Gasoline,,,,,GCC Specs,,,,,,Muscat,Al Maabilah,Autos,Cars For Sale,,,,
Toyota Corolla XSE 2020,"4,500 OMR",https://om.opensooq.com/en/search/284855618,https://opensooq-images.os-cdn.com/previews/2048x0/14/7d/147dbbb0a436b4867cfbd903aa2d42a185db43d5d21f98887352171b2162dcd1.jpg,Used,Toyota,Corolla,XSE,2020,125000,HatchBack,,Gasoline,,,,,American Specs,,,,,,Muscat,Al Mouj,Autos,Cars For Sale,,,,
Audi S3 Sport For Sell 2016,"6,550 OMR",https://om.opensooq.com/en/search/285006820,https://opensooq-images.os-cdn.com/previews/2048x0/28/13/28138076ea19e76afa6f62aaea2b170cc9a7245d242c4e6b3aabf237817a263b.jpg,Used,Audi,A3,S3 Sedan,2016,78000,Sedan,,Gasoline,,,,,Dealership,,,,,,Muscat,Al Mouj,Autos,Cars For Sale,,,,
كامري 2017,"3,500 OMR",https://om.opensooq.com/en/search/285006462,https://opensooq-images.os-cdn.com/previews/2048x0/3f/49/3f499bf151a80666b42485cd01dfeca0cee0471c3300011c1006ac71d975ee63.jpg,Used,Toyota,Camry,Core,2017,1250,Sedan,,Gasoline,,,,,American Specs,,,,,,Al Batinah,Sohar,Autos,Cars For Sale,,,,
كرولا وارد بصمه فتحه 2017 اقتصادي,"2,800 OMR",https://om.opensooq.com/en/search/285006430,https://opensooq-images.os-cdn.com/previews/2048x0/d1/c3/d1c36100a55628b7bec4aaa290570d86c02ce44bf418be4a3e52ef58a5150a9e.jpg,Used,Toyota,Corolla,SE,2017,174555,Sedan,,Gasoline,,,,,American Specs,,,,,,Muscat,Al Mawaleh,Autos,Cars For Sale,,,,
لاند روفر ديسكفري للبيع,"3,800 OMR",https://om.opensooq.com/en/search/284978644,https://opensooq-images.os-cdn.com/previews/2048x0/cd/80/cd800f7ecc2af5739cb57bc25ab4764b76390156beaad7ddee840f20cf44faa5.jpg,Used,Land Rover,LR3,HSE,2009,305000,SUV,,Gasoline,,,,,GCC Specs,,,,,,Al Batinah,Sohar,Autos,Cars For Sale,,,,
لكزس ES 250 premium 2021  رمادي نظيف جدا جدا رقم واحد فول ابشن,"7,900 OMR",https://om.opensooq.com/en/search/285006356,https://opensooq-images.os-cdn.com/previews/2048x0/06/05/06059338f28edeb8de95371f1f1f890158645e24df05619612c9c3d747cb457a.jpg,Used,Lexus,ES,ES 250 Luxury,2021,45000,Sedan,,Gasoline,,,,,American Specs,,,,,,Al Batinah,Al Khaboura,Autos,Cars For Sale,,,,
Good condition,"7,500 OMR",https://om.opensooq.com/en/search/285006254,https://opensooq-images.os-cdn.com/previews/2048x0/57/96/5796f86aee024af5fba35e55937d69f6ce3b1e2e0f0067d63d6d86226915a70b.jpg,Used,Toyota,Land Cruiser,GXR,2010,200000,Sedan,,Diesel,,,,,GCC Specs,,,,,,Muscat,Al Maabilah,Autos,Cars For Sale,,,,
هوندا اكورد موديل 2024 EX رقم1 فول اوبشن للبيع فقط,"7,200 OMR",https://om.opensooq.com/en/search/285006156,https://opensooq-images.os-cdn.com/previews/2048x0/72/25/7225688cd97bde7cae664aa3cff65ee77abe4067bfdecff002af525643cb54be.jpg,Used,Honda,Accord,EX,2024,25000,Sedan,,Gasoline,,,,,American Specs,,,,,,Muscat,Halban,Autos,Cars For Sale,,,,
2022 Toyota 4Runner trail edition 43000 miles 4.0ltr v6 4wd American import car for sale,"11,200 OMR",https://om.opensooq.com/en/search/285006002,https://opensooq-images.os-cdn.com/previews/2048x0/bc/36/bc36fec9b13e33a93486acd81f1ed639a9d13a5a48ed874038c2196e6f32df63.jpg,Used,Toyota,4 Runner,TRD Sport,2022,43500,SUV,,Gasoline,,,,,American Specs,,,,,,Dhofar,Salala,Autos,Cars For Sale,,,,
تويوتا للبيع كامري 2018 le,"4,300 OMR",https://om.opensooq.com/en/search/284863056,https://opensooq-images.os-cdn.com/previews/2048x0/23/0a/230aac48a58d30e41e478e584bd4cf7afff852f0e9c14e28547f019476f54481.jpg,Used,Toyota,Camry,LE,2018,359000,Sedan,,Gasoline,,,,,American Specs,,,,,,Al Sharqiya,Ibra,Autos,Cars For Sale,,,,
ميتسوبيشي باجيرو GLS 2008 سعودي مستعمل مع حساسات خلفية ومكيف ومقاعد جلدية,"1,200 OMR",https://om.opensooq.com/en/search/285005954,https://opensooq-images.os-cdn.com/previews/2048x0/81/7a/817a1380acf2470a7452107cbe9ab45b35d86edeb0f3cc5670f9aa84e40bfa3c.jpg,Used,Mitsubishi,Pajero,GLS,2008,388069,SUV,,Gasoline,,,,,GCC Specs,,,,,,Muscat,Amerat,Autos,Cars For Sale,,,,
أكستيرا دفع رباعي,"2,450 OMR",https://om.opensooq.com/en/search/285005856,https://opensooq-images.os-cdn.com/previews/2048x0/8a/82/8a82cb2d028a1f75c787217a104aaef866640d5e612d4a11fa54fd8e835dc7de.jpg,Used,Nissan,X-Terra,Platinum,2011,180000,SUV,,Gasoline,,,,,American Specs,,,,,,Al Dakhiliya,Izki,Autos,Cars For Sale,,,,
موستبيشي لانسر 2016 للبيع,"2,650 OMR",https://om.opensooq.com/en/search/285005808,https://opensooq-images.os-cdn.com/previews/2048x0/66/25/66251e0b1665e0cf0994e719664416592680884f175c066f8c7bdba54ae6479b.jpg,Used,Mitsubishi,Lancer,Standard,2016,118474,Sedan,,Gasoline,,,,,Japanese Specs,,,,,,Muscat,Al Maabilah,Autos,Cars For Sale,,,,
للبيع/ جيب شروكي,"1,800 OMR",https://om.opensooq.com/en/search/285005814,https://opensooq-images.os-cdn.com/previews/2048x0/c3/b0/c3b00ebf2cce3c08f8336bee80e4f7a5b02d4810b0966c4d559b4f95f28e78a7.jpg,Used,Jeep,Cherokee,Sport,1999,200500,SUV,,Gasoline,,,,,American Specs,,,,,,Al Batinah,Rustaq,Autos,Cars For Sale,,,,
هايونداي النترا,"2,450 OMR",https://om.opensooq.com/en/search/285005592,https://opensooq-images.os-cdn.com/previews/2048x0/cc/90/cc90a32e51f631f9e11dcbf0bf170c4c17f5a74a8659f0dc21460a42032197a0.jpg,Used,Hyundai,Elantra,Standard,2018,70000,Sedan,,Gasoline,,,,,American Specs,,,,,,Muscat,Seeb,Autos,Cars For Sale,,,,
جيب 2018 خليجي الانظف في السوق,"7,200 OMR",https://om.opensooq.com/en/search/285005580,https://opensooq-images.os-cdn.com/previews/2048x0/bc/52/bc52542806f0339458f236180cfcd620154e056672cb68aa4f4ae55c36081962.jpg,Used,Jeep,Wrangler,Sport,2018,160000,SUV,,Gasoline,,,,,GCC Specs,,,,,,Muscat,Ansab,Autos,Cars For Sale,,,,
كورولا للبيع 2021 ملاحظه السيارة لشخص أخر,"4,500 OMR",https://om.opensooq.com/en/search/285005414,https://opensooq-images.os-cdn.com/previews/2048x0/9a/a1/9aa150e212ac5ffef0bcdbb848abc9f6b8d73949aa29d596556e885eadbf9953.jpg,Used,Toyota,Corolla,LE,2021,1000,Sedan,,Gasoline,,,,,GCC Specs,,,,,,Al Batinah,Suwaiq,Autos,Cars For Sale,,,,
Hyundai accent 2018 full option,"2,450 OMR",https://om.opensooq.com/en/search/285005352,https://opensooq-images.os-cdn.com/previews/2048x0/d6/56/d65695f4b9a48730871a2149deb99f782a595b004383ed1e6d43a697f70fd032.jpg,Used,Hyundai,Accent,Limited,2018,200000,Sedan,,Gasoline,,,,,GCC Specs,,,,,,Muscat,Seeb,Autos,Cars For Sale,,,,
جيب رانجلر 2018 خليجي الانظف ف السوق,"7,300 OMR",https://om.opensooq.com/en/search/285005212,https://opensooq-images.os-cdn.com/previews/2048x0/bc/52/bc52542806f0339458f236180cfcd620154e056672cb68aa4f4ae55c36081962.jpg,Used,Jeep,Wrangler,Sport,2018,160000,SUV,,Gasoline,,,,,GCC Specs,,,,,,Muscat,Ansab,Autos,Cars For Sale,,,,
للبيع رينو داستر 2021 مستعملة بحالة ممتازة مع مواصفات خليجية وميزات تقنية,"2,500 OMR",https://om.opensooq.com/en/search/285005288,https://opensooq-images.os-cdn.com/previews/2048x0/57/fb/57fb32a02bc4519d12d76e04962b6e4bb332084187c1ad7c5042cc4570528c2a.png,Used,Renault,Duster,Standard,2021,102000,SUV,,Gasoline,,,,,GCC Specs,,,,,,Muscat,Al Mawaleh,Autos,Cars For Sale,,,,
سرفس وكاله جاهزه للاستخدام مكان تواجد السياره محافظة ظفار ( صلاله ) سرفس مجاني حتي 100 الف,"4,900 OMR",https://om.opensooq.com/en/search/285004946,https://opensooq-images.os-cdn.com/previews/2048x0/aa/65/aa653a059787c8af1765487450ff3aba9004223d0af906c20f17492a811d300b.jpg,Used,Toyota,Yaris,Basic,2024,47000,Sedan,,Gasoline,,,,,GCC Specs,,,,,,Muscat,Other,Autos,Cars For Sale,,,,
نيسان التيما SR للبيع,"2,500 OMR",https://om.opensooq.com/en/search/285004584,https://opensooq-images.os-cdn.com/previews/2048x0/3d/5a/3d5a51f0a2aa182df52adefde961ad709b1930841c386a4cad2c514d56df56ca.jpg,Used,Nissan,Altima,SR,2016,218900,Sedan,,Gasoline,,,,,American Specs,,,,,,Muscat,Bosher,Autos,Cars For Sale,,,,
تيوتا Fj 2009,"3,400 OMR",https://om.opensooq.com/en/search/285003926,https://opensooq-images.os-cdn.com/previews/2048x0/23/23/2323a671846047566cbdc866d4b85acda7de2df580f7310832f88116609d457f.jpg,Used,Toyota,FJ,XTREME,2009,400000,SUV,,Gasoline,,,,,GCC Specs,,,,,,Al Batinah,Barka,Autos,Cars For Sale,,,,
رانجر صحارى 22 بيعه مستعجله,"8,800 OMR",https://om.opensooq.com/en/search/285000296,https://opensooq-images.os-cdn.com/previews/2048x0/01/3d/013d1fa39a960f68bdbf3198f4b12c03bb2e5ff2e5263e4f19ee1a13df698b3f.jpg,Used,Jeep,Wrangler,Sahara,2022,62600,SUV,,Gasoline,,,,,American Specs,,,,,,Al Dakhiliya,Nizwa,Autos,Cars For Sale,,,,
التيما SV 2017 للبيع,"3,200 OMR",https://om.opensooq.com/en/search/285003716,https://opensooq-images.os-cdn.com/previews/2048x0/90/77/907715bf9f41efe0e2ece41b9a3687eadb8e61d4a49a05ea31743df963697337.jpg,Used,Nissan,Altima,SV,2017,156000,Sedan,,Gasoline,,,,,American Specs,,,,,,Al Batinah,Barka,Autos,Cars For Sale,,,,
التيما SV 2022,"4,900 OMR",https://om.opensooq.com/en/search/285002672,https://opensooq-images.os-cdn.com/previews/2048x0/f7/2e/f72e2f6c2f1d3bed0789f79ce3b2aefaf31b7cd1a6f897e18079c6c0b068415f.jpg,Used,Nissan,Altima,SV,2022,100000,SUV,,Gasoline,,,,,American Specs,,,,,,Muscat,Qurm,Autos,Cars For Sale,,,,
إنفينيتي QX80 موديل 2015 أسود بحالة مستعملة مع حادث بسيط وميزات متقدمة,"4,500 OMR",https://om.opensooq.com/en/search/285003520,https://opensooq-images.os-cdn.com/previews/2048x0/60/86/60863d55822b46027e98891b5ed5e946cd550e11b8a3387b2c4848c8a5633930.jpg,Used,Infiniti,QX80,Luxe,2015,235000,SUV,,Gasoline,,,,,American Specs,,,,,,Muscat,Other,Autos,Cars For Sale,,,,
فورد اكسبلورر ليميتد موديل 2019 أعلى فئة وبقمة النظافة,"5,350 OMR",https://om.opensooq.com/en/search/285002592,https://opensooq-images.os-cdn.com/previews/2048x0/1c/61/1c61c72e28fed3ae4f54b46382c598b1e29643fb7202af63c27cc31df150c5d6.jpg,Used,Ford,Explorer,Limited,2019,116000,SUV,,Gasoline,,,,,American Specs,,,,,,Muscat,Seeb,Autos,Cars For Sale,,,,
"كيا K4 , 2025 للبيع.","6,400 OMR",https://om.opensooq.com/en/search/285003172,https://opensooq-images.os-cdn.com/previews/2048x0/9f/3e/9f3ece59b49a5373b341c2d0e1d60fee735e561943696ba901aad105bd11a1fc.jpg,Used,Kia,K4,EX,2025,9000,Sedan,,Gasoline,,,,,GCC Specs,,,,,,Muscat,Seeb,Autos,Cars For Sale,,,,
تويوتا كامري 2018,"4,200 OMR",https://om.opensooq.com/en/search/285003370,https://opensooq-images.os-cdn.com/previews/2048x0/0a/57/0a572f4d96ff95134384f7fb2774954c8dd141f2ed1f7548088e209b1a9d63ba.jpg,Used,Toyota,Camry,LE,2018,114000,Sedan,,Gasoline,,,,,American Specs,,,,,,Al Batinah,Al Khaboura,Autos,Cars For Sale,,,,
رينو سافرنا 2014,"1,100 OMR",https://om.opensooq.com/en/search/285002956,https://opensooq-images.os-cdn.com/previews/2048x0/79/c3/79c3cf3d4ceb02c887669a47412f4bf2338c34a2d3061c3f8b4e11dc7b05e3a8.jpg,Used,Renault,Safrane,Standard,2014,400000,Sedan,,Gasoline,,,,,GCC Specs,,,,,,Muscat,Ansab,Autos,Cars For Sale,,,,
"Volkswagen Jetta 2.0, 2017","2,400 OMR",https://om.opensooq.com/en/search/285002886,https://opensooq-images.os-cdn.com/previews/2048x0/ed/b5/edb52809414637c511e5a39b9737fb049bd4210af24965f6b62086de511fb7c1.jpg,Used,Volkswagen,Jetta,Standard,2017,156000,Sedan,,Gasoline,,,,,GCC Specs,,,,,,Muscat,Ghubrah,Autos,Cars For Sale,,,,
توتا افلون موديل 2008 رقم واحد بصمه نظيف. مطلوب 1100 وقابل للتفاوض في حدود المعقول.,"1,100 OMR",https://om.opensooq.com/en/search/285002654,https://opensooq-images.os-cdn.com/previews/2048x0/09/3b/093bf050ae536fa672205be51948a8bbe795bec3ae0416ee26fff27bacc0dba8.jpg,Used,Toyota,Avalon,Limited,2008,1000,Sedan,,Gasoline,,,,,American Specs,,,,,,Dhofar,Salala,Autos,Cars For Sale,,,,
Lexus es 350,"1,350 OMR",https://om.opensooq.com/en/search/285002458,https://opensooq-images.os-cdn.com/previews/2048x0/a1/a2/a1a2386c6e039a6943bf542932682320fc216fdf29dbb2d8ca44669e31d54186.jpg,Used,Lexus,ES,ES 350,2011,300000,Coupe,,Gasoline,,,,,American Specs,,,,,,Dhofar,Salala,Autos,Cars For Sale,,,,
افلون 2008 نظيف,"1,100 OMR",https://om.opensooq.com/en/search/284857814,https://opensooq-images.os-cdn.com/previews/2048x0/09/3b/093bf050ae536fa672205be51948a8bbe795bec3ae0416ee26fff27bacc0dba8.jpg,Used,Toyota,Avalon,Limited,2008,1000,Sedan,,Gasoline,,,,,American Specs,,,,,,Dhofar,Salala,Autos,Cars For Sale,,,,
للبيع جاك JS3 خليجي وكالة عمان بحالة وكالة رقم 1 وسيرفس وكالة GCC Oman Car agency service,"2,300 OMR",https://om.opensooq.com/en/search/285002358,https://opensooq-images.os-cdn.com/previews/2048x0/4d/73/4d7359d183f2a5a3a434b302dbe938bf964998050baa793eb78f7992b38fa047.jpg,Used,JAC,JS3,Luxury,2022,141000,HatchBack,,Gasoline,,,,,GCC Specs,,,,,,Muscat,Seeb,Autos,Cars For Sale,,,,
فورد خليجي المستخدم الثالث,"1,999 OMR",https://om.opensooq.com/en/search/285001422,https://opensooq-images.os-cdn.com/previews/2048x0/3a/db/3adbfb5ca47851e0301f630dbcbc40de0f204a974074fdf9214c82f20ae6e1e0.jpg,Used,Ford,Fusion,SE,2016,150000,Sedan,,Gasoline,,,,,GCC Specs,,,,,,Muscat,Al Maabilah,Autos,Cars For Sale,,,,
للبيع تويوتا فورتشنر 2022 خليجي بحالة وكالة V4 بدون حوادث او صبغ GCC Car V4 Full option,"9,500 OMR",https://om.opensooq.com/en/search/285002074,https://opensooq-images.os-cdn.com/previews/2048x0/80/23/802339fe74d5e5a50790c6394185abff1b56229b6c443368dacc623f06c3bf89.jpg,Used,Toyota,Fortuner,EXR,2022,106000,SUV,,Gasoline,,,,,GCC Specs,,,,,,Muscat,Seeb,Autos,Cars For Sale,,,,
للبيع هايونداي كريتا خليجي وكالة عمان بحالة ممتازة مكينة 1.5 GCC Oman Car very clean car,"5,000 OMR",https://om.opensooq.com/en/search/285001868,https://opensooq-images.os-cdn.com/previews/2048x0/4b/4d/4b4d8444e59778109b78f1fae02682223b6aeed6b9d26c259f49516e598935e2.jpg,Used,Hyundai,Creta,GLS,2022,123000,SUV,,Gasoline,,,,,GCC Specs,,,,,,Muscat,Seeb,Autos,Cars For Sale,,,,
Toyota Avalon petrol model vehicle.,799 OMR,https://om.opensooq.com/en/search/284978096,https://opensooq-images.os-cdn.com/previews/2048x0/6c/d1/6cd1b6c9ca989381f827b9251fbf22979fd80a03761b840b3d6429bece569958.jpg,Used,Toyota,Avalon,Base,2000,363500,Sedan,,Hybrid,,,,,Dealership,,,,,,Al Dhahirah,Dhank,Autos,Cars For Sale,,,,
هوندا اكورد 2025 ممشى بسيط جدا,"7,000 OMR",https://om.opensooq.com/en/search/285001766,https://opensooq-images.os-cdn.com/previews/2048x0/cc/51/cc51b5fa18435673b6d182359c5edecf233719a1561e17ef34e3bce1ac9db305.jpg,Used,Honda,Accord,LX,2025,15000,Sedan,,Gasoline,,,,,American Specs,,,,,,Al Dakhiliya,Nizwa,Autos,Cars For Sale,,,,
فورتشنر VXR خليجي الفطيم بدون حوادث ولا صبغ سرفس وكالة مالك اول,"15,400 OMR",https://om.opensooq.com/en/search/285001608,https://opensooq-images.os-cdn.com/previews/2048x0/d7/93/d79353e11c8043e6027c02266ba1b02fa543bd27b365c58271aa908d43434405.jpg,Used,Toyota,Fortuner,VXR,2024,115000,SUV,,Gasoline,,,,,GCC Specs,,,,,,Muscat,Al Khoud,Autos,Cars For Sale,,,,
للبيع جيب جراند شيروكي2021 Laredo V6 وكالة عمان بحالة ممتازة GCC Oman Car Laredo edition clean car,"6,800 OMR",https://om.opensooq.com/en/search/285001594,https://opensooq-images.os-cdn.com/previews/2048x0/7c/46/7c46ef02d1bb36ee2c3c019a1c1dafd8be086c7451232125aa4437e026f68343.jpg,Used,Jeep,Grand Cherokee,Laredo,2021,145000,SUV,,Gasoline,,,,,GCC Specs,,,,,,Muscat,Seeb,Autos,Cars For Sale,,,,
للبيع تويوتا لاندكروزر VXR 5.7 المكينة الكبيرة خليجي الفطيم بحالة ممتازة,"16,600 OMR",https://om.opensooq.com/en/search/285001566,https://opensooq-images.os-cdn.com/previews/2048x0/5c/a3/5ca37a7190f37285fce9443b0973744053a8bbeab1c542051afe2196c5880dbb.jpg,Used,Toyota,Land Cruiser,VXR,2017,242000,SUV,,Gasoline,,,,,GCC Specs,,,,,,Muscat,Seeb,Autos,Cars For Sale,,,,
للبيع ام جي T60 بيكب خليجي وكالة عمان جديدة سنجل دبل كبينة قير عادي GCC Oman car Brand new,"5,500 OMR",https://om.opensooq.com/en/search/285001552,https://opensooq-images.os-cdn.com/previews/2048x0/9f/fe/9ffe267c0c4750fdcc4a83a43668bf13d68c9863b88d0bc0b42e9d6504e439b8.jpg,New,MG,T60,,2024,0,PickUp,,Gasoline,,,,,GCC Specs,,,,,,Muscat,Seeb,Autos,Cars For Sale,,,,
"للبيع تويوتا كورولا 2022 خليجي مكينة 1.6 بحالة ممتازة و ممشى بسيط GCC Car only 71,000 KM driven","5,800 OMR",https://om.opensooq.com/en/search/285001538,https://opensooq-images.os-cdn.com/previews/2048x0/9e/03/9e039debfad9fface4fda4f2d7bb70ac97f25fff7c3db1dd0ed131441f81d9e8.jpg,Used,Toyota,Corolla,XLI,2022,71000,Sedan,,Gasoline,,,,,GCC Specs,,,,,,Muscat,Seeb,Autos,Cars For Sale,,,,
للبيع هايونداي توسان 2022 خليجي وكالة عمان مكينة 2.5 بحالة ممتازة GCC Oman car 2.5L engine,"6,300 OMR",https://om.opensooq.com/en/search/285001522,https://opensooq-images.os-cdn.com/previews/2048x0/aa/33/aa3345c23339e1592fda3e00a73a2276eb0b2633a95636e34f328cbf6a833769.jpg,Used,Hyundai,Tucson,GLS Plus,2021,138000,SUV,,Gasoline,,,,,GCC Specs,,,,,,Muscat,Seeb,Autos,Cars For Sale,,,,
للبيع بورش ماكان,"10,700 OMR",https://om.opensooq.com/en/search/285001514,https://opensooq-images.os-cdn.com/previews/2048x0/7c/0d/7c0d88ca02be514c4a1c13db2e238c6b8cc827e097a4d24e8b4d76be87eb36eb.jpg,Used,Porsche,Macan,Macan GTS,2018,245000,SUV,,Gasoline,,,,,American Specs,,,,,,Muscat,Azaiba,Autos,Cars For Sale,,,,
جيب رانجلر 2018,"6,200 OMR",https://om.opensooq.com/en/search/285001496,https://opensooq-images.os-cdn.com/previews/2048x0/ca/02/ca02f8cde3d9de79b4dceeeb5b225098ea4e37383df0dacbb27487b06c184b4c.jpg,Used,Jeep,Wrangler,Unlimited,2018,155000,SUV,,Gasoline,,,,,American Specs,,,,,,Muscat,Qurm,Autos,Cars For Sale,,,,
للبيع تويوتا كورولا كروس خليجي مكينة 1.8 بحالة ممتازة GCC Car 1.8 engine very clean car low KM 80K,"6,600 OMR",https://om.opensooq.com/en/search/285001494,https://opensooq-images.os-cdn.com/previews/2048x0/55/31/55316eedc2de28f771d65a0af18f81b66fd661a777ff8b04e717a048ce42bbdd.jpg,Used,Toyota,Corolla Cross,GLI,2022,80000,HatchBack,,Gasoline,,,,,GCC Specs,,,,,,Muscat,Seeb,Autos,Cars For Sale,,,,
للبيع نيسان باترول بلاتينيوم V8 خليجي رقم 1 فئة خاصة بحالة وكالة,"13,600 OMR",https://om.opensooq.com/en/search/285001472,https://opensooq-images.os-cdn.com/previews/2048x0/49/67/4967a3867bacee230294ab5bb4fde5222cd64ef3dd8b2c218b55f2ee47074302.jpg,Used,Nissan,Patrol,LE Platinum City,2019,134000,SUV,,Gasoline,,,,,GCC Specs,,,,,,Muscat,Seeb,Autos,Cars For Sale,,,,
للبيع هيونداي سنتافي 2020 V6 خليجي وكالة عمان بحالة ممتازة ماشي 78000 KM فقط GCC Oman Car low KM,"6,900 OMR",https://om.opensooq.com/en/search/285001460,https://opensooq-images.os-cdn.com/previews/2048x0/c5/79/c5797acb965d868f9842bfa51495a15001ff4d9b7bf876b781c23f26c537de71.jpg,Used,Hyundai,Santa Fe,GLS,2020,78000,SUV,,Gasoline,,,,,GCC Specs,,,,,,Muscat,Seeb,Autos,Cars For Sale,,,,
للبيع لكزس LX570 خليجي وكالة عمان (سعود بهوان) رقم 1 اعلى مواصفات بممشى بسيط بحالة ممتازة,"14,900 OMR",https://om.opensooq.com/en/search/285001440,https://opensooq-images.os-cdn.com/previews/2048x0/11/5b/115bab02be9c943b549855922aacd9acce417a45ef819a957a5616fef9ceb77f.jpg,Used,Lexus,LX,LX 570,2014,229000,SUV,,Gasoline,,,,,GCC Specs,,,,,,Muscat,Seeb,Autos,Cars For Sale,,,,
تيوتا سينا 2017,"4,200 OMR",https://om.opensooq.com/en/search/285001418,https://opensooq-images.os-cdn.com/previews/2048x0/41/b2/41b225f8757f9582f5d914508ed660425c9b6ff108a8695565fffd3f4400ee0a.jpg,Used,Toyota,Sienna,XLE,2017,150000,SUV,,Gasoline,,,,,American Specs,,,,,,Al Dakhiliya,Adam,Autos,Cars For Sale,,,,
كامري 2023 جراندي خليجي صبغ وكاله,"9,400 OMR",https://om.opensooq.com/en/search/285001106,https://opensooq-images.os-cdn.com/previews/2048x0/21/16/21169f352e8fae6d38e1fff155841d5fdcfc104885895e5c3f1a3e7d5ae91f50.jpg,Used,Toyota,Camry,Grande,2023,82000,Sedan,,Gasoline,,,,,GCC Specs,,,,,,Muscat,Azaiba,Autos,Cars For Sale,,,,
كومارو RS 2109,"6,700 OMR",https://om.opensooq.com/en/search/285001206,https://opensooq-images.os-cdn.com/previews/2048x0/b5/de/b5de6edc4121b8dfd68d519bb071fe3da6a029806c7b6236a5e5940ee27713b1.jpg,Used,Chevrolet,Camaro,RS,2019,130000,Sedan,,Gasoline,,,,,American Specs,,,,,,Muscat,Seeb,Autos,Cars For Sale,,,,
لكزسGs 2010,"1,400 OMR",https://om.opensooq.com/en/search/284999270,https://opensooq-images.os-cdn.com/previews/2048x0/7d/4d/7d4de0202a360de848b3f1b91ae3202be52b0fff71343912d033059dfa5d50db.jpg,Used,Lexus,GS,GS 300,2010,200000,Sedan,,Gasoline,,,,,GCC Specs,,,,,,Al Dakhiliya,Adam,Autos,Cars For Sale,,,,
دودج RAM V8 5.7 himi للبيع فقط,"5,150 OMR",https://om.opensooq.com/en/search/285000852,https://opensooq-images.os-cdn.com/previews/2048x0/cb/40/cb4078e9319e4e5622d41fa072f6928a5f2bb7ab6278f01f9eb76880b51e4b82.jpg,Used,Dodge,Ram,Big Horn,2017,290000,PickUp,,Gasoline,,,,,American Specs,,,,,,Muscat,Al Khoud,Autos,Cars For Sale,,,,
نيسان صني 2019 موديل SV لون أبيض، سيارة سيدان مرخصة وأوتوماتيك,"1,950 OMR",https://om.opensooq.com/en/search/285000198,https://opensooq-images.os-cdn.com/previews/2048x0/e2/67/e267d7aa6660e54e9d36043fc54316e147272dd8da2e09b10f4d02152e45e764.jpg,Used,Nissan,Sunny,SV,2019,2000,Sedan,,Gasoline,,,,,GCC Specs,,,,,,Muscat,Amerat,Autos,Cars For Sale,,,,
مازدا 3 للبيع,"4,500 OMR",https://om.opensooq.com/en/search/285000078,https://opensooq-images.os-cdn.com/previews/2048x0/e8/1d/e81dfb82c25f975c0c69a19493ceb3edc475c8903f2da8d1eff759a410faff16.jpg,Used,Mazda,3,S Select Sport,2020,110000,Sedan,,Gasoline,,,,,American Specs,,,,,,Muscat,Seeb,Autos,Cars For Sale,,,,
Ford Focus 2012 for sale,800 OMR,https://om.opensooq.com/en/search/284999960,https://opensooq-images.os-cdn.com/previews/2048x0/85/1e/851e4dc98addf4184cf5e5b3daf321d9f1b457abda4b5febf83cf14381e62d1c.jpg,Used,Ford,Focus,Standard,2012,228500,Sedan,,Gasoline,,,,,GCC Specs,,,,,,Muscat,Al Mawaleh,Autos,Cars For Sale,,,,
VX لاندكروزر,"24,800 OMR",https://om.opensooq.com/en/search/284999934,https://opensooq-images.os-cdn.com/previews/2048x0/1b/3f/1b3f0991060c95419a1cbc6b42af2f1de7bf1cf680fd20dde3eacd49df945f67.jpg,Used,Toyota,Land Cruiser,VX,2022,75000,SUV,,Gasoline,,,,,GCC Specs,,,,,,Muscat,Seeb,Autos,Cars For Sale,,,,
Toyota Prado  model 2021,"14,700 OMR",https://om.opensooq.com/en/search/284999518,https://opensooq-images.os-cdn.com/previews/2048x0/cb/ea/cbeabcd4916ca560e3c353e04fc2c13f186a31904d0d798e111c086df8c54e0b.jpg,Used,Toyota,Prado,TXL,2021,126832,SUV,,Gasoline,,,,,GCC Specs,,,,,,Muscat,Ruwi,Autos,Cars For Sale,,,,
للبيع مكسيما نظيفه,"1,150 OMR",https://om.opensooq.com/en/search/284999550,https://opensooq-images.os-cdn.com/previews/2048x0/06/73/0673c9f441c047a2725c17e8db2c19a75fb0b3940c5a358dde23c30c53c84e6b.jpg,Used,Nissan,Maxima,S,1999,1000,Sedan,,Gasoline,,,,,GCC Specs,,,,,,Al Batinah,Sohar,Autos,Cars For Sale,,,,
مرسيدس C 300 2014 في حالة ممتازة ما تحتاج ولا ريال نظيفة جدا في حالة الوكالة,"2,000 OMR",https://om.opensooq.com/en/search/284856854,https://opensooq-images.os-cdn.com/previews/2048x0/31/a8/31a819193e12548f253e7fc3fc36a3a3114d2f9203fcee583076661626308285.jpg,Used,Mercedes Benz,C-Class,C 300,2014,250000,Sedan,,Gasoline,,,,,GCC Specs,,,,,,Muscat,Al Mawaleh,Autos,Cars For Sale,,,,
للبيع كامري 2025,"5,300 OMR",https://om.opensooq.com/en/search/284999256,https://opensooq-images.os-cdn.com/previews/2048x0/06/be/06bec6e3912c7feed44075c5836fd70f21d296ffacfc24f4f0dd11656a0e8528.jpg,Used,Toyota,Camry,LE,2025,6000,Sedan,,Hybrid,,,,,American Specs,,,,,,Muscat,Al Maabilah,Autos,Cars For Sale,,,,
لكزس صالون ال اس 460 ياباني موديل 2008 اسود,"1,250 OMR",https://om.opensooq.com/en/search/284999156,https://opensooq-images.os-cdn.com/previews/2048x0/e3/9a/e39aca3a24775f29434e9db0f98d8360c3543bc6827478711a23822e1bc2218a.jpg,Used,Lexus,LS,LS 460,2008,290000,Sedan,,Gasoline,,,,,Japanese Specs,,,,,,Muscat,Bosher,Autos,Cars For Sale,,,,
Nissan sunny 2013 for sale,"1,150 OMR",https://om.opensooq.com/en/search/284998468,https://opensooq-images.os-cdn.com/previews/2048x0/88/20/8820d4a16077d62d1f47e2f641fbc3d6e79d9eb89447d413e687c0a216183054.jpg,Used,Nissan,Sunny,S,2013,276000,Sedan,,Gasoline,,,,,GCC Specs,,,,,,Dhofar,Salala,Autos,Cars For Sale,,,,
للبيع كامري 2013 وكاله بهوان مستخدم الاول,"1,900 OMR",https://om.opensooq.com/en/search/284998294,https://opensooq-images.os-cdn.com/previews/2048x0/95/36/953651f8670a78a8d11cd4e6cac097637bd89438066282e9aba8384c66698901.jpg,Used,Toyota,Camry,GL,2013,300000,Sedan,,Gasoline,,,,,GCC Specs,,,,,,Al Batinah,Barka,Autos,Cars For Sale,,,,
BMW M3 2024 Comp clean title US,"28,900 OMR",https://om.opensooq.com/en/search/284998272,https://opensooq-images.os-cdn.com/previews/2048x0/03/d8/03d8c845708c94eb31df3b68421b0da359e0041b0bc9a30a2eb80c329d0c8cba.jpg,Used,BMW,3 Series,M3,2024,82000,Sedan,,Gasoline,,,,,American Specs,,,,,,Muscat,Al Khoud,Autos,Cars For Sale,,,,
للبيع كرايسلر 300s بانوراما,"3,200 OMR",https://om.opensooq.com/en/search/284998200,https://opensooq-images.os-cdn.com/previews/2048x0/f2/28/f22830bd23ebe9eb39397cd0b2c0fdc2d35b6314cd9e28a6770c5d4a52e0a5aa.jpg,Used,Chrysler,300,300S V6,2015,217000,Sedan,,Gasoline,,,,,American Specs,,,,,,Muscat,Al Khoud,Autos,Cars For Sale,,,,
وصف السيارة  السياره امورها طيبه الاعطال تنقص غاز مكيف بين الثلاثه اشهر واشياء بسيطه تبان في الفحص ا,"1,200 OMR",https://om.opensooq.com/en/search/284998054,https://opensooq-images.os-cdn.com/previews/2048x0/32/66/32660e32efa50d674ec638617a424e693befdfef179b66125ae28783f08331e3.jpg,Used,Toyota,Camry,SE,2011,1000,Sedan,,Gasoline,,,,,American Specs,,,,,,Al Batinah,Al Khaboura,Autos,Cars For Sale,,,,
Luxes es 300 for sale,850 OMR,https://om.opensooq.com/en/search/284997010,https://opensooq-images.os-cdn.com/previews/2048x0/7a/3d/7a3df9eabbce8af7309e512fa24e6612a68c4ea954a43d1c698a69b90be7989e.jpg,Used,Lexus,ES,ES 300,2001,700000,Sedan,,Gasoline,,,,,American Specs,,,,,,Al Sharqiya,Sinaw,Autos,Cars For Sale,,,,
سيارة رينو داستر 2014 XT، بحالة ممتازة قابل للتفاوض 2014 Renault Duster  Price is negotiable,800 OMR,https://om.opensooq.com/en/search/284997636,https://opensooq-images.os-cdn.com/previews/2048x0/fc/4f/fc4f6636df95df0d1e876af80c3e6852621de555b14e5b622cc2d35389e3848d.jpg,Used,Renault,Duster,Standard,2014,196000,SUV,,Gasoline,,,,,GCC Specs,,,,,,Al Dakhiliya,Nizwa,Autos,Cars For Sale,,,,
تويوتا سيينا LE AWD,"6,500 OMR",https://om.opensooq.com/en/search/284997500,https://opensooq-images.os-cdn.com/previews/2048x0/eb/2f/eb2f192342eba57dc15c0550b4fbe899f89e75ecedeac8a8e9a3dd18fc27eb58.jpg,Used,Toyota,Sienna,LE,2018,400000,SUV,,Gasoline,,,,,American Specs,,,,,,Al Batinah,Rustaq,Autos,Cars For Sale,,,,
نوع السياره النترا 2014 تكسي مع الرقم للبدل يفضل كامري او كورولا الجاد يتواصل واتساب,"2,500 OMR",https://om.opensooq.com/en/search/284990736,https://opensooq-images.os-cdn.com/previews/2048x0/cd/f8/cdf8c7a0776ffdc315d5781d12938c7cfc2392d73b00fe068dda6fe5cfa48332.jpg,Used,Hyundai,Elantra,Limited,2014,290000,Sedan,,Gasoline,,,,,American Specs,,,,,,Al Batinah,Al Masnaah,Autos,Cars For Sale,,,,
كاديلاك cts 2009,"1,500 OMR",https://om.opensooq.com/en/search/284996890,https://opensooq-images.os-cdn.com/previews/2048x0/a7/68/a7685cf68b1288a04fb51f20cea35c97de59eb92fea4ca2dda1e5ac725f839b1.jpg,Used,Cadillac,CTS/Catera,Luxury,2009,300000,Sedan,,Gasoline,,,,,American Specs,,,,,,Al Dakhiliya,Nizwa,Autos,Cars For Sale,,,,
رينو داستر 2014 موديل اس يو في مستعملة  قابل للتفاوض ، ،   Renault Duster 4WD Price is negotiable,800 OMR,https://om.opensooq.com/en/search/284996600,https://opensooq-images.os-cdn.com/previews/2048x0/fc/4f/fc4f6636df95df0d1e876af80c3e6852621de555b14e5b622cc2d35389e3848d.jpg,Used,Renault,Duster,Standard,2014,160000,SUV,,Gasoline,,,,,GCC Specs,,,,,,Al Dakhiliya,Nizwa,Autos,Cars For Sale,,,,
هيونداي توسان 2013 نظيف جدا المالك الثاني,"2,000 OMR",https://om.opensooq.com/en/search/284996518,https://opensooq-images.os-cdn.com/previews/2048x0/fc/e7/fce7e394f4c920046e329e2fc256267c027bb8149d4a2ba7951319d8f446ba97.jpg,Used,Hyundai,Tucson,Limited,2013,296000,SUV,,Gasoline,,,,,GCC Specs,,,,,,Al Batinah,Sohar,Autos,Cars For Sale,,,,
Hyundai Accent 2013,"1,350 OMR",https://om.opensooq.com/en/search/284996526,https://opensooq-images.os-cdn.com/previews/2048x0/30/b6/30b646d9730d408edcac5a4a2248596ff9f6ef935ca253483086107168da51b6.jpg,Used,Hyundai,Accent,Standard,2013,280000,Sedan,,Gasoline,,,,,GCC Specs,,,,,,Muscat,Amerat,Autos,Cars For Sale,,,,
نيسان فيرسا,"1,550 OMR",https://om.opensooq.com/en/search/284996462,https://opensooq-images.os-cdn.com/previews/2048x0/9a/5a/9a5a204840eef7a73954e536248739208628f9059e87871acfaa8f2060d8fb71.jpg,Used,Nissan,Tiida,,2012,171000,HatchBack,,Gasoline,,,,,American Specs,,,,,,Muscat,Amerat,Autos,Cars For Sale,,,,
هونداي النترا,"3,000 OMR",https://om.opensooq.com/en/search/284995474,https://opensooq-images.os-cdn.com/previews/2048x0/ed/9c/ed9c1e2a1e753599e3bad41602cbd9283f74f020af52709c6787fbe298678d3c.jpg,Used,Hyundai,Elantra,Limited,2019,103000,Sedan,,Gasoline,,,,,American Specs,,,,,,Dhofar,Salala,Autos,Cars For Sale,,,,
للبيع لكزس Gs350,"5,800 OMR",https://om.opensooq.com/en/search/284995736,https://opensooq-images.os-cdn.com/previews/2048x0/01/b9/01b9812f36127b7578042e8018ec29ac42a999d850d1e162391aaadcee09f8ae.jpg,Used,Lexus,GS,GS 350,2015,201000,Sedan,,Gasoline,,,,,American Specs,,,,,,Muscat,Amerat,Autos,Cars For Sale,,,,
تويوتا راف فور 2021 نظيفة جدا صبغ وكالة ومحركات ممتاز,"7,200 OMR",https://om.opensooq.com/en/search/284995938,https://opensooq-images.os-cdn.com/previews/2048x0/af/e9/afe97730c303ff4ebf264f901620e993b76cfb1244e398a63dfbee5c15999075.jpg,Used,Toyota,RAV 4,EX,2021,211000,SUV,,Gasoline,,,,,GCC Specs,,,,,,Dhofar,Salala,Autos,Cars For Sale,,,,
Prado manual 6 cylinder new condition,"3,300 OMR",https://om.opensooq.com/en/search/284995838,https://opensooq-images.os-cdn.com/previews/2048x0/9d/14/9d142b93b65372c806e41b6ab3fe96af5eddb90dfc08e12f508f63371e0ef75a.jpg,Used,Toyota,Prado,VX,2007,566655,PickUp,,Gasoline,,,,,GCC Specs,,,,,,Al Sharqiya,Ibra,Autos,Cars For Sale,,,,
جيب شيروكي 2014 للبيع او المبادلة,"1,900 OMR",https://om.opensooq.com/en/search/284876858,https://opensooq-images.os-cdn.com/previews/2048x0/01/fe/01fe0be99b9f5b684f46a7db99bc40f2940d6ae807506a49ee7835c1f6f2c7a6.jpg,Used,Jeep,Cherokee,Trailhawk,2014,183000,SUV,,Gasoline,,,,,American Specs,,,,,,Muscat,Seeb,Autos,Cars For Sale,,,,
Honda Civic LXI,730 OMR,https://om.opensooq.com/en/search/284995236,https://opensooq-images.os-cdn.com/previews/2048x0/bf/a1/bfa113b13373dc6dcedfc5874d630b42dd33992dd67fc3b901d0cc8ae07ca618.jpg,Used,Honda,Civic,LXi,2005,418067,Sedan,,Gasoline,,,,,Japanese Specs,,,,,,Muscat,Al Khoud,Autos,Cars For Sale,,,,
مرسيدس GLA 250خليجي وكالة عُمان,"3,600 OMR",https://om.opensooq.com/en/search/285030774,https://opensooq-images.os-cdn.com/previews/2048x0/37/05/370580a5c732f5f030318dbf83e072b99cc98f8ea9e302eeba6ae5c19f51bff8.jpg,Used,Mercedes Benz,GLA-Class,GLA 250,2015,202000,SUV,,Gasoline,,,,,GCC Specs,,,,,,Muscat,Al Maabilah,Autos,Cars For Sale,,,,
دووج شارجر 2018 سته سلندر رقم واحد للبيع نظيف جدا وبدون حوادث,"3,500 OMR",https://om.opensooq.com/en/search/285048040,https://opensooq-images.os-cdn.com/previews/2048x0/eb/b8/ebb84331f2bf7663e920e2ee623a97b39b989f4949646a8f43658b1be5490a18.jpg,Used,Dodge,Charger,SXT,2018,132000,Sedan,,Gasoline,,,,,American Specs,,,,,,Buraimi,Al Buraimi,Autos,Cars For Sale,,,,
مرسيدس GLA250 ابيض على بيج؛ بانوراما قمة في النظافة.,"5,500 OMR",https://om.opensooq.com/en/search/285047916,https://opensooq-images.os-cdn.com/previews/2048x0/5b/87/5b87f7a912d91ed8443bb6c84e235d372f453730d201ff99e45a2d307f1a3684.jpg,Used,Mercedes Benz,GLA-Class,GLA 250,2018,110000,SUV,,Gasoline,,,,,American Specs,,,,,,Muscat,Al Maabilah,Autos,Cars For Sale,,,,
مرسيدس بنز,"6,200 OMR",https://om.opensooq.com/en/search/285047676,https://opensooq-images.os-cdn.com/previews/2048x0/e8/b4/e8b4c32cc508252594e628d1ff378a469200e4243938f02a3af9bb4cfb4b7571.jpg,Used,Mercedes Benz,GLC-Class,Standard,2016,130000,SUV,,Gasoline,,,,,American Specs,,,,,,Muscat,Ansab,Autos,Cars For Sale,,,,
camry 2012,"2,100 OMR",https://om.opensooq.com/en/search/285047832,https://opensooq-images.os-cdn.com/previews/2048x0/4e/93/4e93d00414e9201f07838c24f3d6a4f8628ae88f7202a0bde022ca1d636bbcc6.jpg,Used,Toyota,Camry,LE,2012,114000,Sedan,,Gasoline,,,,,American Specs,,,,,,Buraimi,Al Buraimi,Autos,Cars For Sale,,,,
جيب جراند شيروكي,"2,200 OMR",https://om.opensooq.com/en/search/285047786,https://opensooq-images.os-cdn.com/previews/2048x0/d2/d8/d2d8e52cbfd51b45f60eb7d2520fbb161c2cd65cf281cd0c6f64d56a2127411a.jpg,Used,Jeep,Grand Cherokee,Altitude,2012,21500,SUV,,Gasoline,,,,,GCC Specs,,,,,,Muscat,Al-Hail,Autos,Cars For Sale,,,,
مازيراتي ليفانتي للبيع,"9,300 OMR",https://om.opensooq.com/en/search/285047784,https://opensooq-images.os-cdn.com/previews/2048x0/26/a4/26a422e2c3497895f61959fd76463e431ce9fede8a374a8ba7c8cb0590f95445.jpg,Used,Maserati,Levante,SQ4,2017,100000,SUV,,Gasoline,,,,,GCC Specs,,,,,,Muscat,Al Khoud,Autos,Cars For Sale,,,,
تويوتا افالون 2000_model XLE أسود مستعملة مع وصلة USB وفتحة، مخصصة للشراء نقداً,900 OMR,https://om.opensooq.com/en/search/285047344,https://opensooq-images.os-cdn.com/previews/2048x0/fb/e9/fbe9779f757817a3a0b938cc7f9267e3fb9daccbc677cad6939e5101e09a6176.jpg,Used,Toyota,Avalon,XLE,2000,350000,Sedan,,Gasoline,,,,,American Specs,,,,,,Al Batinah,Liwa,Autos,Cars For Sale,,,,
دودج تشار چر,"3,100 OMR",https://om.opensooq.com/en/search/285047076,https://opensooq-images.os-cdn.com/previews/2048x0/62/95/6295ed80231bffa96910da72d7805a0ce144b59d3df8236964faa102f2f3f227.jpg,Used,Dodge,Charger,SXT,2019,100000,Sedan,,Gasoline,,,,,American Specs,,,,,,Muscat,Qurm,Autos,Cars For Sale,,,,
اكسنت خليجي 1.6 موديل 2016 رقم 2 ملكية سنة كاملة و سيارة 100٪ تم عمل ميجر سرفيس,"1,790 OMR",https://om.opensooq.com/en/search/285035084,https://opensooq-images.os-cdn.com/previews/2048x0/f5/65/f5653341734be7d7a0cbbed33d5e6c6caff6ff7ce0491966494842ac2173d876.jpg,Used,Hyundai,Accent,Standard,2016,196000,Sedan,,Gasoline,,,,,GCC Specs,,,,,,Muscat,Ghubrah,Autos,Cars For Sale,,,,
مرسيدس e350 2014,"3,800 OMR",https://om.opensooq.com/en/search/285046544,https://opensooq-images.os-cdn.com/previews/2048x0/b8/c1/b8c1e2222ddfc0d84d3a19bfee01399fcda577a1cd285bad950253b133806a0b.jpg,Used,Mercedes Benz,E-Class,E 350,2014,300000,Sedan,,Gasoline,,,,,Other Specs,,,,,,Al Batinah,Sohar,Autos,Cars For Sale,,,,
Camry2014 Gcc specs,"2,300 OMR",https://om.opensooq.com/en/search/285046598,https://opensooq-images.os-cdn.com/previews/2048x0/46/30/4630b1cb0049b47b4254a5ef90430126dc1ef7ade572e3f0ff5e66be50244448.jpg,Used,Toyota,Camry,GL,2015,300000,Sedan,,Gasoline,,,,,GCC Specs,,,,,,Muscat,Al Maabilah,Autos,Cars For Sale,,,,
نيسان سنترا اس في 2023 Nissan Sentra SV,"5,200 OMR",https://om.opensooq.com/en/search/285046632,https://opensooq-images.os-cdn.com/previews/2048x0/06/fd/06fd2b5810a87180c93638fa6222dacddc3a76348e27c0b4b6df87d2e7a2f757.jpg,Used,Nissan,Sentra,SV,2023,77000,Sedan,,Gasoline,,,,,American Specs,,,,,,Muscat,Al Maabilah,Autos,Cars For Sale,,,,
كرولا نظيفة جدا قابل للتفاوض بسعر معقول,"3,650 OMR",https://om.opensooq.com/en/search/284988094,https://opensooq-images.os-cdn.com/previews/2048x0/08/72/0872c51d125df85074c54dc4232db913366250f1bdf9705f2d4b98593da12234.jpg,Used,Toyota,Corolla,LE,2019,150000,Sedan,,Gasoline,,,,,American Specs,,,,,,Muscat,Amerat,Autos,Cars For Sale,,,,
لكزس للبيع بسعر ولا أروع في السوق,"1,600 OMR",https://om.opensooq.com/en/search/285046264,https://opensooq-images.os-cdn.com/previews/2048x0/43/44/4344343e21ec04d766b818bf89e711d1be6a7c848bc438c71267935b5ae4a945.jpg,Used,Lexus,ES,ES 350,2007,488875,Sedan,,Gasoline,,,,,American Specs,,,,,,Al Batinah,Saham,Autos,Cars For Sale,,,,
لاند كلوزر جير عادي سته سلندر  لون الخارجي ابيض الون الداخلي اسود على رمادي كراسي مخمل,"4,500 OMR",https://om.opensooq.com/en/search/285045990,https://opensooq-images.os-cdn.com/previews/2048x0/f0/b8/f0b8b0e6976b7fea43c7e02d33ee68133f3f7caf3ba392e90fd7e46163cc44c5.jpg,Used,Toyota,Land Cruiser,GX,2011,403465,SUV,,Gasoline,,,,,GCC Specs,,,,,,Al Sharqiya,Bidiya,Autos,Cars For Sale,,,,
مرسيدس C300 موديل 2017 للبيع محول بودي كت C63,"5,000 OMR",https://om.opensooq.com/en/search/285045448,https://opensooq-images.os-cdn.com/previews/2048x0/96/4a/964aa7c61100599a1451bb53d3a8353f9c05638001721d3edba2d275d8ca4c18.jpg,Used,Mercedes Benz,C-Class,C 300,2017,188000,Sedan,,Gasoline,,,,,European Specs,,,,,,Muscat,Seeb,Autos,Cars For Sale,,,,
جي ام سي يوكن AT4 خليجي وكاله عمان موديل 2024 ضمان الوكاله,"19,900 OMR",https://om.opensooq.com/en/search/285046034,https://opensooq-images.os-cdn.com/previews/2048x0/ae/11/ae11202d95b228f17b9c4abe2bd3efe0da9191d12a5f2d2447765bb7ff57da55.jpg,Used,GMC,Yukon,AT4,2024,1000,SUV,,Gasoline,,,,,GCC Specs,,,,,,Muscat,Al Maabilah,Autos,Cars For Sale,,,,
كامري 2018 خليجي بهوان نضيف,"7,100 OMR",https://om.opensooq.com/en/search/285045882,https://opensooq-images.os-cdn.com/previews/2048x0/6b/e2/6be2471bbd4ee4404b28b000485ea5b12d5b85dd5eb613f61f51920c3324d1a8.jpg,Used,Toyota,Camry,Grande,2018,200000,Sedan,,Gasoline,,,,,GCC Specs,,,,,,Al Dhahirah,Ibri,Autos,Cars For Sale,,,,
لكسز ار سي 350 في قمة النظافة 2017 Lexus RC350,"7,300 OMR",https://om.opensooq.com/en/search/285045562,https://opensooq-images.os-cdn.com/previews/2048x0/59/21/5921155210792c286520b9dd9924ce11412e2690ad1b1553ffe0ca059c97e270.jpg,Used,Lexus,RC,RC 350,2017,118000,Sedan,,Gasoline,,,,,American Specs,,,,,,Muscat,Al Maabilah,Autos,Cars For Sale,,,,
للبيع تسلا مودل واي ديل موتور 2026,"16,200 OMR",https://om.opensooq.com/en/search/285045106,https://opensooq-images.os-cdn.com/previews/2048x0/6b/5c/6b5c9df7fb3652abe240883279653f3eaf64dbc59c1a3dadd20f94fdf6ee801d.jpg,Used,Tesla,Model Y,Long Range,2026,25000,SUV,,Electric,,,,,American Specs,,,,,,Muscat,Al-Hail,Autos,Cars For Sale,,,,
ميني كوبر شبه جديد بحالة الوكالة,"2,600 OMR",https://om.opensooq.com/en/search/285045176,https://opensooq-images.os-cdn.com/previews/2048x0/82/ec/82ecf1c65d35a99737798ecefa5530c7595e0f9e7b7408c3ae2d71470daf0ea4.jpg,Used,MINI,Other,,2016,190000,Sedan,,Gasoline,,,,,American Specs,,,,,,Muscat,Seeb,Autos,Cars For Sale,,,,
نيسان ألتيما 2016,"1,900 OMR",https://om.opensooq.com/en/search/285043770,https://opensooq-images.os-cdn.com/previews/2048x0/86/5d/865d4cd39f064339851888e0d4d9fd7b6e7cb84d1c815ca27f20d4abbe32bc13.jpg,Used,Nissan,Altima,S,2016,300000,SUV,,Gasoline,,,,,American Specs,,,,,,Muscat,Bosher,Autos,Cars For Sale,,,,
للبيع جيب شروكي,"1,250 OMR",https://om.opensooq.com/en/search/284989044,https://opensooq-images.os-cdn.com/previews/2048x0/a8/f4/a8f47274f4775cea74b506e0b0869b04bef7881d8c9b7921a77559b0c1968d85.jpg,Used,Jeep,Cherokee,Sport,2000,300000,SUV,,Gasoline,,,,,American Specs,,,,,,Al Sharqiya,Ibra,Autos,Cars For Sale,,,,
ديفندر 2022 P400 110,"22,700 OMR",https://om.opensooq.com/en/search/285045016,https://opensooq-images.os-cdn.com/previews/2048x0/fb/1c/fb1cf3960d85567bb6d9225abaf69b16b03b176b4a7f54b5c52bc3bef724456d.jpg,Used,Land Rover,Defender,110,2022,115000,SUV,,Gasoline,,,,,American Specs,,,,,,Muscat,Al Khuwair,Autos,Cars For Sale,,,,
لكزس is2010,"1,800 OMR",https://om.opensooq.com/en/search/285044902,https://opensooq-images.os-cdn.com/previews/2048x0/4d/e0/4de04017472fd09978cbcd4259847b3bbd6cd1fbd496eb74a414ffb5949838f2.jpg,Used,Lexus,IS,IS 250,2010,200000,Sedan,,Gasoline,,,,,GCC Specs,,,,,,Al Dakhiliya,Hamra,Autos,Cars For Sale,,,,
هوندا سفك 2003,550 OMR,https://om.opensooq.com/en/search/285044420,https://opensooq-images.os-cdn.com/previews/2048x0/8a/e1/8ae1419ee5598bac93e0488ebd703e212edd198831e3ed09c8b61a521fd46682.jpg,Used,Honda,Civic,EX,2003,600000,Sedan,,Gasoline,,,,,GCC Specs,,,,,,Al Sharqiya,Ibra,Autos,Cars For Sale,,,,
مازدا 6 فول ابشن,"2,400 OMR",https://om.opensooq.com/en/search/285044222,https://opensooq-images.os-cdn.com/previews/2048x0/6b/60/6b602ac64e6f58fcf9061433b0c31a897f1fce4e321ccd69e07b90521aa29118.jpg,Used,Mazda,6,Standard,2016,200000,Sedan,,Gasoline,,,,,GCC Specs,,,,,,Al Dakhiliya,Nizwa,Autos,Cars For Sale,,,,
مورسيدس c250 مديل 2013,"1,800 OMR",https://om.opensooq.com/en/search/285043646,https://opensooq-images.os-cdn.com/previews/2048x0/24/38/2438fa58c7d7af23a029d33e026ecdfa788b22217f1b7289ace151829e6b9203.jpg,Used,Mercedes Benz,C-Class,C 250,2013,233000,Sedan,,Gasoline,,,,,American Specs,,,,,,Al Dakhiliya,Sumail,Autos,Cars For Sale,,,,
تويوتا افالون 2006 Limited سيارة سيدان فخمة بألوان زاهية وميزات متقدمة,"1,700 OMR",https://om.opensooq.com/en/search/285043318,https://opensooq-images.os-cdn.com/previews/2048x0/cb/64/cb64be2b3e5d870e52ef0dff86445e53acd8fef026e5de423a267a1b9be8ac84.jpg,Used,Toyota,Avalon,Limited,2006,88566,Sedan,,Gasoline,,,,,GCC Specs,,,,,,Al Batinah,Al Masnaah,Autos,Cars For Sale,,,,
تيوتا رافور 2015,"3,800 OMR",https://om.opensooq.com/en/search/285042106,https://opensooq-images.os-cdn.com/previews/2048x0/00/98/0098993d86948d8085a83a2cbd53e3bf8bfc02c92178307686b59e1bc0853a5b.jpg,Used,Toyota,RAV 4,XLE,2015,175282,Sedan,,Gasoline,,,,,American Specs,,,,,,Muscat,Al Khoud,Autos,Cars For Sale,,,,
سيارة جيب جراند شيروكي موديل 2015  المستخدم الاول وكالة عمان,"3,500 OMR",https://om.opensooq.com/en/search/285043196,https://opensooq-images.os-cdn.com/previews/2048x0/83/0e/830eca1ed833d3597bef46dd9010fd598351c26705b379c35d1f71b690253ac8.jpg,Used,Jeep,Grand Cherokee,Limited,2015,200000,SUV,,Gasoline,,,,,GCC Specs,,,,,,Al Batinah,Saham,Autos,Cars For Sale,,,,
نيسان باترول بلاتينيوم  V8 رقم 1 خليجي اصدار خاص 2020,"16,900 OMR",https://om.opensooq.com/en/search/285026314,https://opensooq-images.os-cdn.com/previews/2048x0/fa/c3/fac3a1dcc4b8df2392bf6f00f33bd7ca390996d23b101dc26ab3cea5d9f28883.jpg,Used,Nissan,Patrol,SE Platinum,2020,119000,SUV,,Gasoline,,,,,GCC Specs,,,,,,Muscat,Ghubrah,Autos,Cars For Sale,,,,
مرسيدس بنز E350 موديل 2016,"4,300 OMR",https://om.opensooq.com/en/search/285043144,https://opensooq-images.os-cdn.com/previews/2048x0/87/f5/87f52127d13bd6f625504cd1d4a494fe112660c221cac48be7c1a6e04ef8c7d8.jpg,Used,Mercedes Benz,E-Class,E 350,2016,260000,Sedan,,Gasoline,,,,,American Specs,,,,,,Al Dhahirah,Ibri,Autos,Cars For Sale,,,,
تويوتا يارس 2013,"2,100 OMR",https://om.opensooq.com/en/search/285042820,https://opensooq-images.os-cdn.com/previews/2048x0/ee/31/ee31a2749d51c2e5d4040227b3f1b300aaaa12e6b9cdd2ed2539e04b3c404377.jpg,Used,Toyota,Yaris,Basic,2013,178000,HatchBack,,Gasoline,,,,,GCC Specs,,,,,,Muscat,Seeb,Autos,Cars For Sale,,,,
موستانج 1983,"3,400 OMR",https://om.opensooq.com/en/search/285042982,https://opensooq-images.os-cdn.com/previews/2048x0/11/13/11131d34ba0bc0b4ab38fd8ef6b281eb385635fd129e0370037d8260026c93a8.jpg,Used,Ford,Mustang,GT,1983,50000,Convertible,,Gasoline,,,,,American Specs,,,,,,Muscat,Al Khoud,Autos,Cars For Sale,,,,
جينيسس G80 نظيف جدا 2016,"3,500 OMR",https://om.opensooq.com/en/search/285042282,https://opensooq-images.os-cdn.com/previews/2048x0/bd/de/bdde0e466a1d60192f398ccf11a33616fc780be50ed852c66dcb9845bc2cdd83.jpg,Used,Genesis,G80,,2016,215000,Sedan,,Gasoline,,,,,American Specs,,,,,,Muscat,Al Maabilah,Autos,Cars For Sale,,,,
نيسان مكسيما 2013 للبيع,"1,300 OMR",https://om.opensooq.com/en/search/285042552,https://opensooq-images.os-cdn.com/previews/2048x0/de/d1/ded18bd7c79de7b2684ce51469425f2c82363afda102e41a4854723c9bc8fb65.jpg,Used,Nissan,Maxima,SV,2013,205204,Sedan,,Gasoline,,,,,American Specs,,,,,,Muscat,Al Maabilah,Autos,Cars For Sale,,,,
ليبارد 7 فل الترا 2026 للبيع,"16,900 OMR",https://om.opensooq.com/en/search/285042372,https://opensooq-images.os-cdn.com/previews/2048x0/8f/a2/8fa2bf63719e88e833830afde6749453420de23e887dcb3e48b001071c37ff45.jpg,New,BYD,Leopard 7,,2026,0,SUV,,Hybrid,,,,,Chinese Specs,,,,,,Al Batinah,Al Masnaah,Autos,Cars For Sale,,,,
نيسان التيما 2020 فئة S فضي مرخصة بنزين أوتوماتيك بمواصفات أمريكية,"2,990 OMR",https://om.opensooq.com/en/search/284635794,https://opensooq-images.os-cdn.com/previews/2048x0/17/23/1723180c88253d08f7acf305c67d1350749fe1b6e4f428b2bbd33a45419d03cf.jpg,Used,Nissan,Altima,S,2020,121000,Sedan,,Gasoline,,,,,American Specs,,,,,,Al Batinah,Barka,Autos,Cars For Sale,,,,
Cadillac escalate platinum 2018,"11,800 OMR",https://om.opensooq.com/en/search/285042202,https://opensooq-images.os-cdn.com/previews/2048x0/7b/40/7b403b2cba3b9d583bfb59eb65a4e5b2fdb96fa42da3511241a03f6d5ca911d7.jpg,Used,Cadillac,Escalade,Platinum,2018,120000,SUV,,Gasoline,,,,,American Specs,,,,,,Muscat,Al-Hail,Autos,Cars For Sale,,,,
Mitsubishi L200 double cabin 2021,"4,600 OMR",https://om.opensooq.com/en/search/285042086,https://opensooq-images.os-cdn.com/previews/2048x0/32/29/3229f20d21dc8b2bcd0d155a860160bab8e3c9e0069fd13986c2d6dba550d621.jpg,Used,Mitsubishi,L200,Double Cab GLX,2021,170000,PickUp,,Gasoline,,,,,GCC Specs,,,,,,Muscat,Al-Hail,Autos,Cars For Sale,,,,
AUDI A6 55 3.0 2019 OMAN SPECS,"9,500 OMR",https://om.opensooq.com/en/search/285042022,https://opensooq-images.os-cdn.com/previews/2048x0/14/ba/14baf36fcf32e573ddfc02b2044459aea5151cb0dc9555440ae611c3f36a4889.jpg,Used,Audi,A6,Sedan,2019,178000,Sedan,,Gasoline,,,,,GCC Specs,,,,,,Muscat,Al-Hail,Autos,Cars For Sale,,,,
Ford explore 2019 V6 (Oman) specs,"8,400 OMR",https://om.opensooq.com/en/search/285041990,https://opensooq-images.os-cdn.com/previews/2048x0/eb/1e/eb1e120ef721957466c3f11ba8c82c9fb5c9138723f99da01b8d798076dc1811.jpg,Used,Ford,Explorer,Limited,2019,90000,SUV,,Gasoline,,,,,GCC Specs,,,,,,Muscat,Al-Hail,Autos,Cars For Sale,,,,
سيارة ام جي GT موديل 2023  تكملة اقساط  سنتين و5 شهور ودفع للمالك 1500 فقط,"4,500 OMR",https://om.opensooq.com/en/search/285041574,https://opensooq-images.os-cdn.com/previews/2048x0/bc/fc/bcfc9cdb351d0b9f82b1101eaabb3d50fd085a2ed1105cd3b657d8a4696774f4.jpg,Used,MG,MG GT,,2023,29000,Sedan,,Gasoline,,,,,GCC Specs,,,,,,Muscat,Al Mawaleh,Autos,Cars For Sale,,,,
Nissan Tiida 2012 1.8,"1,100 OMR",https://om.opensooq.com/en/search/285041568,https://opensooq-images.os-cdn.com/previews/2048x0/e8/0f/e80fc3e99815c64b1daeb9152ad7406e9cade92bbd4e8491c3ecff08dd2c45a5.jpg,Used,Nissan,Tiida,,2012,200000,Sedan,,Diesel,,,,,GCC Specs,,,,,,Muscat,Bosher,Autos,Cars For Sale,,,,
سيارة نيسان مارجنيت مديل 2025,"5,500 OMR",https://om.opensooq.com/en/search/285041726,https://opensooq-images.os-cdn.com/previews/2048x0/19/e3/19e3c587d1d3032de8d97cca8f71d1112282f6c62fc4a4125d74f0d07a0f2fd2.jpg,New,Nissan,Magnite,Acenta,2005,660,SUV,,Gasoline,,,,,GCC Specs,,,,,,Al Dakhiliya,Nizwa,Autos,Cars For Sale,,,,
للبيع  Volkswagen CC 2015  خليجي  ألماني  فل أوبشن  بحالة استثنائية,"3,290 OMR",https://om.opensooq.com/en/search/285041044,https://opensooq-images.os-cdn.com/previews/2048x0/3a/5c/3a5cef24b1d6b9f61a7519f87463a93f882e9e8082d05bf0c117eaa925fe3782.jpg,Used,Volkswagen,Passat,CC,2015,130000,Sedan,,Gasoline,,,,,GCC Specs,,,,,,Muscat,Al Mawaleh,Autos,Cars For Sale,,,,
بيكب للبيع في نزوى,"1,400 OMR",https://om.opensooq.com/en/search/285041646,https://opensooq-images.os-cdn.com/previews/2048x0/af/bd/afbda260611d26c0b061e0c29784ef82d34ebc2564a38a12b580bd2a9be78138.jpg,Used,Chevrolet,Colorado,Standard,2007,400000,PickUp,,Gasoline,,,,,Other Specs,,,,,,Al Dakhiliya,Nizwa,Autos,Cars For Sale,,,,
Lexus GS300 2004 for sale,850 OMR,https://om.opensooq.com/en/search/284912020,https://opensooq-images.os-cdn.com/previews/2048x0/21/49/214928099ce0e3ba5dfe8276ce51e2e039bf4f5d35f0a7d38ccf4e7a8915e989.jpg,Used,Lexus,GS,GS 300,2004,300000,Sedan,,Gasoline,,,,,American Specs,,,,,,Al Batinah,Sohar,Autos,Cars For Sale,,,,
هايونداي صالون سوناتا 2018,"2,400 OMR",https://om.opensooq.com/en/search/285041324,https://opensooq-images.os-cdn.com/previews/2048x0/60/c5/60c5c252496551359b99e0c350d80b9cffbd22d9641249fab756af7b7f344c5b.jpg,Used,Hyundai,Sonata,SE,2018,140000,Sedan,,Gasoline,,,,,American Specs,,,,,,Muscat,Seeb,Autos,Cars For Sale,,,,
كرولا موديل 2022,"4,200 OMR",https://om.opensooq.com/en/search/285040792,https://opensooq-images.os-cdn.com/previews/2048x0/34/c1/34c181c5bef7b8a5c1c4e0e9f301c42987c5f6dcf49262b927ff72600030f10e.jpg,Used,Toyota,Corolla,LE,2022,690000,Sedan,,Gasoline,,,,,Japanese Specs,,,,,,Muscat,Amerat,Autos,Cars For Sale,,,,
تويوتا فورتشنر 2020 V6 خليجي وكالة عمان,"9,900 OMR",https://om.opensooq.com/en/search/285041204,https://opensooq-images.os-cdn.com/previews/2048x0/5a/76/5a76f763aa304f37fcbb545d8a85c927907ae4dde66e259d21b04fdf35952a3a.jpg,Used,Toyota,Fortuner,GXR,2020,87000,SUV,,Gasoline,,,,,GCC Specs,,,,,,Muscat,Al Khoud,Autos,Cars For Sale,,,,
هيونداي سوناتا,800 OMR,https://om.opensooq.com/en/search/285040874,https://opensooq-images.os-cdn.com/previews/2048x0/dc/29/dc2955fdb7c6f5e0802f57fb337295d95a4ac4f8cba37a9ae77e4d93a95182e6.jpg,Used,Hyundai,Sonata,Blue,2005,500000,Sedan,,Gasoline,,,,,GCC Specs,,,,,,Muscat,Seeb,Autos,Cars For Sale,,,,
مازدا بيكب,"2,500 OMR",https://om.opensooq.com/en/search/284818530,https://opensooq-images.os-cdn.com/previews/2048x0/fa/cf/facfb10e789043a1484d40a36f2a2795d73927969c13b3520a9b8c6f76fd872d.jpg,Used,Mazda,BT-50,Standard,2015,200000,PickUp,,Gasoline,,,,,GCC Specs,,,,,,Al Sharqiya,Al Kamil and Al Waafi,Autos,Cars For Sale,,,,
سوزوكي 2018 لون بني مع جنوط ومقاعد جلد موديل وارد وكالة للبيع,"2,800 OMR",https://om.opensooq.com/en/search/285040738,https://opensooq-images.os-cdn.com/previews/2048x0/65/85/6585f22bd7142c2a191e555b7725c98d8833a5484551b5dfd547c30254828928.jpg,New,Suzuki,Other,,2018,142,Sedan,,Gasoline,,,,,Dealership,,,,,,Muscat,Quriyat,Autos,Cars For Sale,,,,
تويوتا كامري للبيع 2018,"4,200 OMR",https://om.opensooq.com/en/search/285040510,https://opensooq-images.os-cdn.com/previews/2048x0/0b/ee/0beefc2a7f2643a03fe6c51081b7edaf7299260d1b3fa7a08fa25ccb715c43d1.jpg,Used,Toyota,Camry,SE,2018,222150,Sedan,,Gasoline,,,,,American Specs,,,,,,Muscat,Amerat,Autos,Cars For Sale,,,,
لكزس 570 خليجي 2016نظيف مسرفس,"16,900 OMR",https://om.opensooq.com/en/search/285040110,https://opensooq-images.os-cdn.com/previews/2048x0/9f/c5/9fc53a68a150993cd0cc6b227029688626c3807add7b9a9d1c2edf4fd4719116.jpg,Used,Lexus,LX,LX 570,2016,325000,SUV,,Gasoline,,,,,GCC Specs,,,,,,Dhofar,Salala,Autos,Cars For Sale,,,,
افالون 2012 خليجي بهوان,"1,300 OMR",https://om.opensooq.com/en/search/285040040,https://opensooq-images.os-cdn.com/previews/2048x0/c8/9f/c89fae61ec96b7f5d7dff7cc5c22362ecf5fb3b99d4f20e3cdd24b173f347a3a.jpg,Used,Toyota,Avalon,XLE,2012,160000,Sedan,,Gasoline,,,,,GCC Specs,,,,,,Muscat,Ansab,Autos,Cars For Sale,,,,
تويوتا راف فور le موديل 2020,"6,800 OMR",https://om.opensooq.com/en/search/285039998,https://opensooq-images.os-cdn.com/previews/2048x0/f2/c0/f2c050886c3b85b62c43c5ce26e27bac12698bd2bf9ec5c507cbee76bdbeae0d.jpg,Used,Toyota,RAV 4,LE,2020,86000,SUV,,Gasoline,,,,,American Specs,,,,,,Muscat,Al Maabilah,Autos,Cars For Sale,,,,
Excellent condition 2019 Toyota Yaris SE.,"3,800 OMR",https://om.opensooq.com/en/search/285034722,https://opensooq-images.os-cdn.com/previews/2048x0/6b/97/6b97b9d25b2aca14d0c332569faf1bbdf842302d27af558a76dbba048c77a569.jpg,Used,Toyota,Yaris,SE,2019,158000,Sedan,,Gasoline,,,,,GCC Specs,,,,,,Muscat,Ghala,Autos,Cars For Sale,,,,
تويوتا افلون 2019,"8,800 OMR",https://om.opensooq.com/en/search/285039884,https://opensooq-images.os-cdn.com/previews/2048x0/e5/10/e510a026dec673c8decc9ca45bfe74d9b5695e514b66dcd6cb5260b4bf32fa5d.jpg,Used,Toyota,Avalon,XLE,2019,173000,Sedan,,Gasoline,,,,,GCC Specs,,,,,,Muscat,Ghala,Autos,Cars For Sale,,,,
MG GT 2021 وكالة عُمان,"3,200 OMR",https://om.opensooq.com/en/search/285038960,https://opensooq-images.os-cdn.com/previews/2048x0/ea/cb/eacb109bf727f6fed097b65969e789c7606a144e2c5566da89d57969a183ada1.jpg,Used,MG,MG GT,,2021,100000,Sedan,,Gasoline,,,,,GCC Specs,,,,,,Muscat,Al Khoud,Autos,Cars For Sale,,,,
اسم المركبه : التيما SR الموديل : 2021 مكان التواجد : الوطيه  مطلوب : 4700,"4,700 OMR",https://om.opensooq.com/en/search/285038804,https://opensooq-images.os-cdn.com/previews/2048x0/ea/a2/eaa261be3342ac7aaf08359558745d85ddd3683c613f10ae5b52e3057ac918bd.jpg,Used,Nissan,Altima,SR,2021,115000,Sedan,,Gasoline,,,,,American Specs,,,,,,Muscat,Al-Wuttayah,Autos,Cars For Sale,,,,
كامري 2018,"3,600 OMR",https://om.opensooq.com/en/search/285038528,https://opensooq-images.os-cdn.com/previews/2048x0/0d/31/0d316758943539bb0ccab8451630b88a66db986fe1a719c5b83171f9d8a7990d.jpg,Used,Toyota,Camry,LE,2018,290000,Sedan,,Gasoline,,,,,American Specs,,,,,,Muscat,Ansab,Autos,Cars For Sale,,,,
لاند كروز 2022 توين تيربو,"25,500 OMR",https://om.opensooq.com/en/search/285038488,https://opensooq-images.os-cdn.com/previews/2048x0/af/c0/afc02a31c7fc1e120cb87d69fc9f660b256396c3024600c5619b4d5926621441.jpg,Used,Toyota,Land Cruiser,GXR,2022,69000,SUV,,Gasoline,,,,,GCC Specs,,,,,,Muscat,Al Khuwair,Autos,Cars For Sale,,,,
رنج روفر فوج,"8,000 OMR",https://om.opensooq.com/en/search/285037558,https://opensooq-images.os-cdn.com/previews/2048x0/3b/df/3bdf05bfb14f834d0911ae08ddbc9829c70d4ce0acbf0905bdd6a114777da022.jpg,Used,Land Rover,Range Rover,Vogue,2015,290000,SUV,,Gasoline,,,,,GCC Specs,,,,,,Al Batinah,Barka,Autos,Cars For Sale,,,,
جينيسس G80 نظيف جداً,"3,800 OMR",https://om.opensooq.com/en/search/285037750,https://opensooq-images.os-cdn.com/previews/2048x0/6b/29/6b29b887f24a301435c8aeba4fb5b17089fd24277fd041e9d3e2fd6f29c4340d.jpg,Used,Genesis,G80,,2016,200000,Sedan,,Gasoline,,,,,American Specs,,,,,,Al Sharqiya,Sur,Autos,Cars For Sale,,,,
للبيع طوارق2014,"1,600 OMR",https://om.opensooq.com/en/search/285038082,https://opensooq-images.os-cdn.com/previews/2048x0/4f/da/4fda5390dedc20aca8707be623a20bc466b868b064d41a8bf75a0efbde91af9b.jpg,Used,Volkswagen,Touareg,Trend 3,2014,200000,SUV,,Gasoline,,,,,GCC Specs,,,,,,Muscat,Ruwi,Autos,Cars For Sale,,,,
Lincoln continental reserve black label 2019,"7,000 OMR",https://om.opensooq.com/en/search/285037726,https://opensooq-images.os-cdn.com/previews/2048x0/1b/6d/1b6d70fbcaa74f333bb29456554d212f810404ae0078c3cecb55f53803826cdf.jpg,Used,Lincoln,Continental,Reserve,2019,135000,Sedan,,Gasoline,,,,,American Specs,,,,,,Al Batinah,Sohar,Autos,Cars For Sale,,,,
Honda Civic 2.0 2016,"3,200 OMR",https://om.opensooq.com/en/search/285037890,https://opensooq-images.os-cdn.com/previews/2048x0/13/1d/131dc9ef8169f5c3904d4e7afa68ba97089581b27ef49ac9c47bc49a77cc3a80.jpg,Used,Honda,Civic,EX,2016,200000,Sedan,,Gasoline,,,,,GCC Specs,,,,,,Muscat,Al-Wuttayah,Autos,Cars For Sale,,,,
فورد رابتور 2020,"14,600 OMR",https://om.opensooq.com/en/search/285037344,https://opensooq-images.os-cdn.com/previews/2048x0/1b/c9/1bc982fde71d05b00f751e7cfbcb8b38ce4a2a4206379e2ecb8ee980b9305823.jpg,Used,Ford,F-150,Raptor,2020,16000,PickUp,,Gasoline,,,,,American Specs,,,,,,Dhofar,Salala,Autos,Cars For Sale,,,,
وكاله عمان,"6,450 OMR",https://om.opensooq.com/en/search/285037466,https://opensooq-images.os-cdn.com/previews/2048x0/20/6f/206f49871e9633e9950aafc918e470406e3da1af43a593f13dce75706fe0fe9a.jpg,New,Toyota,Land Cruiser,VXR,2009,300,SUV,,Gasoline,,,,,GCC Specs,,,,,,Muscat,Al Khoud,Autos,Cars For Sale,,,,
طوارق 2011 فل اوبشن,"1,850 OMR",https://om.opensooq.com/en/search/285037370,https://opensooq-images.os-cdn.com/previews/2048x0/34/f1/34f1770b2cb11bfc751396471cf05b2ba0e14bbcc1cc057fa5ea77a60b011b99.jpg,Used,Volkswagen,Touareg,Highline,2011,285000,SUV,,Gasoline,,,,,GCC Specs,,,,,,Dhofar,Salala,Autos,Cars For Sale,,,,
لكزس جي اس 430,650 OMR,https://om.opensooq.com/en/search/285037192,https://opensooq-images.os-cdn.com/previews/2048x0/8e/89/8e89346c6e3e73a8007f5870b5c450a29aa7cb3b92254d03365fd1816ea5d448.jpg,Used,Lexus,GS,GS 430,2001,211240,Sedan,,Gasoline,,,,,Japanese Specs,,,,,,Al Batinah,Liwa,Autos,Cars For Sale,,,,
مازدا 2 هاتشباك,"1,500 OMR",https://om.opensooq.com/en/search/285037356,https://opensooq-images.os-cdn.com/previews/2048x0/25/40/25407a2f02d08c80c370b2c7fe308c8bdda856cc0457c8666fd5757f6a5a10da.jpg,Used,Mazda,Other,,2011,240053,HatchBack,,Gasoline,,,,,GCC Specs,,,,,,Muscat,Ruwi,Autos,Cars For Sale,,,,
نيسان فيرسا للبيع,"1,150 OMR",https://om.opensooq.com/en/search/284929474,https://opensooq-images.os-cdn.com/previews/2048x0/83/0a/830ad948f963a615ca03922f2bbd2e538722588dd374090b7a67fe4d18f1f1c6.jpg,Used,Nissan,Versa,SR,2012,139000,HatchBack,,Gasoline,,,,,American Specs,,,,,,Muscat,Ghubrah,Autos,Cars For Sale,,,,
تويوتا افالون سياره بحاله جيده لاستخدام اليومي,"1,300 OMR",https://om.opensooq.com/en/search/284989638,https://opensooq-images.os-cdn.com/previews/2048x0/c1/5c/c15c3f76e8d3e7897a1f019eb64014bfe9e30e0d1e8dcf886e956e2be3b6a984.jpg,Used,Toyota,Avalon,Limited,2005,320000,Sedan,,Gasoline,,,,,American Specs,,,,,,Al Dakhiliya,Sumail,Autos,Cars For Sale,,,,
مازدا 2 هاتشباك,"1,500 OMR",https://om.opensooq.com/en/search/285036550,https://opensooq-images.os-cdn.com/previews/2048x0/40/1b/401b70269b3b8f0c66046b161c33193fa5fa9c4944620bddad077d04cd724b5a.jpg,Used,Mazda,2,Standard,2011,240053,HatchBack,,Gasoline,,,,,GCC Specs,,,,,,Muscat,Ruwi,Autos,Cars For Sale,,,,
Toyota camry SE 2012 good condition,"2,200 OMR",https://om.opensooq.com/en/search/285036298,https://opensooq-images.os-cdn.com/previews/2048x0/d6/17/d617a756b6661684f3060a95af5678bfc49c1207274cc1e24d5b52470bab4ffe.jpg,Used,Toyota,Camry,SE,2012,123456,Sedan,,Gasoline,,,,,GCC Specs,,,,,,Buraimi,Al Buraimi,Autos,Cars For Sale,,,,
مرسيدس بنز s350 L,"2,700 OMR",https://om.opensooq.com/en/search/285036800,https://opensooq-images.os-cdn.com/previews/2048x0/f3/1f/f31f6cab5b9f9dbc425052c600d792c1e2b70ed1ce8a4e8424b52f64e9c833c4.jpg,Used,Mercedes Benz,S-Class,S 350,2010,300000,Sedan,,Gasoline,,,,,GCC Specs,,,,,,Al Dakhiliya,Bahla,Autos,Cars For Sale,,,,
تويوتا ياريس للبيع موديل 2019 ، أستخدام شخصي ، ممتازة جاهزة للاستخدام,"3,300 OMR",https://om.opensooq.com/en/search/285036680,https://opensooq-images.os-cdn.com/previews/2048x0/6e/6a/6e6ac55420213a8250273c6144fb994a94cf00bdfaa41484a067338be0adc129.jpg,Used,Toyota,Yaris,IA,2019,119000,Sedan,,Gasoline,,,,,American Specs,,,,,,Muscat,Qurm,Autos,Cars For Sale,,,,
نيسان التيما 2008,"790,000 OMR",https://om.opensooq.com/en/search/285036282,https://opensooq-images.os-cdn.com/previews/2048x0/25/62/256280ac9ff62f906794770cf2634e3049cf3b620698029674ba1070d333b936.jpg,Used,Nissan,Altima,SL,2008,390000,Sedan,,Gasoline,,,,,Other Specs,,,,,,Al Dakhiliya,Hamra,Autos,Cars For Sale,,,,
مازدا 3 موديل 2015 نظيفه بدون حوادث  تأمين وتسجيل سنه كامله,"1,950 OMR",https://om.opensooq.com/en/search/285035966,https://opensooq-images.os-cdn.com/previews/2048x0/30/08/30085fff3d60ff5c55136575f7f2554dfff998e72e8e9082fd99111bce92fe51.jpg,Used,Mazda,3,Standard,2015,240000,Sedan,,Gasoline,,,,,GCC Specs,,,,,,Muscat,Al Khoud,Autos,Cars For Sale,,,,
"2012 Hyundai Accent Sedan - White, Gasoline, Excellent Used Condition with Full Equipment","1,500 OMR",https://om.opensooq.com/en/search/285035554,https://opensooq-images.os-cdn.com/previews/2048x0/e9/24/e9246e46633ffa09d07a013bdebb66c76abaf6eb3dd90871afdba562ac7e7d1d.jpg,Used,Hyundai,Accent,Standard,2012,479454,Sedan,,Gasoline,,,,,American Specs,,,,,,Muscat,Al Khoud,Autos,Cars For Sale,,,,
"Jeep Grand cherokee, all service under jeep showroom, no accidents, single oner used, personal car","4,900 OMR",https://om.opensooq.com/en/search/284986930,https://opensooq-images.os-cdn.com/previews/2048x0/1f/48/1f48ca9003cb091d6b732cc734253515fce1a2928514a94936a225fcbf95ced5.jpg,Used,Jeep,Grand Cherokee,Laredo X,2018,240000,SUV,,Gasoline,,,,,GCC Specs,,,,,,Muscat,Wadi Al Kabir,Autos,Cars For Sale,,,,
تيسلا Y موديل 2024 جديدة بممشى بسيط 9 الاف فقط ، السيارة وكالة وبحالة ممتازة,"8,900 OMR",https://om.opensooq.com/en/search/285035654,https://opensooq-images.os-cdn.com/previews/2048x0/e3/70/e370e71eb547505ee5f6eb49f538da2dc7bdf35b6f7897e7b53fcec784ac832d.jpg,Used,Tesla,Model Y,Standard Range,2024,11000,SUV,,Electric,,,,,American Specs,,,,,,Muscat,Qurm,Autos,Cars For Sale,,,,
نيسان اكستيرا 2012,"2,100 OMR",https://om.opensooq.com/en/search/285035534,https://opensooq-images.os-cdn.com/previews/2048x0/b7/1c/b71cb64d2ee3fa8d3bfd99e30cdd162dfe99107dcd45d52143bf29373a733807.jpg,Used,Nissan,X-Terra,SE,2012,2800,SUV,,Gasoline,,,,,American Specs,,,,,,Al Dakhiliya,Nizwa,Autos,Cars For Sale,,,,
Hyundai Santafe Limited 2014,"2,100 OMR",https://om.opensooq.com/en/search/284932340,https://opensooq-images.os-cdn.com/previews/2048x0/c9/7a/c97abe4b7315b28d4648a955c4433ab51121c9f4755681d6819d1acb43ff3bd2.jpg,Used,Hyundai,Santa Fe,Limited,2014,273000,SUV,,Gasoline,,,,,GCC Specs,,,,,,Dhofar,Salala,Autos,Cars For Sale,,,,
Toyota Camry new import,"5,500 OMR",https://om.opensooq.com/en/search/285035496,https://opensooq-images.os-cdn.com/previews/2048x0/1f/1a/1f1a31cffd6116a2e060b877ea6c68d15aca6f840638b10df49706b2c44a8fec.jpg,Used,Toyota,Camry,LE,2018,54000,Sedan,,Gasoline,,,,,Japanese Specs,,,,,,Muscat,Amerat,Autos,Cars For Sale,,,,
لكزس IS 350 2025 عربية مستعملة مرخصة بنظام مواصفات أمريكية فخمة,"12,900 OMR",https://om.opensooq.com/en/search/285035436,https://opensooq-images.os-cdn.com/previews/2048x0/bf/c3/bfc3ed761a0dacc65ad7845aa23842e05a95ecb284420830c929de8115f2a9b2.jpg,Used,Lexus,IS,IS 350,2025,5000,Sedan,,Gasoline,,,,,American Specs,,,,,,Al Batinah,Suwaiq,Autos,Cars For Sale,,,,
هوندا اكورد 2024 EX-L صالون/سيدان بنزين مرخصة وأمريكية اللون أزرق مع تجهيزات حديثة,"7,300 OMR",https://om.opensooq.com/en/search/285035380,https://opensooq-images.os-cdn.com/previews/2048x0/37/fc/37fcb152ab7e7b67b7f756c6e642f0cef4297c65c0a021982d1018ac7191e1cf.jpg,Used,Honda,Accord,EX-L,2024,25000,Sedan,,Gasoline,,,,,American Specs,,,,,,Al Batinah,Suwaiq,Autos,Cars For Sale,,,,
لكزس is350 للبيع موتر جديد,"10,700 OMR",https://om.opensooq.com/en/search/285035306,https://opensooq-images.os-cdn.com/previews/2048x0/75/81/75812defe7778e835f8cf8f3dc06ebf740b8e65489740193da7b588b7d34b25a.jpg,Used,Lexus,IS,IS 350,2022,25000,Sedan,,Gasoline,,,,,American Specs,,,,,,Al Batinah,Suwaiq,Autos,Cars For Sale,,,,
مازدا 2 صالون لون ازرق موديل 2016 للبيع,"1,300 OMR",https://om.opensooq.com/en/search/285034294,https://opensooq-images.os-cdn.com/previews/2048x0/52/65/5265c4601d4f44ecadaa6dc52d9ba73c92820d12d986e2b547839c63e6b586bc.jpg,Used,Mazda,2,Standard,2016,150000,Sedan,,Gasoline,,,,,GCC Specs,,,,,,Muscat,Wadi Al Kabir,Autos,Cars For Sale,,,,
نيسان تيدا نضيففف جدا,"1,000 OMR",https://om.opensooq.com/en/search/285033062,https://opensooq-images.os-cdn.com/previews/2048x0/e2/00/e2002dc7cdf3cb6d8bddfb98900d99353eb22d1ee36cb02d5279d62501116ae3.jpg,Used,Nissan,Tiida,,2011,274000,Sedan,,Gasoline,,,,,GCC Specs,,,,,,Buraimi,Al Buraimi,Autos,Cars For Sale,,,,
للبيع لاندكروزر 2011 بيعه سريعه,"5,500 OMR",https://om.opensooq.com/en/search/285032826,https://opensooq-images.os-cdn.com/previews/2048x0/e5/d6/e5d6bc338321c92caa0f1ca0cce40dc02029d80614767409592ca808a5d9e901.jpg,Used,Toyota,Land Cruiser,GXR,2011,500000,SUV,,Gasoline,,,,,GCC Specs,,,,,,Al Batinah,Saham,Autos,Cars For Sale,,,,
نيسان مورانو 2006 بحالة ممتازة,850 OMR,https://om.opensooq.com/en/search/285033036,https://opensooq-images.os-cdn.com/previews/2048x0/30/1a/301ae703b818cec77091b550fd13e9e417e2192c27a19ef9047ad93d8c1f5a90.jpg,Used,Nissan,Murano,SV,2006,250000,SUV,,Gasoline,,,,,GCC Specs,,,,,,Muscat,Amerat,Autos,Cars For Sale,,,,
فورد F150 ECO BOOST موديل 2019,"6,300 OMR",https://om.opensooq.com/en/search/285033030,https://opensooq-images.os-cdn.com/previews/2048x0/ca/60/ca60df692c3c7ace8327f20eb35ca109a2254ae69331fb6dba881807e6c793b7.jpg,Used,Ford,F-150,XLT,2019,217000,PickUp,,Gasoline,,,,,American Specs,,,,,,Muscat,Al Maabilah,Autos,Cars For Sale,,,,
مازده 6خليجي وكالة عمان,"1,050 OMR",https://om.opensooq.com/en/search/284861042,https://opensooq-images.os-cdn.com/previews/2048x0/ea/2d/ea2da0dd5a3b94c918b13113f9b0530f43a4102d425ae52c291bab43334f5432.jpg,Used,Mazda,6,Core,2011,301388,Sedan,,Gasoline,,,,,GCC Specs,,,,,,Muscat,Al Maabilah,Autos,Cars For Sale,,,,
فورد F150 SXL موديل 2019,"6,300 OMR",https://om.opensooq.com/en/search/285032660,https://opensooq-images.os-cdn.com/previews/2048x0/ca/60/ca60df692c3c7ace8327f20eb35ca109a2254ae69331fb6dba881807e6c793b7.jpg,Used,Ford,F-150,XLT,2019,217000,PickUp,,Gasoline,,,,,American Specs,,,,,,Muscat,Al Maabilah,Autos,Cars For Sale,,,,
Ls460 2007,"1,200 OMR",https://om.opensooq.com/en/search/285031404,https://opensooq-images.os-cdn.com/previews/2048x0/98/f6/98f6773dda9f00b53064a21b77e192423150f607b7763271b4bd78f9e9e504a5.jpg,Used,Lexus,LS,LS 460,2027,500000,Sedan,,Gasoline,,,,,American Specs,,,,,,Al Wustaa,Al Duqum,Autos,Cars For Sale,,,,
Chevrolet Corvette 2019,"14,300 OMR",https://om.opensooq.com/en/search/285032600,https://opensooq-images.os-cdn.com/previews/2048x0/ca/d7/cad73972f12cb55513511930b582565b0f1c14f2fa6497643fe565c2f72ff583.jpg,Used,Chevrolet,Corvette,C7,2019,86000,Coupe,,Gasoline,,,,,American Specs,,,,,,Muscat,Al Maabilah,Autos,Cars For Sale,,,,
للبيع نيسان ماكسيما موديل 2017 2950 ريال قابل للتفاوض,"2,900 OMR",https://om.opensooq.com/en/search/284987032,https://opensooq-images.os-cdn.com/previews/2048x0/10/64/10647cd69d3148d27eba39b6307801ae475160f9da2067746fa20602de385511.jpg,Used,Nissan,Maxima,SR1,2017,266000,Sedan,,Gasoline,,,,,GCC Specs,,,,,,Muscat,Seeb,Autos,Cars For Sale,,,,
Honda civic 2016,"3,300 OMR",https://om.opensooq.com/en/search/285032248,https://opensooq-images.os-cdn.com/previews/2048x0/53/2a/532a444b26c110de4caa4b2bbb06e6fef031415f84e0d62a28bad260ffa0298e.jpg,Used,Honda,Civic,EXi,2016,230000,Coupe,,Gasoline,,,,,GCC Specs,,,,,,Al Batinah,Al Masnaah,Autos,Cars For Sale,,,,
أفلون تويوتا للبيع او للبدل بكامري,700 OMR,https://om.opensooq.com/en/search/284817250,https://opensooq-images.os-cdn.com/previews/2048x0/ce/34/ce345814d2a915927bf277ea30f236d9e78cb40704b4846334f58c44ba7bdc73.jpg,Used,Toyota,Avalon,Base,2000,200000,Sedan,,Gasoline,,,,,Japanese Specs,,,,,,Al Batinah,Suwaiq,Autos,Cars For Sale,,,,
موستينج جيً تي موديل 2017 نظيف جدا,"5,300 OMR",https://om.opensooq.com/en/search/285029790,https://opensooq-images.os-cdn.com/previews/2048x0/aa/43/aa43e54f5bbc0e83db9caa9e9051e252c040ada375d0583866ed9d61f1eb3aa3.jpg,Used,Ford,Mustang,GT,2017,224817,Coupe,,Gasoline,,,,,American Specs,,,,,,Muscat,Seeb,Autos,Cars For Sale,,,,
يارس موديل2020,"3,800 OMR",https://om.opensooq.com/en/search/284933242,https://opensooq-images.os-cdn.com/previews/2048x0/5e/69/5e69921bf84a210a5504ffb2d4a93af3c2a59783ba3ad858a8ec8a7573952a89.jpg,Used,Toyota,Yaris,SE,2020,100000,Sedan,,Gasoline,,,,,GCC Specs,,,,,,Muscat,Al Maabilah,Autos,Cars For Sale,,,,
كامري 2015 بيعه مستعجله,"3,000 OMR",https://om.opensooq.com/en/search/285031606,https://opensooq-images.os-cdn.com/previews/2048x0/4e/e8/4ee8499b6858b29ba1cac17abc80643fb8bf8b468ebfacd5ae4a210f44cc435e.jpg,Used,Toyota,Camry,LE,2015,222818,Sedan,,Gasoline,,,,,American Specs,,,,,,Al Sharqiya,Al Mudaibi,Autos,Cars For Sale,,,,
تيوتا رافور 2015 المستخدم الأول بدون حوادث صبغ الوكاله بهوان,"4,200 OMR",https://om.opensooq.com/en/search/285031336,https://opensooq-images.os-cdn.com/previews/2048x0/71/91/7191e6cc7e148c7bf183609c578df29d43ef3f94bae5058f21d946b90ea45344.jpg,Used,Toyota,RAV 4,LE,2015,2750,Sedan,,Gasoline,,,,,GCC Specs,,,,,,Muscat,Seeb,Autos,Cars For Sale,,,,
للبيع او البدل مستعجل فورد تورس 2017,"2,100 OMR",https://om.opensooq.com/en/search/285031766,https://opensooq-images.os-cdn.com/previews/2048x0/73/97/73979f3f5183111c7e64f67daa1b850611d282409c0970baae2db9b57ed8eebe.jpg,Used,Ford,Taurus,Standard,2017,290000,Sedan,,Gasoline,,,,,GCC Specs,,,,,,Al Batinah,Al Masnaah,Autos,Cars For Sale,,,,
Jeep rubecun,"5,700 OMR",https://om.opensooq.com/en/search/285031450,https://opensooq-images.os-cdn.com/previews/2048x0/0e/56/0e5657f9b93dfcf20f3a4322a84849f6e8ed2b7eeb8a4ac06cfb64ff5bdbeed2.jpg,Used,Jeep,Wrangler,Rubicon,2015,190555,SUV,,Gasoline,,,,,American Specs,,,,,,Muscat,Amerat,Autos,Cars For Sale,,,,
تويوتا كامري 2016 للبيع,"3,200 OMR",https://om.opensooq.com/en/search/285031492,https://opensooq-images.os-cdn.com/previews/2048x0/49/a2/49a2a02c3e69a4bff2db5ccd804bda2bd8e74124e1594095e9fa45433356e045.jpg,Used,Toyota,Camry,SE,2016,363000,Sedan,,Gasoline,,,,,Japanese Specs,,,,,,Al Batinah,Sohar,Autos,Cars For Sale,,,,
لكزس es350 وكالة عمان 2014 للبيع او البدل بسياره كهربائيه,"4,250 OMR",https://om.opensooq.com/en/search/285007076,https://opensooq-images.os-cdn.com/previews/2048x0/e7/f3/e7f36e288fba111cdf4995fa1e89b407dcc99b42c92757f3f5b45cac0c90eb93.jpg,Used,Lexus,ES,ES 350,2014,480000,Sedan,,Gasoline,,,,,GCC Specs,,,,,,Al Batinah,Al Masnaah,Autos,Cars For Sale,,,,
للبيع ايكو 2004,"1,000 OMR",https://om.opensooq.com/en/search/285030772,https://opensooq-images.os-cdn.com/previews/2048x0/97/8a/978af822b40ad62a5620d31cb166f30be180541b2d4af32b591ed4bc60036484.jpg,Used,Toyota,Echo,Base,2004,2000,Sedan,,Gasoline,,,,,GCC Specs,,,,,,Al Batinah,Barka,Autos,Cars For Sale,,,,
CADENZA GCC,"1,000 OMR",https://om.opensooq.com/en/search/285030770,https://opensooq-images.os-cdn.com/previews/2048x0/0b/e1/0be155526d93a9ec87ad54dacf3c3cb27dcfcff617e6ea007017c47477b2a6c6.jpg,Used,Kia,Cadenza,Limited,2011,200000,Sedan,,Gasoline,,,,,GCC Specs,,,,,,Muscat,Al Maabilah,Autos,Cars For Sale,,,,
جينيسس G70 موديل 2023 ، 3.3 توين تيربو V6 أعلى فئة كامل المواصفات,"10,300 OMR",https://om.opensooq.com/en/search/285030582,https://opensooq-images.os-cdn.com/previews/2048x0/b3/49/b3494722e21b1a95f7d2caf88071e8898a324d01b859c956343c0a0a67ba0ab2.jpg,Used,Genesis,G70,,2023,67500,Sedan,,Gasoline,,,,,American Specs,,,,,,Al Dakhiliya,Nizwa,Autos,Cars For Sale,,,,
نيسان فيرسا2012 للبيع,"1,600 OMR",https://om.opensooq.com/en/search/285030610,https://opensooq-images.os-cdn.com/previews/2048x0/a0/3b/a03bf8e818fe220a4af112035f245edda8fae0a7e7a17c1bc34cfaafdc60ed9c.jpg,Used,Nissan,Versa,SV,2012,190685,Sedan,,Gasoline,,,,,Japanese Specs,,,,,,Muscat,Al Maabilah,Autos,Cars For Sale,,,,
hyundai tucson,"4,000 OMR",https://om.opensooq.com/en/search/285027566,https://opensooq-images.os-cdn.com/previews/2048x0/f1/43/f1433dd64dbe2093d690adebebfb86845dcd3a6d09b5b3b8ce3ddea88c33223a.jpg,Used,Hyundai,Tucson,GLS Plus,2018,200000,SUV,,Diesel,,,,,GCC Specs,,,,,,Muscat,Al Mawaleh,Autos,Cars For Sale,,,,
نيسان ميكرا لللبيع,"1,600 OMR",https://om.opensooq.com/en/search/285030224,https://opensooq-images.os-cdn.com/previews/2048x0/3f/f2/3ff2539910534a121ead00aee2c47df1484d1cdc4bfa1850dc0e65369d14ca7d.jpg,Used,Nissan,Micra,S,2016,275000,HatchBack,,Gasoline,,,,,Other Specs,,,,,,Al Batinah,Sohar,Autos,Cars For Sale,,,,
سزوكي جراند فيتارا2013,"2,000 OMR",https://om.opensooq.com/en/search/285029706,https://opensooq-images.os-cdn.com/previews/2048x0/20/ca/20ca89976cef7eaaee14e5fc4b7ee83f061099bda35ef33483beafb574da59c3.jpg,Used,Suzuki,Grand Vitara,DLX,2013,300000,SUV,,Gasoline,,,,,GCC Specs,,,,,,Muscat,Amerat,Autos,Cars For Sale,,,,
هوندا أكورد للبيع,"3,700 OMR",https://om.opensooq.com/en/search/285029804,https://opensooq-images.os-cdn.com/previews/2048x0/04/78/047847ef672f5072f536942d7e5dda54b6991506142981faf2d0a0c7f7834bd3.jpg,Used,Honda,Accord,EX-L,2017,105000,Sedan,,Gasoline,,,,,American Specs,,,,,,Al Sharqiya,Sur,Autos,Cars For Sale,,,,
لكسز اي اس 350,"4,300 OMR",https://om.opensooq.com/en/search/285029856,https://opensooq-images.os-cdn.com/previews/2048x0/cf/ab/cfab39ed375f86152ede17e7be37b8737e4a19210f5a5f7474a1780444b1d2a1.jpg,Used,Lexus,ES,ES 350,2014,290000,Sedan,,Gasoline,,,,,American Specs,,,,,,Al Batinah,Al Khaboura,Autos,Cars For Sale,,,,
التيما Sr 2023,"4,700 OMR",https://om.opensooq.com/en/search/285029662,https://opensooq-images.os-cdn.com/previews/2048x0/3b/d0/3bd0a1a0aaf8bc19498ca3e3fa2ddbee560c1c9d2dbf65ebe908d24e1f5219ff.jpg,Used,Nissan,Altima,SR,2023,90000,Sedan,,Gasoline,,,,,American Specs,,,,,,Muscat,Al Maabilah,Autos,Cars For Sale,,,,
تويوتا راف فور 2015 للبيع 4 مقاعد لون داخلي بيج مع أسود كراسي مخمل لون الخارجي لؤلؤي,"4,700 OMR",https://om.opensooq.com/en/search/285029660,https://opensooq-images.os-cdn.com/previews/2048x0/ff/f8/fff8db3e38f0884a6afa1caa3eadf1b65dae2ad243caa0efd3d52872fdb01dca.jpg,Used,Toyota,RAV 4,GX,2015,285983,SUV,,Gasoline,,,,,GCC Specs,,,,,,Muscat,Ansab,Autos,Cars For Sale,,,,
أف جي 2008جير تماتيك,"2,500 OMR",https://om.opensooq.com/en/search/285028800,https://opensooq-images.os-cdn.com/previews/2048x0/08/bb/08bb0b843f1ba068f9f989ca52cb3824920345327b9c0ef6fd475178bb94463d.jpg,Used,Toyota,FJ,GXR,2008,400000,SUV,,Gasoline,,,,,GCC Specs,,,,,,Al Sharqiya,Ja'alan Bani Bu Ali,Autos,Cars For Sale,,,,
sianna 2007 for sale,"1,850 OMR",https://om.opensooq.com/en/search/285028726,https://opensooq-images.os-cdn.com/previews/2048x0/8e/00/8e00d61db89913183f8dfdee90b2f6b107535cb8516742b0212802adc851eabe.jpg,Used,Toyota,Sienna,XLE,2007,300000,,,Gasoline,,,,,American Specs,,,,,,Al Batinah,Sohar,Autos,Cars For Sale,,,,
راف 4 للبيع مواصفات خليجية وكالة عمان,"4,700 OMR",https://om.opensooq.com/en/search/285028830,https://opensooq-images.os-cdn.com/previews/2048x0/ff/f8/fff8db3e38f0884a6afa1caa3eadf1b65dae2ad243caa0efd3d52872fdb01dca.jpg,Used,Toyota,RAV 4,GXR,2015,285979,SUV,,Gasoline,,,,,GCC Specs,,,,,,Muscat,Ansab,Autos,Cars For Sale,,,,
تويوتا آفالون ليميتد رقم 1 خليجية وكالة بهوان سيرفس الوكالة 2019,"12,500 OMR",https://om.opensooq.com/en/search/285029148,https://opensooq-images.os-cdn.com/previews/2048x0/05/52/0552efe0484add589927d19925eb8d65a8dc589ed0dea4dae8ba3568dbb724b0.jpg,Used,Toyota,Avalon,Limited,2020,38000,Sedan,,Gasoline,,,,,GCC Specs,,,,,,Muscat,Ghubrah,Autos,Cars For Sale,,,,
تويوتا آفالون ليميتد رقم 1 خليجية وكالة بهوان 2021,"13,600 OMR",https://om.opensooq.com/en/search/285029096,https://opensooq-images.os-cdn.com/previews/2048x0/c0/7e/c07e912577682f281e2a729a8eabee90908dc826f68b7e22eb1a8ce4a82414a2.jpg,Used,Toyota,Avalon,Limited,2021,114000,Sedan,,Gasoline,,,,,GCC Specs,,,,,,Muscat,Ghubrah,Autos,Cars For Sale,,,,
دودج كاليبرا,700 OMR,https://om.opensooq.com/en/search/285028844,https://opensooq-images.os-cdn.com/previews/2048x0/0c/7d/0c7d87b2e8fc8592b04c6c2a86d81c503020fe2393fbdfb2bf1f3f799a57a7d3.jpg,Used,Dodge,Caliber,SE,2008,300000,HatchBack,,Gasoline,,,,,American Specs,,,,,,Al Dakhiliya,Sumail,Autos,Cars For Sale,,,,
"GMC Terrain 2020, FULL OPTION","3,500 OMR",https://om.opensooq.com/en/search/285028630,https://opensooq-images.os-cdn.com/previews/2048x0/98/ce/98ce9f4b6568e66303434af30cc516189f58e89ef7b935b4c42e593310752e9c.jpg,Used,GMC,Terrain,Standard,2020,255000,SUV,,Gasoline,,,,,GCC Specs,,,,,,Muscat,Ghala,Autos,Cars For Sale,,,,
أودي A 8 L للبيع أو البدل بما يناسب,"3,500 OMR",https://om.opensooq.com/en/search/285028722,https://opensooq-images.os-cdn.com/previews/2048x0/15/ca/15ca9d98d05f0122faa3ababddabd959335132edd8418debab2f740189cadd22.jpg,Used,Audi,A8,A8 L,2013,280000,Sedan,,Gasoline,,,,,GCC Specs,,,,,,Al Batinah,Liwa,Autos,Cars For Sale,,,,
نيسان باثفايندر 2019 نظيفه جدا,"3,950 OMR",https://om.opensooq.com/en/search/285028500,https://opensooq-images.os-cdn.com/previews/2048x0/a0/e2/a0e2eb63e55c7504fb2b02237006795386365d2019f26966f82cdbaa08d513bf.jpg,Used,Nissan,Pathfinder,S,2019,173646,SUV,,Gasoline,,,,,American Specs,,,,,,Muscat,Al Maabilah,Autos,Cars For Sale,,,,
أزيرا 2015 Hyundai silver,"1,500 OMR",https://om.opensooq.com/en/search/285028288,https://opensooq-images.os-cdn.com/previews/2048x0/f7/76/f776bb7fd0cd93d0c9378c0dafaa6858a09cca47f785c7340c9e5d65869482e2.jpg,Used,Hyundai,Azera,GL,2015,16000,SUV,,Gasoline,,,,,American Specs,,,,,,Muscat,Al Khoud,Autos,Cars For Sale,,,,
بيع كامري 2009 خليجي,"1,600 OMR",https://om.opensooq.com/en/search/284898064,https://opensooq-images.os-cdn.com/previews/2048x0/b7/6e/b76e24fba4cdc52fe7284a61442110646b5a4593f24f59b4c022bf5462b379a8.jpg,Used,Toyota,Camry,XLE,2009,40000,Sedan,,Gasoline,,,,,GCC Specs,,,,,,Al Dhahirah,Ibri,Autos,Cars For Sale,,,,
البيع او بدل كورلا تكسي 2017,"3,600 OMR",https://om.opensooq.com/en/search/285028136,https://opensooq-images.os-cdn.com/previews/2048x0/e2/f9/e2f9b4b6609e175fd15be723be121bee8cb737be284dffebe8c764b9d8f88f9c.jpg,Used,Toyota,Corolla,LE,2017,20000,Sedan,,Gasoline,,,,,European Specs,,,,,,Al Batinah,Sohar,Autos,Cars For Sale,,,,
"شانجان UN,T رقم 1 خليجية وكالة بهوان ضمان الوكالة 2023","6,700 OMR",https://om.opensooq.com/en/search/285028186,https://opensooq-images.os-cdn.com/previews/2048x0/28/00/2800e7766a4b94c4807bdc06cd9ae922fa97343747ccfe3e7301fe78a4ade578.jpg,Used,Changan,UNI-T,,2023,48000,SUV,,Gasoline,,,,,GCC Specs,,,,,,Muscat,Ghubrah,Autos,Cars For Sale,,,,
جيب رانجلر صحارى JL اربعة ابواب خليجي وكالة عمان 2020,"12,900 OMR",https://om.opensooq.com/en/search/285028150,https://opensooq-images.os-cdn.com/previews/2048x0/f2/85/f285f566a4717915d8f401173e93db35cecc335acd040b853cb5c8bf929488f7.jpg,Used,Jeep,Wrangler,Sahara,2020,45000,SUV,,Gasoline,,,,,GCC Specs,,,,,,Muscat,Ghubrah,Autos,Cars For Sale,,,,
هايونداي جراند سنتافي V6 رقم 1 خليجي وكالة عمان 2016,"5,900 OMR",https://om.opensooq.com/en/search/285028114,https://opensooq-images.os-cdn.com/previews/2048x0/9f/c2/9fc25346996604d9af5d1c0b3cb4db596566a58f5af0c48ba146c1bed4266383.jpg,Used,Hyundai,Santa Fe,GLS,2016,149000,SUV,,Gasoline,,,,,GCC Specs,,,,,,Muscat,Ghubrah,Autos,Cars For Sale,,,,
بي واي دي تشين بلس 2025 زيرو كم,"5,200 OMR",https://om.opensooq.com/en/search/285028074,https://opensooq-images.os-cdn.com/previews/2048x0/54/73/54731c7b031c710b8e16e2e10155e771fd191f5bb8560ade00c0ed64bde41eba.jpg,New,BYD,Qin Plus,,2025,0,Sedan,,Plug-in - Hybrid,,,,,Chinese Specs,,,,,,Muscat,Al-Hail,Autos,Cars For Sale,,,,
رنج روفر فوج V6 سوبر تشارج خليجي سيرفس الوكالة 2018,"16,900 OMR",https://om.opensooq.com/en/search/285028068,https://opensooq-images.os-cdn.com/previews/2048x0/2d/03/2d03819ecb96cc34bc65ba50e21f46af408a7bec8fdcfa83b3f1e5690c41ca7f.jpg,Used,Land Rover,Range Rover,HSE,2018,87000,SUV,,Gasoline,,,,,GCC Specs,,,,,,Muscat,Ghubrah,Autos,Cars For Sale,,,,
شيفروليه سوبربان  LTZ رقم 1 خليجي 2015,"8,900 OMR",https://om.opensooq.com/en/search/285028040,https://opensooq-images.os-cdn.com/previews/2048x0/f9/d0/f9d0c5fff4f146e21562b8367e0065c6ad1086e3537cfa94be1cccd6b5bfd83a.jpg,Used,Chevrolet,Tahoe,LTZ,2015,112000,SUV,,Gasoline,,,,,GCC Specs,,,,,,Muscat,Ghubrah,Autos,Cars For Sale,,,,
جيب رانجلر سبورت JL اربعة ابواب خليجي وكالة عمان 2020,"11,900 OMR",https://om.opensooq.com/en/search/285028004,https://opensooq-images.os-cdn.com/previews/2048x0/71/e9/71e9042f79ec48a7ec88eb81c121e32093cc13cc4037ba75aa1e28058a64cc90.jpg,Used,Jeep,Wrangler,Sport,2020,83000,SUV,,Gasoline,,,,,GCC Specs,,,,,,Muscat,Ghubrah,Autos,Cars For Sale,,,,
بي ام دبليو اكس 5 موديل 2015,"5,500 OMR",https://om.opensooq.com/en/search/285027710,https://opensooq-images.os-cdn.com/previews/2048x0/83/09/8309c673a3ca1a258eefc1b9c08ac18eb3426feb21f048b97ffcb250c89857b8.jpg,Used,BMW,X5 Series,Standard,2015,233000,SUV,,Mild Hybrid,,,,,GCC Specs,,,,,,Muscat,Madinat As Sultan Qaboos,Autos,Cars For Sale,,,,
مرسيدس  AMG G500 كت 63 اصلي خليجي 2022,"49,900 OMR",https://om.opensooq.com/en/search/285027890,https://opensooq-images.os-cdn.com/previews/2048x0/be/dd/bedd7367bc9fd1d7086a9040f8bea04411b0aea33b5574be468ba3c037f7508f.jpg,Used,Mercedes Benz,G-Class,G 500,2022,96000,SUV,,Gasoline,,,,,GCC Specs,,,,,,Muscat,Ghubrah,Autos,Cars For Sale,,,,
كرفان جايكو 2022 بحالة ممتازة مناسب لمشروع تأجير,"10,000 OMR",https://om.opensooq.com/en/search/285027556,https://opensooq-images.os-cdn.com/previews/2048x0/5c/1f/5c1f7486ca5add639c18aeca1ec0b4d1b3c2b8ae3d555fec72bbcee80580ec4b.jpg,Used,Other,Other,,2022,10000,,,Electric,,,,,American Specs,,,,,,Muscat,Al Maabilah,Autos,Cars For Sale,,,,
جيب رانجلر S سبورت موديل 2020 وارد أمريكي السيارة بحالة الوكالة لاتفوت الفرصه وبادر با الحجز........,"8,500 OMR",https://om.opensooq.com/en/search/285027206,https://opensooq-images.os-cdn.com/previews/2048x0/80/1c/801c66eaaffd884da4ad1a9cbf27b4371396deea411698be0f0e5337f56556a3.jpg,Used,Jeep,Wrangler,Sport S,2020,89000,SUV,,Gasoline,,,,,American Specs,,,,,,Muscat,Al-Hail,Autos,Cars For Sale,,,,
شيفروليه بيكاب 1500 LT موديل 2020 وارد أمريكي بحادث جداً بسيط وممشى قليل لاتفوت الفرصه وبادر........,"8,500 OMR",https://om.opensooq.com/en/search/285027188,https://opensooq-images.os-cdn.com/previews/2048x0/5d/a5/5da567b8f5b062b94a2eb431e61b410a6d39185b9ee6f1957cbe21778cc4d4b9.jpg,Used,Chevrolet,Silverado,"1,500 LT",2020,113000,PickUp,,Gasoline,,,,,American Specs,,,,,,Muscat,Al-Hail,Autos,Cars For Sale,,,,
نیسان التیما فئه SV موديل 2023 وارد أمريكي ممشی قلیل حادث بسيط لاتفوت الفرصه و بادر بالحجز .........,"5,900 OMR",https://om.opensooq.com/en/search/285027094,https://opensooq-images.os-cdn.com/previews/2048x0/c7/4c/c74cadd5b6034d4bcdae4b0a42b5eb437fa13017a42ec80d3d11f32d1ac4c354.jpg,Used,Nissan,Altima,SV,2023,21000,Sedan,,Gasoline,,,,,American Specs,,,,,,Muscat,Al-Hail,Autos,Cars For Sale,,,,
نيسان التيما فئه SR موديل 2019 وارد أمريكي بحادث جداً بسيط وممشى قليل لاتفوت الفرصه وبادر با الحجز..,"3,850 OMR",https://om.opensooq.com/en/search/285027064,https://opensooq-images.os-cdn.com/previews/2048x0/99/b7/99b75cd94feccb1c5e41b531bdaa583fe1a68daca892b80adb054c3656cbf637.jpg,Used,Nissan,Altima,SR,2019,151000,Sedan,,Gasoline,,,,,American Specs,,,,,,Muscat,Al-Hail,Autos,Cars For Sale,,,,
نیسان ارماد فئه PLATINUM مودیل 2018 وارد أمريكي ممشی قلیل حادث بسيط لاتفوت الفرصه و بادر بالحجز ....,"8,600 OMR",https://om.opensooq.com/en/search/285027016,https://opensooq-images.os-cdn.com/previews/2048x0/cc/d1/ccd1f602a066103e0be126d82d2e91640d3346e13d51d88965a4b381410cce81.jpg,Used,Nissan,Armada,Platinum,2018,129000,SUV,,Gasoline,,,,,American Specs,,,,,,Muscat,Al-Hail,Autos,Cars For Sale,,,,
للبيع سنترا موديل 2013 خليجي وكاله عمان مطلوب 1200 قابل للتفاوض,"1,200 OMR",https://om.opensooq.com/en/search/285026926,https://opensooq-images.os-cdn.com/previews/2048x0/97/0e/970e62ecb375516afe1482986b8e5e4bc85b22326fc021fedd7ed81f0cded4bd.jpg,Used,Nissan,Sentra,GXE,2013,3300,Sedan,,Gasoline,,,,,GCC Specs,,,,,,Al Batinah,Suwaiq,Autos,Cars For Sale,,,,
أم جي RX8 موديل 2021 خليجي السياره بحاله الوكاله لاتفوت الفرصه وبادر با الحجز.......................,"4,700 OMR",https://om.opensooq.com/en/search/285026990,https://opensooq-images.os-cdn.com/previews/2048x0/20/94/2094a2bed9548d35ff7c729e3858ccc8b752b7d9b0ff9e1e0413c748364e0606.jpg,Used,MG,MG RX8,,2021,217000,SUV,,Gasoline,,,,,GCC Specs,,,,,,Muscat,Al-Hail,Autos,Cars For Sale,,,,
BMW 530 2013 for sale للبيع بي ام دبليو 530 موديل 2013,"3,700 OMR",https://om.opensooq.com/en/search/285013732,https://opensooq-images.os-cdn.com/previews/2048x0/93/6a/936aeca26771b5e4323627adc091ce92dfaf447a9f1d67a86729d9366696186b.jpg,Used,BMW,5 Series,530,2013,209000,Sedan,,Gasoline,,,,,GCC Specs,,,,,,Muscat,Bosher,Autos,Cars For Sale,,,,
مرسیدس بنز فئه C300 موديل 2017 وارد أمريكي ممشی قلیل حادث بسيط لاتفوت الفرصه و بادر بالحجز .........,"6,600 OMR",https://om.opensooq.com/en/search/285026966,https://opensooq-images.os-cdn.com/previews/2048x0/a2/0d/a20d8cc818c59f23d0e0af32c015f050345166252bc6487e5696449c7cc645c8.jpg,Used,Mercedes Benz,E-Class,E 300,2017,160000,Sedan,,Gasoline,,,,,American Specs,,,,,,Muscat,Al-Hail,Autos,Cars For Sale,,,,
نيسان ستيشن واجن روج  موديل 2022 السياره وارد أمريكا بحادث جدا بسيط.....................,"5,700 OMR",https://om.opensooq.com/en/search/285026904,https://opensooq-images.os-cdn.com/previews/2048x0/a5/1b/a51b5157ee201b2952db3da984477bcdf71f78c26bde2cdb49e9ae3f46489102.jpg,Used,Nissan,Rogue,SV,2022,71894,SUV,,Gasoline,,,,,American Specs,,,,,,Muscat,Al-Hail,Autos,Cars For Sale,,,,
Nissan Altima SV Low mileage,"4,900 OMR",https://om.opensooq.com/en/search/285026870,https://opensooq-images.os-cdn.com/previews/2048x0/a5/0f/a50f18064b6082c0d027aa2fa82a18c00130849df379c7f906d3b9f7be30848a.jpg,Used,Nissan,Altima,SV,2024,53000,Sedan,,Gasoline,,,,,American Specs,,,,,,Muscat,Al Mouj,Autos,Cars For Sale,,,,
urgent sale prado model 2018,"11,000 OMR",https://om.opensooq.com/en/search/285026814,https://opensooq-images.os-cdn.com/previews/2048x0/9f/94/9f94d9ce9dc92e28072589f80457956cf78e93401fa6bee32abe5a94cfa04a10.jpg,Used,Toyota,Prado,TXL,2018,220000,SUV,,Gasoline,,,,,GCC Specs,,,,,,Muscat,Al Khoud,Autos,Cars For Sale,,,,
هوندا اكورد محرك 1.5 توربو  SPORT رقم 1  خليجي عمان 2021,"7,700 OMR",https://om.opensooq.com/en/search/285026574,https://opensooq-images.os-cdn.com/previews/2048x0/c1/a1/c1a15637276aa3785a68d937709aec1e29ddea7dfeaef16f609275f5a707d6db.jpg,Used,Honda,Accord,Sport,2021,77000,SUV,,Gasoline,,,,,GCC Specs,,,,,,Muscat,Ghubrah,Autos,Cars For Sale,,,,
لكزس ES350  خليجية سيرفس و ضمان الوكالة 2022,"16,700 OMR",https://om.opensooq.com/en/search/285026524,https://opensooq-images.os-cdn.com/previews/2048x0/b4/6c/b46c0324bf70045a2b1abd553887ac3ab5eda433c67c7f1f199c8ccaafdc5d1a.jpg,Used,Lexus,ES,ES 350,2022,41000,Sedan,,Gasoline,,,,,GCC Specs,,,,,,Muscat,Al Khuwair,Autos,Cars For Sale,,,,
تويوتا برادو V6 	رقم 1 خليجي 2020,"14,500 OMR",https://om.opensooq.com/en/search/285026482,https://opensooq-images.os-cdn.com/previews/2048x0/0d/d4/0dd4cde75b693788243322d302dab9776da1cb816de9174b5046372e917637ae.jpg,Used,Toyota,Prado,TXL,2020,94000,SUV,,Gasoline,,,,,GCC Specs,,,,,,Muscat,Ghubrah,Autos,Cars For Sale,,,,
هوندا اكورد 2024,"6,000 OMR",https://om.opensooq.com/en/search/285026376,https://opensooq-images.os-cdn.com/previews/2048x0/f6/4c/f64cd8c1fc15fbbe017708b99be39ab6f7b7019b246ea7c992adf71f69096ca5.jpg,Used,Honda,Accord,EX,2024,50000,Sedan,,Gasoline,,,,,American Specs,,,,,,Muscat,Al Maabilah,Autos,Cars For Sale,,,,
جيب رانجلر سبورت JL اربعة ابواب خليجي وكالة عمان 2020,"11,900 OMR",https://om.opensooq.com/en/search/285026380,https://opensooq-images.os-cdn.com/previews/2048x0/b1/11/b111a8900affddbe7f4814813c2c9267ccf16b879d1a22b131a8e8dce109a3e8.jpg,Used,Jeep,Wrangler,Sport,2020,94000,SUV,,Gasoline,,,,,GCC Specs,,,,,,Muscat,Ghubrah,Autos,Cars For Sale,,,,
جيب رانجلر JK روبيكون خليجي وكالة عمان 2017,"7,900 OMR",https://om.opensooq.com/en/search/285026308,https://opensooq-images.os-cdn.com/previews/2048x0/45/ce/45ce81c437c4ad4e41f150595cc64c4fa1248603b15c2a92f5cfcd48dc894f26.jpg,Used,Jeep,Wrangler,Rubicon,2017,105000,SUV,,Gasoline,,,,,GCC Specs,,,,,,Muscat,Ghubrah,Autos,Cars For Sale,,,,
جمس سيرا غماره AT4  رقم 1 محرك 5.3 خليجي 2022,"17,700 OMR",https://om.opensooq.com/en/search/285026274,https://opensooq-images.os-cdn.com/previews/2048x0/79/a8/79a8b2d8eb0dc4b2d758afe8067315a48fd4715bc0efa23b9b2e518e379d47b7.jpg,Used,GMC,Sierra,"1,500 AT4",2022,51000,PickUp,,Gasoline,,,,,GCC Specs,,,,,,Muscat,Ghubrah,Autos,Cars For Sale,,,,
لكزس GX 460 خليجة سيرفس الوكالة 2020,"17,900 OMR",https://om.opensooq.com/en/search/285026254,https://opensooq-images.os-cdn.com/previews/2048x0/cb/da/cbdaf789840559d82d7b10e6f9fecacdc787e26dd21fa94c085da1b0655ad58b.jpg,Used,Lexus,GX,GX 460 Luxury,2020,75000,SUV,,Gasoline,,,,,GCC Specs,,,,,,Muscat,Ghubrah,Autos,Cars For Sale,,,,
جمس سيرا غمارة  AT4  رقم 1 دفع رباعي خليجية 2022,"17,600 OMR",https://om.opensooq.com/en/search/285026230,https://opensooq-images.os-cdn.com/previews/2048x0/eb/5b/eb5b1ad98e73c2346e006a32c44f454892b7e4cd131832dd0f459271b1fd3669.jpg,Used,GMC,Sierra,"1,500 AT4",2022,55000,PickUp,,Gasoline,,,,,GCC Specs,,,,,,Muscat,Ghubrah,Autos,Cars For Sale,,,,
Hyundai Creta 2026 (2027 registered),"2,300 OMR",https://om.opensooq.com/en/search/285026098,https://opensooq-images.os-cdn.com/previews/2048x0/d0/bb/d0bbc618442e14dc13e0f948b93120e633d8e25bab8031dbe07cf892afb904ae.jpg,Used,Hyundai,Creta,Standard,2016,250000,SUV,,Gasoline,,,,,GCC Specs,,,,,,Muscat,Wadi Al Kabir,Autos,Cars For Sale,,,,
بايك هاتشباك 2018 مرخصة بألوان بيج وأبيض مع جنوط وتقنيات AUX USB,"2,300 OMR",https://om.opensooq.com/en/search/285026018,https://opensooq-images.os-cdn.com/previews/2048x0/c0/de/c0defa00768df6222f2b6f2a7d5fccc99655a12901323f8371debf23f38b877f.jpg,Used,BAIC,Other,,2018,87000,HatchBack,,Gasoline,,,,,GCC Specs,,,,,,Al Batinah,Barka,Autos,Cars For Sale,,,,
"Kia Rio Sedan 2014  for Sale  GCC Specs, Excellent Condition, Fully Licensed.","1,400 OMR",https://om.opensooq.com/en/search/285025868,https://opensooq-images.os-cdn.com/previews/2048x0/5f/01/5f012fb11ef34d3ee3e17e573cb6503a70c9bbcaab852fae2c8e294c9bd8535b.jpg,Used,Kia,Rio,Standard,2014,240000,Sedan,,Gasoline,,,,,GCC Specs,,,,,,Muscat,Al-Hail,Autos,Cars For Sale,,,,
سيارة إم جي ZS موديل 2024، هاتشباك، لون أبيض، مستعملة بحالة ممتازة مع مواصفات خليجية,"7,500 OMR",https://om.opensooq.com/en/search/285025186,https://opensooq-images.os-cdn.com/previews/2048x0/dd/85/dd8595c9e487eacb89df8b6f7271ed8789fbbd91210f5a38aca79a05e1111c10.jpg,Used,MG,MG ZS,,2024,28000,HatchBack,,Gasoline,,,,,GCC Specs,,,,,,Dhofar,Salala,Autos,Cars For Sale,,,,
urgent seal landcruser model 2019,"12,500 OMR",https://om.opensooq.com/en/search/285025828,https://opensooq-images.os-cdn.com/previews/2048x0/70/16/7016669ecf15a27e67897506f6a29f879da9ea704a165c1378f277b963bc0b75.jpg,Used,Toyota,Land Cruiser,GR,2019,190000,SUV,,Gasoline,,,,,GCC Specs,,,,,,Muscat,Al Khoud,Autos,Cars For Sale,,,,
سياره باتفندار 2014,"1,800 OMR",https://om.opensooq.com/en/search/284575540,https://opensooq-images.os-cdn.com/previews/2048x0/f7/77/f777fd28131cad1a8f7d14e10adf66b468ebc304bfd0c46631c4999b6f954f4f.jpg,Used,Nissan,Pathfinder,SL,2014,305193,SUV,,Gasoline,,,,,American Specs,,,,,,Buraimi,Al Buraimi,Autos,Cars For Sale,,,,
لاندكروزر GXR 2021 خليجي نظيف بحاله جيده,"17,800 OMR",https://om.opensooq.com/en/search/285025814,https://opensooq-images.os-cdn.com/previews/2048x0/cd/d5/cdd5b91324bb575638126f8c2bf5bf0cdbe6016cb64e8b8ebe1f08de7b3dc316.jpg,Used,Toyota,Land Cruiser,GXR,2021,135000,SUV,,Gasoline,,,,,GCC Specs,,,,,,Muscat,Al-Hail,Autos,Cars For Sale,,,,
Bmw X 2 S line M kit,"8,700 OMR",https://om.opensooq.com/en/search/285025712,https://opensooq-images.os-cdn.com/previews/2048x0/e8/a3/e8a378724dd837cc6084af62af37a99bb0124b18374afd724905fcac79cf0d1c.jpg,Used,BMW,X2 Series,X2 M,2018,92000,SUV,,Gasoline,,,,,GCC Specs,,,,,,Muscat,Ghubrah,Autos,Cars For Sale,,,,
Jeep Grand Cherokee Limited 80 edition,"11,800 OMR",https://om.opensooq.com/en/search/285025582,https://opensooq-images.os-cdn.com/previews/2048x0/8d/dc/8ddc3225e3a79908514ecbf795d1d931ff03104e3c4f5ed338f97c4ed398f6d1.jpg,Used,Jeep,Grand Cherokee,Limited,2021,98000,SUV,,Gasoline,,,,,GCC Specs,,,,,,Muscat,Ghubrah,Autos,Cars For Sale,,,,
Porsche Macan,"18,500 OMR",https://om.opensooq.com/en/search/285025566,https://opensooq-images.os-cdn.com/previews/2048x0/df/ee/dfee206f9f6311fe85c12f28f59bc3808095c65967f4cff90a91d6eba2e4967e.jpg,Used,Porsche,Macan,Macan,2021,44000,SUV,,Gasoline,,,,,GCC Specs,,,,,,Muscat,Al Khuwair,Autos,Cars For Sale,,,,
باص للبيع مع عقد حكومي,"30,000 OMR",https://om.opensooq.com/en/search/285025526,https://opensooq-images.os-cdn.com/previews/2048x0/0d/35/0d35095d7a73b9a1b03b42fd949f111f64af4f674e93c473611672748e496437.jpg,Used,Mitsubishi,Fuso Rosa,,2014,20000,,,Diesel,,,,,GCC Specs,,,,,,Al Dhahirah,Ibri,Autos,Cars For Sale,,,,
لاندكروزر GXR 2019 خليجي نظيف بحاله جيده,"17,800 OMR",https://om.opensooq.com/en/search/285025390,https://opensooq-images.os-cdn.com/previews/2048x0/dd/d2/ddd242d1aaacc5bedb23d172007c203822860c3add6a8bd3c8c0526f21e32fcf.jpg,Used,Toyota,Land Cruiser,GXR,2019,225000,SUV,,Gasoline,,,,,GCC Specs,,,,,,Muscat,Al-Hail,Autos,Cars For Sale,,,,
Ford Fusion 2014 for Urgent Sale,"2,300 OMR",https://om.opensooq.com/en/search/285025328,https://opensooq-images.os-cdn.com/previews/2048x0/4f/61/4f61d32112bb13f5f4ba91e390118c027bff3e4a7d0c129ed1c8cdd6dba27f16.jpg,Used,Ford,Fusion,Standard,2014,169000,Sedan,,Gasoline,,,,,GCC Specs,,,,,,Muscat,Al Khoud,Autos,Cars For Sale,,,,
لكزس Ls400 موديل 1999,"1,300 OMR",https://om.opensooq.com/en/search/285025274,https://opensooq-images.os-cdn.com/previews/2048x0/7b/c0/7bc0bae50224c9fc7ce06b133a38637d6e0ed9d775f9a843526c774f154332db.jpg,Used,Lexus,LS,LS 400,1999,250000,Sedan,,Gasoline,,,,,American Specs,,,,,,Al Dhahirah,Ibri,Autos,Cars For Sale,,,,
"2007 Toyota Avalon XLE Sedan for Sale - GCC Specs, Excellent Condition","1,300 OMR",https://om.opensooq.com/en/search/285025168,https://opensooq-images.os-cdn.com/previews/2048x0/12/59/12597bbf9fe1e0c4b4e3d9f6f8be9f715cafa7257dbeadd434c34d7907836c17.jpg,Used,Toyota,Avalon,XLE,2007,120000,Sedan,,Gasoline,,,,,GCC Specs,,,,,,Al Sharqiya,Sur,Autos,Cars For Sale,,,,
Pajero Gulf specifications Oman agency   comprehensive insurance agency   maintenance.,"6,800 OMR",https://om.opensooq.com/en/search/285024984,https://opensooq-images.os-cdn.com/previews/2048x0/de/a2/dea28e021d12388ed30216c47d8d1d8841a6e6d40712d17919c1bc37dc43be8b.jpg,New,Mitsubishi,Pajero,GLS,2020,94,SUV,,Gasoline,,,,,GCC Specs,,,,,,Muscat,Al Maabilah,Autos,Cars For Sale,,,,
بيجو بارتنر موديل 2012,750 OMR,https://om.opensooq.com/en/search/284972912,https://opensooq-images.os-cdn.com/previews/2048x0/c9/bf/c9bfd94eccaa805c9f50bd4723062e4cea80d48ac7033b185a8d5c19804df3f4.jpg,Used,Peugeot,Partner,Van Short Body,2012,200000,,,Gasoline,,,,,GCC Specs,,,,,,Muscat,Al Maabilah,Autos,Cars For Sale,,,,
تويوتا كامري 2017,"4,200 OMR",https://om.opensooq.com/en/search/285024632,https://opensooq-images.os-cdn.com/previews/2048x0/31/bb/31bb65cd941f4560de02c3ecb6d112fb00868819fd8cb0cc934fb201cda150f4.jpg,Used,Toyota,Camry,SE,2017,2258,Sedan,,Gasoline,,,,,American Specs,,,,,,Al Dhahirah,Ibri,Autos,Cars For Sale,,,,
Chevrolet Trax 2019 Gcc Oman,"3,800 OMR",https://om.opensooq.com/en/search/285024546,https://opensooq-images.os-cdn.com/previews/2048x0/b5/bf/b5bf4ef4abdb502d9e57bab5b74641676dc3103abd2466d606306d67ce29dce4.jpg,Used,Chevrolet,Trax,Standard,2019,140000,SUV,,Gasoline,,,,,GCC Specs,,,,,,Muscat,Ghubrah,Autos,Cars For Sale,,,,
MG RX8 2021 for sale,"6,800 OMR",https://om.opensooq.com/en/search/285024530,https://opensooq-images.os-cdn.com/previews/2048x0/03/52/0352837c6d1db7ce834ae832adc33336f7e613cbed4bbbcd2508f8113de4a795.jpg,Used,MG,MG RX8,,2022,84000,SUV,,Gasoline,,,,,GCC Specs,,,,,,Muscat,Azaiba,Autos,Cars For Sale,,,,
تيرين SLE 2020 وكالة عمان بحالة ممتازه,"5,200 OMR",https://om.opensooq.com/en/search/285024532,https://opensooq-images.os-cdn.com/previews/2048x0/08/1e/081eebb7aafc7f837d358f84c7f2caac0f45cc009018e20670322e5576489975.jpg,Used,GMC,Terrain,SLE,2020,141000,SUV,,Gasoline,,,,,GCC Specs,,,,,,Muscat,Ghubrah,Autos,Cars For Sale,,,,
للبيع  فورد موستنج EcoBoost موديل 2020,"5,700 OMR",https://om.opensooq.com/en/search/285024490,https://opensooq-images.os-cdn.com/previews/2048x0/5f/86/5f8682fee7209cf06b4dd955671ae9a8b677ddbfd482cd3dff7b245a12bf163f.jpg,Used,Ford,Mustang,EcoBoost,2020,72000,Sedan,,Gasoline,,,,,American Specs,,,,,,Muscat,Halban,Autos,Cars For Sale,,,,
للبيع  BYD Qin Plus 2025,"5,250 OMR",https://om.opensooq.com/en/search/285024274,https://opensooq-images.os-cdn.com/previews/2048x0/3d/be/3dbe5713489ca74dc7b1add5795b43155da5afc10c8c583110d1f5c902bf99e2.jpg,New,BYD,Qin Plus,,2025,0,Sedan,,Plug-in - Hybrid,,,,,GCC Specs,,,,,,Muscat,Halban,Autos,Cars For Sale,,,,
للبيع – Lexus RX 350 موديل 2020,"11,400 OMR",https://om.opensooq.com/en/search/285024086,https://opensooq-images.os-cdn.com/previews/2048x0/c8/d2/c8d2b20e776442352e1d18cb59dea8ae561e90bed023de07923f66d8be567a07.jpg,Used,Lexus,RX,RX 350,2020,140000,SUV,,Gasoline,,,,,American Specs,,,,,,Muscat,Halban,Autos,Cars For Sale,,,,
Toyota Corolla Levin 2019 Full Option,"4,750 OMR",https://om.opensooq.com/en/search/285024478,https://opensooq-images.os-cdn.com/previews/2048x0/d0/69/d06933701d3c5bec5f803d922fc788d53466a9810df56ba79608c409d324d7ac.jpg,Used,Toyota,Corolla,XSE,2019,105985,Sedan,,Hybrid,,,,,Chinese Specs,,,,,,Muscat,Al Maabilah,Autos,Cars For Sale,,,,
التيما 2021 تصدير شخصي,"4,900 OMR",https://om.opensooq.com/en/search/285024440,https://opensooq-images.os-cdn.com/previews/2048x0/a7/fc/a7fc78422fa67cbe27cd65073fb192d1697bd2a67ec337cc9299e61217ba7efe.jpg,Used,Nissan,Altima,SR,2021,123000,Sedan,,Gasoline,,,,,American Specs,,,,,,Muscat,Amerat,Autos,Cars For Sale,,,,
تويوتا لاندكروزر المحرك : 3.5 توين توربو 2022 VX خليجي,"21,500 OMR",https://om.opensooq.com/en/search/285024368,https://opensooq-images.os-cdn.com/previews/2048x0/e2/8b/e28ba6d9574b2542a0fc0e170fe5b756669408fa492d77a5ab4aa24b25159cc8.jpg,Used,Toyota,Land Cruiser,VX,2022,168000,SUV,,Gasoline,,,,,GCC Specs,,,,,,Muscat,Al-Hail,Autos,Cars For Sale,,,,
تويوتا لاندكروزر المحرك : 3.5 توين توربو GXR خليجي 2024,"26,600 OMR",https://om.opensooq.com/en/search/285024304,https://opensooq-images.os-cdn.com/previews/2048x0/bc/7d/bc7d0bde84cb013aa7c7d238fb44f78ec2e228824d7b027dd76fa93b45894574.jpg,Used,Toyota,Land Cruiser,GXR,2024,27000,SUV,,Gasoline,,,,,GCC Specs,,,,,,Muscat,Al-Hail,Autos,Cars For Sale,,,,
جيدا جدا، لا تحتاج صيانة، سبب البيع شرا سيارة كهربائية,"2,450 OMR",https://om.opensooq.com/en/search/285024228,https://opensooq-images.os-cdn.com/previews/2048x0/f3/6e/f36e50ee8cf8b7ec46f4ff61de342e969b233ed52150899250cdc7a120c9c128.jpg,Used,Nissan,Maxima,Standard,2016,1999,Sedan,,Gasoline,,,,,American Specs,,,,,,Al Batinah,Rustaq,Autos,Cars For Sale,,,,
لكزس الدفع الرباعي LX570 2020 خليجي نظيف بحاله جيده,"27,800 OMR",https://om.opensooq.com/en/search/285024232,https://opensooq-images.os-cdn.com/previews/2048x0/da/fb/dafb6cd1a43744bcdc76451cd2b55ae1423609978461b9dc26f9073c1884bd87.jpg,Used,Lexus,LX,LX 570,2020,160000,SUV,,Gasoline,,,,,GCC Specs,,,,,,Muscat,Al-Hail,Autos,Cars For Sale,,,,
2012 Honda CR-V,"2,750 OMR",https://om.opensooq.com/en/search/285024158,https://opensooq-images.os-cdn.com/previews/2048x0/43/74/437465ae639f9e7524c736831e35ff66b6b9781dade7e0502cdcf205b151b6a9.jpg,Used,Honda,CR-V,Standard,2012,240000,SUV,,Gasoline,,,,,GCC Specs,,,,,,Muscat,Al Khuwair,Autos,Cars For Sale,,,,
كورولا هاتشباك 2023 حادث بسيط وجميع الإرباجات سليمة 100%,"5,000 OMR",https://om.opensooq.com/en/search/285024108,https://opensooq-images.os-cdn.com/previews/2048x0/48/c9/48c9cdd9cca462fd7a55fbf89be48bc63113c7dbbe343aa8332dc5c47fa93274.jpg,Used,Toyota,Corolla,Hatchback,2023,100000,HatchBack,,Gasoline,,,,,American Specs,,,,,,Muscat,Al Maabilah,Autos,Cars For Sale,,,,
نيسان أرمادا فورويل SL 2018,"6,900 OMR",https://om.opensooq.com/en/search/285024088,https://opensooq-images.os-cdn.com/previews/2048x0/24/a4/24a4bb6d18ec160940808b18500e1716a581477ed07a4537d0ce1130ec968add.jpg,Used,Nissan,Armada,SL,2018,138000,SUV,,Gasoline,,,,,American Specs,,,,,,Muscat,Al-Hail,Autos,Cars For Sale,,,,
تويوتا كامري موديل 2020 وارد أمريكا,"4,950 OMR",https://om.opensooq.com/en/search/285024034,https://opensooq-images.os-cdn.com/previews/2048x0/9c/83/9c83520cc169b1568d68edb21e30cf83c1dfa2e00c014b9cf891d72cbbe32910.jpg,Used,Toyota,Camry,SE,2020,207000,Sedan,,Gasoline,,,,,American Specs,,,,,,Muscat,Ansab,Autos,Cars For Sale,,,,
نيسان ارمادا 2023,,https://om.opensooq.com/en/search/285024026,https://opensooq-images.os-cdn.com/previews/2048x0/24/a4/24a4bb6d18ec160940808b18500e1716a581477ed07a4537d0ce1130ec968add.jpg,New,Nissan,Armada,,2023,0,Sedan,,Hybrid,,,,,Chinese Specs,,,,,,Muscat,Al-Hail,Autos,Cars For Sale,,,,
إلنترا اقتصادية ونظيفه,"2,150 OMR",https://om.opensooq.com/en/search/285023920,https://opensooq-images.os-cdn.com/previews/2048x0/09/20/09204c821c16bd4fbf8fcf5dc2de425c4f2272d4c675ea77fe6810f805bf17b9.jpg,Used,Hyundai,Elantra,SE,2017,275000,Sedan,,Gasoline,,,,,American Specs,,,,,,Muscat,Al Maabilah,Autos,Cars For Sale,,,,
ميتسوبيشي لانسر GLX 2008 سيارة صالون مليئة بالمميزات بحالة ممتازة,950 OMR,https://om.opensooq.com/en/search/285023762,https://opensooq-images.os-cdn.com/previews/2048x0/ba/26/ba263ae9de8672d2ae1887704baee9569c76ac8731205e32ec9ffd6ec6d519a1.jpg,Used,Mitsubishi,Lancer,GLX,2008,257000,Sedan,,Gasoline,,,,,GCC Specs,,,,,,Al Batinah,Barka,Autos,Cars For Sale,,,,
فورد تورس 2014 خليجي وكالة عمان نظيف للبيع او للبدل,"1,700 OMR",https://om.opensooq.com/en/search/285023844,https://opensooq-images.os-cdn.com/previews/2048x0/b2/5e/b25e3ce1f89ffd4986a55f90cd8ad21b043596f83d7dcbe058317c33539a13f2.jpg,Used,Ford,Taurus,SEL,2014,290000,Sedan,,Gasoline,,,,,GCC Specs,,,,,,Al Sharqiya,Al Mudaibi,Autos,Cars For Sale,,,,
تويوتا كامري,"3,850 OMR",https://om.opensooq.com/en/search/284994268,https://opensooq-images.os-cdn.com/previews/2048x0/a0/96/a096072fc742df242f2fe4646dce26d46fc999b092221e56108e2e2b3c8bd4fa.jpg,Used,Toyota,Camry,SE,2017,80000,Sedan,,Gasoline,,,,,American Specs,,,,,,Al Batinah,Barka,Autos,Cars For Sale,,,,
نيسان باترول SE خليجي وكالة عمان,"7,600 OMR",https://om.opensooq.com/en/search/285023790,https://opensooq-images.os-cdn.com/previews/2048x0/77/06/7706192fe297aaaf08f2036d3d4b32787be00b1817dea1fd40d40aaae2361014.jpg,Used,Nissan,Patrol,SE,2016,108000,SUV,,Gasoline,,,,,GCC Specs,,,,,,Muscat,Al-Hail,Autos,Cars For Sale,,,,
جي ام سي سيرا SLT موديل 2019 مع ضمان سنه,"11,900 OMR",https://om.opensooq.com/en/search/285023788,https://opensooq-images.os-cdn.com/previews/2048x0/9b/fc/9bfcc959d56d569caac210f494ca2d07592b698d804bb60177537abfe0d3a2bf.jpg,Used,GMC,Sierra,"1,500 SLT",2019,161000,PickUp,,Gasoline,,,,,American Specs,,,,,,Muscat,Halban,Autos,Cars For Sale,,,,
Nissan urvan 2022 cargo van,"6,800 OMR",https://om.opensooq.com/en/search/285023726,https://opensooq-images.os-cdn.com/previews/2048x0/a1/24/a1244ea1c11f200ca7f3a1cbbe34fe7fb666c41b03d1a0b7f40dcbe4d6ed808d.jpg,Used,Nissan,Urvan,,2022,140000,,,Gasoline,,,,,GCC Specs,,,,,,Muscat,Al-Hail,Autos,Cars For Sale,,,,
لكزس Luxury ES350 Ultra 2019  اعلى فئة جميع الموصفات,"11,900 OMR",https://om.opensooq.com/en/search/285023658,https://opensooq-images.os-cdn.com/previews/2048x0/a0/d7/a0d75d03680aceed738489c707744699a50f165f433909d27bb8d6964413e38b.jpg,Used,Lexus,ES,ES 350 Ultra Luxury,2019,154000,Sedan,,Gasoline,,,,,American Specs,,,,,,Al Sharqiya,Sur,Autos,Cars For Sale,,,,
Lexus 350 F sport 2020 gcc specs( خليجي),"11,800 OMR",https://om.opensooq.com/en/search/285023714,https://opensooq-images.os-cdn.com/previews/2048x0/dd/f1/ddf1810dc1a82c0cbf9dae871c653d0632cf83943aa86fe2a54624ace75fa30e.jpg,Used,Lexus,ES,ES 350 F Sport Design,2020,77000,Sedan,,Gasoline,,,,,GCC Specs,,,,,,Muscat,Al-Hail,Autos,Cars For Sale,,,,
Daihutsu delta 2008,"4,800 OMR",https://om.opensooq.com/en/search/285023676,https://opensooq-images.os-cdn.com/previews/2048x0/3a/56/3a56758f1ffd6779fb4067fb1be86a798bcd2673a50512ed060d4090712aa355.jpg,Used,Daihatsu,Delta,,2008,200000,PickUp,,Diesel,,,,,GCC Specs,,,,,,Muscat,Al-Hail,Autos,Cars For Sale,,,,
LAND ROVER DEFENDER 2022,"24,800 OMR",https://om.opensooq.com/en/search/285023666,https://opensooq-images.os-cdn.com/previews/2048x0/b0/c1/b0c15f5e0cfb473292756308812c716c3e68859014d45b2afcb5736d6880ee6a.jpg,Used,Land Rover,Defender,90 SE,2022,83000,SUV,,Gasoline,,,,,GCC Specs,,,,,,Muscat,Al-Hail,Autos,Cars For Sale,,,,
نيسان باترول مطلعة من الوكالة الاستخدام الأول,"7,100 OMR",https://om.opensooq.com/en/search/285023286,https://opensooq-images.os-cdn.com/previews/2048x0/66/43/664391a13101c75893ac1529cf3b327e25af47c3cc461791ddc5e440b98fc026.jpg,Used,Nissan,Patrol,SE,2017,310000,SUV,,Gasoline,,,,,GCC Specs,,,,,,Muscat,Muttrah,Autos,Cars For Sale,,,,
لكسز 400 موديل 99,"1,550 OMR",https://om.opensooq.com/en/search/285019664,https://opensooq-images.os-cdn.com/previews/2048x0/f3/2e/f32eb08e20a0e3e530b705c5253db0f88f3b86498e7174c5d9118ed3718cf030.jpg,New,Lexus,LS,LS 400,1999,900,Sedan,,Gasoline,,,,,Dealership,,,,,,Al Batinah,Suwaiq,Autos,Cars For Sale,,,,
تويوتا كامري خليجي 2011,"1,600 OMR",https://om.opensooq.com/en/search/285023496,https://opensooq-images.os-cdn.com/previews/2048x0/82/b6/82b606fc7867a6a9bd85ef8a8cf78edb88c0e709763854d46092359ae6a6862c.jpg,Used,Toyota,Camry,GL,2011,492000,Sedan,,Gasoline,,,,,GCC Specs,,,,,,Muscat,Ansab,Autos,Cars For Sale,,,,
Nissan pathfinder,"4,500 OMR",https://om.opensooq.com/en/search/285023338,https://opensooq-images.os-cdn.com/previews/2048x0/67/f6/67f6ee1720b509b5f3444da18ed27ab7eb5141ede6bbe0d96645098492593bf0.jpg,Used,Nissan,Pathfinder,XE,2017,240000,SUV,,Gasoline,,,,,American Specs,,,,,,Al Dakhiliya,Nizwa,Autos,Cars For Sale,,,,
Infinity Q50s 2.T 2019 oman,"4,800 OMR",https://om.opensooq.com/en/search/285023282,https://opensooq-images.os-cdn.com/previews/2048x0/b1/fd/b1fdb18e5200a69711b65f306b276d8192e44ea45915adb9666ba71b8706c917.jpg,Used,Infiniti,Q50,Standard,2019,100102,Sedan,,Gasoline,,,,,GCC Specs,,,,,,Muscat,Al-Hail,Autos,Cars For Sale,,,,
إنفينيتي QX50 موديل 2017 مستعمله,"3,500 OMR",https://om.opensooq.com/en/search/285023260,https://opensooq-images.os-cdn.com/previews/2048x0/45/cc/45cc4acd953fb5f567e8652ee1dfcfeed154ab061779f254b89d1e566e5e60f9.jpg,Used,Infiniti,QX50,Sport,2017,180000,SUV,,Gasoline,,,,,American Specs,,,,,,Muscat,Al Khoud,Autos,Cars For Sale,,,,
تويوتا كامري 2015 XLE نظيف جدا,"3,500 OMR",https://om.opensooq.com/en/search/285022178,https://opensooq-images.os-cdn.com/previews/2048x0/e9/63/e9638e0e1984ab80026e3c95350799f72187244dc10e90b353ee7716b4b8b2b4.jpg,Used,Toyota,Camry,XLE,2015,263000,Sedan,,Gasoline,,,,,American Specs,,,,,,Al Batinah,Rustaq,Autos,Cars For Sale,,,,
تويوتا كامري 2016,"3,500 OMR",https://om.opensooq.com/en/search/285023188,https://opensooq-images.os-cdn.com/previews/2048x0/92/db/92dbdc53513dcd1f53e8a1eee91e907248f7d0d96e12184010bd233d4faa56f5.jpg,Used,Toyota,Camry,SE,2016,380000,Sedan,,Gasoline,,,,,American Specs,,,,,,Al Dakhiliya,Sumail,Autos,Cars For Sale,,,,
تنكر 4 طن خزان كبير دبل 1300 جالون,"3,500 OMR",https://om.opensooq.com/en/search/285023146,https://opensooq-images.os-cdn.com/previews/2048x0/7f/6c/7f6cfa0ec420598540aa6f3dcfb51b79fd7baec4de36053fabb86821833e464e.jpg,Used,Toyota,Dyna,,2008,3000,SUV,,Diesel,,,,,Japanese Specs,,,,,,Muscat,Seeb,Autos,Cars For Sale,,,,
"Toyota RAV 4 , 2013 model for sale","3,300 OMR",https://om.opensooq.com/en/search/285023128,https://opensooq-images.os-cdn.com/previews/2048x0/9d/7d/9d7d3793abe0e38d2548d5e5c92475958aff297e36a77d8956ddcdc1f5599da9.jpg,Used,Toyota,RAV 4,GX,2013,200710,SUV,,Gasoline,,,,,GCC Specs,,,,,,Muscat,Wadi Al Kabir,Autos,Cars For Sale,,,,
نيسان مكسيما 2021 Sv,"5,200 OMR",https://om.opensooq.com/en/search/285023068,https://opensooq-images.os-cdn.com/previews/2048x0/a9/cc/a9cc83c5224d1e3d3fef5629ce71588505f865f0d36dc9f300d836a4167165a1.jpg,Used,Nissan,Maxima,SV,2021,126000,Sedan,,Gasoline,,,,,American Specs,,,,,,Al Dhahirah,Ibri,Autos,Cars For Sale,,,,
لكسز570 بقمة النظافة,"26,500 OMR",https://om.opensooq.com/en/search/285023076,https://opensooq-images.os-cdn.com/previews/2048x0/51/76/517606d73fcbc3b117e8252178be27b1bd9eb5df92cb3c698dfb62e4490a1b8d.jpg,Used,Lexus,LX,LX 570,2019,137000,SUV,,Gasoline,,,,,GCC Specs,,,,,,Muscat,Ghubrah,Autos,Cars For Sale,,,,
دوج تشارجر خليجي v8 ثاني مستخدم مفاتيح الوكالة,"1,750 OMR",https://om.opensooq.com/en/search/285022774,https://opensooq-images.os-cdn.com/previews/2048x0/91/fa/91fadf98666c81ce71cc9b84b0777a508ef0840b80d3b8b550b432a18021ddea.jpg,Used,Dodge,Charger,R/T,2013,2600,SUV,,Gasoline,,,,,GCC Specs,,,,,,Buraimi,Al Buraimi,Autos,Cars For Sale,,,,
لكزس is200t fsport,"4,100 OMR",https://om.opensooq.com/en/search/285022962,https://opensooq-images.os-cdn.com/previews/2048x0/7a/02/7a02fa458e0d0a730f3e883f113e66d600e77db504d5561736adeddd3f3f5c69.jpg,Used,Lexus,IS,IS 200,2016,246000,Sedan,,Gasoline,,,,,American Specs,,,,,,Muscat,Seeb,Autos,Cars For Sale,,,,
Hyundai Accent 2016 model,"1,450 OMR",https://om.opensooq.com/en/search/285014360,https://opensooq-images.os-cdn.com/previews/2048x0/da/a7/daa7f1be2c0999f919b603bfcbffbe32253c902f67f3767e1f1b239b81fb391f.jpg,Used,Hyundai,Accent,Standard,2016,331000,Sedan,,Gasoline,,,,,GCC Specs,,,,,,Muscat,Seeb,Autos,Cars For Sale,,,,
هيونداي جنسس كوبيه 2.0 توربو 2010,"1,400 OMR",https://om.opensooq.com/en/search/283698694,https://opensooq-images.os-cdn.com/previews/2048x0/17/2a/172a5cbf007aadb22e1b197620a452ed620e04e5eb0d92c0e2c999ba3a4eedf3.jpg,Used,Hyundai,Coupe,Standard,2010,204000,Coupe,,Gasoline,,,,,American Specs,,,,,,Muscat,Amerat,Autos,Cars For Sale,,,,
كرولا وكالة بهوان,"1,900 OMR",https://om.opensooq.com/en/search/285022670,https://opensooq-images.os-cdn.com/previews/2048x0/d1/d4/d1d4716249ac11964c5ee4846a0f5d56ff4aa21779728c6674a13d351d2ba565.jpg,Used,Toyota,Corolla,XLI,2013,284000,Sedan,,Gasoline,,,,,GCC Specs,,,,,,Al Batinah,Barka,Autos,Cars For Sale,,,,
تويوتا للبيع كورولا 2019خليجي,"2,850 OMR",https://om.opensooq.com/en/search/285022626,https://opensooq-images.os-cdn.com/previews/2048x0/b8/08/b808fb794b3e800e430c1a41dd52dad47641490c701b9addf92fd44957014ae6.jpg,Used,Toyota,Corolla,XSE,2019,110000,Sedan,,Gasoline,,,,,GCC Specs,,,,,,Muscat,Ansab,Autos,Cars For Sale,,,,
PORSCHE CAYENNE GTS 2013 OMAN DEALER VERY CLEAN,"4,600 OMR",https://om.opensooq.com/en/search/285022602,https://opensooq-images.os-cdn.com/previews/2048x0/3c/7d/3c7dfb09401e873bf4357b5ea7605b725e2ab04df5d9289af534dab802baa4c1.jpg,Used,Porsche,Cayenne,Cayenne GTS,2013,270000,SUV,,Gasoline,,,,,GCC Specs,,,,,,Muscat,Al Khoud,Autos,Cars For Sale,,,,
335 كتM3 مع التصريح,"5,600 OMR",https://om.opensooq.com/en/search/285022590,https://opensooq-images.os-cdn.com/previews/2048x0/07/77/07776d9f5afb9998831126d0933b645643137f6b399cfbafd934fd3bf4c0515e.jpg,Used,BMW,3 Series,335,2014,277000,Sedan,,Gasoline,,,,,American Specs,,,,,,Al Dakhiliya,Nizwa,Autos,Cars For Sale,,,,
رنج ايفوك نظيفة ماعليها كلام  قابل للتفاوض,"7,500 OMR",https://om.opensooq.com/en/search/284420632,https://opensooq-images.os-cdn.com/previews/2048x0/a7/45/a74538c4bf143ef74cb1d6cdc9e1a4f0f2c9d1df49f9ea0080b7df3c5cd7ace4.jpg,Used,Land Rover,Range Rover Evoque,Dynamic,2016,1110,SUV,,Gasoline,,,,,European Specs,,,,,,Muscat,Seeb,Autos,Cars For Sale,,,,
Nissan Altima SR for sale,"4,900 OMR",https://om.opensooq.com/en/search/285022518,https://opensooq-images.os-cdn.com/previews/2048x0/5a/c2/5ac2c02e829898f33cdce2868c427b1d569e051d5d2176afa28c2ec3e8aa1d91.jpg,Used,Nissan,Altima,SR,2019,150000,Sedan,,Gasoline,,,,,American Specs,,,,,,Muscat,Al Maabilah,Autos,Cars For Sale,,,,
مرسدس s350 نضيف دون اي اعطال قمه في النضافه وارد,"3,500 OMR",https://om.opensooq.com/en/search/285022446,https://opensooq-images.os-cdn.com/previews/2048x0/71/b3/71b3e5bb2f1e3f9cd24a87228886b415ea5868d06ea1e081980f609a140549bd.jpg,Used,Mercedes Benz,S-Class,S 350,2011,210000,Sedan,,Gasoline,,,,,Japanese Specs,,,,,,Muscat,Seeb,Autos,Cars For Sale,,,,
Nissan vesa for seals,"3,250 OMR",https://om.opensooq.com/en/search/285022384,https://opensooq-images.os-cdn.com/previews/2048x0/0a/55/0a559c8847223a22d769b23556b08be3ff0bcd4b7322530da18e924ae9ea4de4.jpg,Used,Nissan,Versa,SR,2021,80000,Sedan,,Diesel,,,,,American Specs,,,,,,Muscat,Seeb,Autos,Cars For Sale,,,,
Hyundai sonata 2011,"1,190 OMR",https://om.opensooq.com/en/search/285022298,https://opensooq-images.os-cdn.com/previews/2048x0/44/65/4465b952a149f73ea3aa8d4e71d1d31f486f0bec34efb36569c43d973dc87eaf.jpg,Used,Hyundai,Sonata,Limited,2011,200000,Sedan,,Gasoline,,,,,American Specs,,,,,,Muscat,Al Maabilah,Autos,Cars For Sale,,,,
مرسيدس E350 موديل 2012 البانوراما,"2,700 OMR",https://om.opensooq.com/en/search/285004468,https://opensooq-images.os-cdn.com/previews/2048x0/d5/bf/d5bf0e05b2a3cbaa066747f3e8fe85f8586213d01c2019edb67f27139130b66d.jpg,Used,Mercedes Benz,E-Class,E 350,2012,440000,Sedan,,Gasoline,,,,,American Specs,,,,,,Al Batinah,Saham,Autos,Cars For Sale,,,,
هيونداي سنتافي دفع رباعي المستخدم الاول  وكالة عمان موديل 2015 بدون حوادث فيها صبغة تجميلية للبيــــ,"2,300 OMR",https://om.opensooq.com/en/search/285022212,https://opensooq-images.os-cdn.com/previews/2048x0/ea/e6/eae6b1474bc88581dad338783dd27bcd2bc3a08a871a06d5fe5bace9bc50eb21.jpg,Used,Hyundai,Santa Fe,Standard,2015,185000,SUV,,Gasoline,,,,,GCC Specs,,,,,,Muscat,Al Mawaleh,Autos,Cars For Sale,,,,
تويوتا كرولا 2019 للبيع تكملة اقساط او البدل بدفع رباعي,"5,300 OMR",https://om.opensooq.com/en/search/285022192,https://opensooq-images.os-cdn.com/previews/2048x0/3e/a6/3ea6f1b690b73ae282896592dcec414f91b8c5c3bab0962a0c463728f612bf81.jpg,Used,Toyota,Corolla,XSE,2019,190000,HatchBack,,Gasoline,,,,,American Specs,,,,,,Muscat,Amerat,Autos,Cars For Sale,,,,
لكزس ES350 موديل 2008 وارد امريكي 6 سلندر للبيـــــــــــــع,"1,950 OMR",https://om.opensooq.com/en/search/285022186,https://opensooq-images.os-cdn.com/previews/2048x0/57/94/57948380b73a909a4122a365588b7b28b23ea53f9dd44f3b04ec9e12817f0fe3.jpg,Used,Lexus,ES,ES 350,2008,60000,SUV,,Gasoline,,,,,American Specs,,,,,,Muscat,Al Maabilah,Autos,Cars For Sale,,,,
